payment_id,transaction_id,status,failure_reason,amount,timestamp,is_recoverable
PAY000001,TXN000001,SUCCESS,,2899.0,2026-06-22 05:49:00,0
PAY000002,TXN000002,SUCCESS,,3499.0,2026-05-14 09:33:00,0
PAY000003,TXN000003,SUCCESS,,1899.0,2026-06-15 05:23:00,0
PAY000004,TXN000004,SUCCESS,,4999.0,2026-05-19 20:15:00,0
PAY000005,TXN000005,SUCCESS,,699.0,2026-06-12 00:22:00,0
PAY000006,TXN000006,SUCCESS,,1699.0,2026-05-23 19:10:00,0
PAY000007,TXN000007,SUCCESS,,2499.0,2026-05-21 18:46:00,0
PAY000008,TXN000008,SUCCESS,,849.0,2026-06-22 18:50:00,0
PAY000009,TXN000009,SUCCESS,,3899.0,2026-05-11 08:38:00,0
PAY000010,TXN000010,SUCCESS,,1499.0,2026-05-20 00:37:00,0
PAY000011,TXN000011,SUCCESS,,1699.0,2026-04-24 19:25:00,0
PAY000012,TXN000012,SUCCESS,,3499.0,2026-05-17 20:45:00,0
PAY000013,TXN000013,SUCCESS,,1699.0,2026-05-31 09:17:00,0
PAY000014,TXN000014,SUCCESS,,1999.0,2026-06-16 22:44:00,0
PAY000015,TXN000015,SUCCESS,,4999.0,2026-04-25 23:28:00,0
PAY000016,TXN000016,SUCCESS,,2999.0,2026-04-30 09:42:00,0
PAY000017,TXN000017,SUCCESS,,1499.0,2026-05-20 18:55:00,0
PAY000018,TXN000018,SUCCESS,,2899.0,2026-04-23 18:00:00,0
PAY000019,TXN000019,SUCCESS,,1499.0,2026-06-03 13:33:00,0
PAY000020,TXN000020,SUCCESS,,3899.0,2026-05-06 14:08:00,0
PAY000021,TXN000021,SUCCESS,,1199.0,2026-06-27 20:15:00,0
PAY000022,TXN000022,SUCCESS,,2499.0,2026-06-22 09:49:00,0
PAY000023,TXN000023,SUCCESS,,3899.0,2026-06-21 16:08:00,0
PAY000024,TXN000024,SUCCESS,,799.0,2026-05-12 20:20:00,0
PAY000025,TXN000025,SUCCESS,,649.0,2026-06-28 22:17:00,0
PAY000026,TXN000026,SUCCESS,,4999.0,2026-06-22 16:58:00,0
PAY000027,TXN000027,SUCCESS,,2499.0,2026-05-16 18:54:00,0
PAY000028,TXN000028,SUCCESS,,899.0,2026-04-15 08:42:00,0
PAY000029,TXN000029,SUCCESS,,1999.0,2026-05-11 13:59:00,0
PAY000030,TXN000030,SUCCESS,,3899.0,2026-06-03 06:13:00,0
PAY000031,TXN000031,SUCCESS,,3899.0,2026-05-24 14:51:00,0
PAY000032,TXN000032,SUCCESS,,1799.0,2026-06-29 17:05:00,0
PAY000033,TXN000033,SUCCESS,,3499.0,2026-06-26 10:24:00,0
PAY000034,TXN000034,SUCCESS,,3899.0,2026-04-22 08:41:00,0
PAY000035,TXN000035,SUCCESS,,1499.0,2026-05-09 14:06:00,0
PAY000036,TXN000036,SUCCESS,,2899.0,2026-06-08 03:21:00,0
PAY000037,TXN000037,SUCCESS,,1499.0,2026-06-17 05:18:00,0
PAY000038,TXN000038,SUCCESS,,699.0,2026-04-21 20:19:00,0
PAY000039,TXN000039,SUCCESS,,899.0,2026-06-23 02:54:00,0
PAY000040,TXN000040,SUCCESS,,999.0,2026-05-19 23:52:00,0
PAY000041,TXN000041,SUCCESS,,1299.0,2026-06-19 01:21:00,0
PAY000042,TXN000042,SUCCESS,,1499.0,2026-05-21 19:32:00,0
PAY000043,TXN000043,SUCCESS,,899.0,2026-04-18 06:24:00,0
PAY000044,TXN000044,SUCCESS,,649.0,2026-05-08 06:00:00,0
PAY000045,TXN000045,SUCCESS,,1299.0,2026-05-07 02:07:00,0
PAY000046,TXN000046,SUCCESS,,649.0,2026-04-30 20:32:00,0
PAY000047,TXN000047,SUCCESS,,999.0,2026-04-22 07:49:00,0
PAY000048,TXN000048,SUCCESS,,2499.0,2026-05-27 06:03:00,0
PAY000049,TXN000049,SUCCESS,,1899.0,2026-06-22 08:03:00,0
PAY000050,TXN000050,SUCCESS,,849.0,2026-06-27 16:23:00,0
PAY000051,TXN000051,SUCCESS,,749.0,2026-06-04 09:25:00,0
PAY000052,TXN000052,SUCCESS,,999.0,2026-06-11 23:35:00,0
PAY000053,TXN000053,SUCCESS,,749.0,2026-05-25 06:31:00,0
PAY000054,TXN000054,SUCCESS,,2499.0,2026-05-11 23:28:00,0
PAY000055,TXN000055,SUCCESS,,1299.0,2026-04-13 13:50:00,0
PAY000056,TXN000056,SUCCESS,,1199.0,2026-05-05 05:49:00,0
PAY000057,TXN000057,SUCCESS,,749.0,2026-06-12 19:38:00,0
PAY000058,TXN000058,SUCCESS,,999.0,2026-06-02 08:44:00,0
PAY000059,TXN000059,SUCCESS,,1499.0,2026-04-25 23:36:00,0
PAY000060,TXN000060,SUCCESS,,2999.0,2026-06-26 09:19:00,0
PAY000061,TXN000061,SUCCESS,,849.0,2026-05-27 02:23:00,0
PAY000062,TXN000062,SUCCESS,,1999.0,2026-05-13 23:23:00,0
PAY000063,TXN000063,SUCCESS,,2499.0,2026-04-26 02:36:00,0
PAY000064,TXN000064,SUCCESS,,1299.0,2026-04-25 22:38:00,0
PAY000065,TXN000065,SUCCESS,,1799.0,2026-04-29 19:04:00,0
PAY000066,TXN000066,SUCCESS,,1199.0,2026-05-06 05:46:00,0
PAY000067,TXN000067,SUCCESS,,1899.0,2026-06-04 06:49:00,0
PAY000068,TXN000068,SUCCESS,,1699.0,2026-06-15 13:46:00,0
PAY000069,TXN000069,SUCCESS,,649.0,2026-06-16 19:17:00,0
PAY000070,TXN000070,SUCCESS,,1499.0,2026-04-17 05:19:00,0
PAY000071,TXN000071,SUCCESS,,4999.0,2026-05-31 09:52:00,0
PAY000072,TXN000072,SUCCESS,,2899.0,2026-06-13 14:28:00,0
PAY000073,TXN000073,SUCCESS,,1199.0,2026-06-24 05:44:00,0
PAY000074,TXN000074,SUCCESS,,849.0,2026-05-10 15:24:00,0
PAY000075,TXN000075,SUCCESS,,899.0,2026-06-21 04:32:00,0
PAY000076,TXN000076,SUCCESS,,999.0,2026-05-01 05:46:00,0
PAY000077,TXN000077,SUCCESS,,1699.0,2026-06-12 16:08:00,0
PAY000078,TXN000078,SUCCESS,,1699.0,2026-04-27 02:50:00,0
PAY000079,TXN000079,SUCCESS,,649.0,2026-05-03 15:23:00,0
PAY000080,TXN000080,SUCCESS,,1999.0,2026-06-15 07:59:00,0
PAY000081,TXN000081,SUCCESS,,849.0,2026-05-09 06:22:00,0
PAY000082,TXN000082,SUCCESS,,999.0,2026-04-13 15:58:00,0
PAY000083,TXN000083,SUCCESS,,3899.0,2026-04-28 07:55:00,0
PAY000084,TXN000084,SUCCESS,,1199.0,2026-04-14 17:08:00,0
PAY000085,TXN000085,SUCCESS,,799.0,2026-04-25 21:37:00,0
PAY000086,TXN000086,SUCCESS,,799.0,2026-06-01 19:10:00,0
PAY000087,TXN000087,SUCCESS,,1799.0,2026-04-16 12:24:00,0
PAY000088,TXN000088,SUCCESS,,1199.0,2026-05-29 19:11:00,0
PAY000089,TXN000089,SUCCESS,,2499.0,2026-05-25 15:04:00,0
PAY000090,TXN000090,SUCCESS,,1899.0,2026-06-07 10:15:00,0
PAY000091,TXN000091,SUCCESS,,4999.0,2026-04-18 18:53:00,0
PAY000092,TXN000092,SUCCESS,,1999.0,2026-06-04 12:09:00,0
PAY000093,TXN000093,SUCCESS,,3499.0,2026-06-11 21:19:00,0
PAY000094,TXN000094,SUCCESS,,1899.0,2026-04-23 21:24:00,0
PAY000095,TXN000095,SUCCESS,,1899.0,2026-05-12 04:34:00,0
PAY000096,TXN000096,SUCCESS,,3899.0,2026-05-01 05:37:00,0
PAY000097,TXN000097,SUCCESS,,999.0,2026-05-30 01:24:00,0
PAY000098,TXN000098,SUCCESS,,1199.0,2026-06-16 03:32:00,0
PAY000099,TXN000099,SUCCESS,,2899.0,2026-06-19 04:28:00,0
PAY000100,TXN000100,SUCCESS,,649.0,2026-04-21 15:16:00,0
PAY000101,TXN000101,SUCCESS,,699.0,2026-06-10 22:20:00,0
PAY000102,TXN000102,SUCCESS,,2499.0,2026-06-12 19:01:00,0
PAY000103,TXN000103,SUCCESS,,2499.0,2026-06-23 02:46:00,0
PAY000104,TXN000104,SUCCESS,,699.0,2026-05-12 22:21:00,0
PAY000105,TXN000105,SUCCESS,,899.0,2026-04-16 09:11:00,0
PAY000106,TXN000106,SUCCESS,,999.0,2026-05-06 10:48:00,0
PAY000107,TXN000107,SUCCESS,,849.0,2026-05-26 04:58:00,0
PAY000108,TXN000108,SUCCESS,,849.0,2026-04-25 12:46:00,0
PAY000109,TXN000109,SUCCESS,,699.0,2026-05-16 03:19:00,0
PAY000110,TXN000110,SUCCESS,,2899.0,2026-06-20 02:11:00,0
PAY000111,TXN000111,SUCCESS,,1999.0,2026-04-17 04:27:00,0
PAY000112,TXN000112,SUCCESS,,2499.0,2026-06-19 17:42:00,0
PAY000113,TXN000113,SUCCESS,,3899.0,2026-04-17 23:38:00,0
PAY000114,TXN000114,SUCCESS,,1899.0,2026-06-02 15:48:00,0
PAY000115,TXN000115,SUCCESS,,1999.0,2026-04-19 10:44:00,0
PAY000116,TXN000116,SUCCESS,,849.0,2026-06-17 17:56:00,0
PAY000117,TXN000117,SUCCESS,,3499.0,2026-04-27 02:04:00,0
PAY000118,TXN000118,SUCCESS,,749.0,2026-05-29 12:32:00,0
PAY000119,TXN000119,SUCCESS,,749.0,2026-05-01 03:12:00,0
PAY000120,TXN000120,SUCCESS,,2999.0,2026-05-03 16:05:00,0
PAY000121,TXN000121,SUCCESS,,3499.0,2026-05-29 08:36:00,0
PAY000122,TXN000122,SUCCESS,,1299.0,2026-05-21 21:38:00,0
PAY000123,TXN000123,SUCCESS,,4999.0,2026-05-29 03:42:00,0
PAY000124,TXN000124,SUCCESS,,649.0,2026-06-21 17:01:00,0
PAY000125,TXN000125,SUCCESS,,649.0,2026-05-17 04:03:00,0
PAY000126,TXN000126,SUCCESS,,1499.0,2026-04-29 04:45:00,0
PAY000127,TXN000127,SUCCESS,,1899.0,2026-06-05 03:48:00,0
PAY000128,TXN000128,SUCCESS,,1699.0,2026-05-17 06:11:00,0
PAY000129,TXN000129,SUCCESS,,2499.0,2026-04-28 16:00:00,0
PAY000130,TXN000130,SUCCESS,,699.0,2026-04-30 23:21:00,0
PAY000131,TXN000131,SUCCESS,,749.0,2026-05-26 19:49:00,0
PAY000132,TXN000132,SUCCESS,,849.0,2026-05-26 22:46:00,0
PAY000133,TXN000133,SUCCESS,,1199.0,2026-06-24 18:09:00,0
PAY000134,TXN000134,SUCCESS,,3899.0,2026-06-26 18:38:00,0
PAY000135,TXN000135,SUCCESS,,2899.0,2026-05-04 07:16:00,0
PAY000136,TXN000136,SUCCESS,,649.0,2026-06-30 10:17:00,0
PAY000137,TXN000137,SUCCESS,,3499.0,2026-05-20 23:21:00,0
PAY000138,TXN000138,SUCCESS,,2899.0,2026-04-22 02:45:00,0
PAY000139,TXN000139,SUCCESS,,1699.0,2026-05-18 23:49:00,0
PAY000140,TXN000140,SUCCESS,,1499.0,2026-05-08 12:12:00,0
PAY000141,TXN000141,SUCCESS,,1999.0,2026-05-26 20:49:00,0
PAY000142,TXN000142,SUCCESS,,749.0,2026-06-02 07:14:00,0
PAY000143,TXN000143,SUCCESS,,1299.0,2026-04-20 21:06:00,0
PAY000144,TXN000144,SUCCESS,,1199.0,2026-05-02 10:49:00,0
PAY000145,TXN000145,SUCCESS,,1199.0,2026-04-25 17:14:00,0
PAY000146,TXN000146,SUCCESS,,999.0,2026-05-24 02:25:00,0
PAY000147,TXN000147,SUCCESS,,699.0,2026-05-12 07:16:00,0
PAY000148,TXN000148,SUCCESS,,1899.0,2026-05-01 14:54:00,0
PAY000149,TXN000149,SUCCESS,,649.0,2026-05-28 23:37:00,0
PAY000150,TXN000150,SUCCESS,,1899.0,2026-05-18 10:34:00,0
PAY000151,TXN000151,SUCCESS,,1699.0,2026-06-05 16:24:00,0
PAY000152,TXN000152,SUCCESS,,2899.0,2026-05-25 23:40:00,0
PAY000153,TXN000153,SUCCESS,,999.0,2026-05-05 08:36:00,0
PAY000154,TXN000154,SUCCESS,,2999.0,2026-06-13 05:20:00,0
PAY000155,TXN000155,SUCCESS,,649.0,2026-05-08 14:21:00,0
PAY000156,TXN000156,SUCCESS,,2499.0,2026-06-21 05:39:00,0
PAY000157,TXN000157,SUCCESS,,649.0,2026-05-24 12:43:00,0
PAY000158,TXN000158,SUCCESS,,1999.0,2026-05-27 20:11:00,0
PAY000159,TXN000159,SUCCESS,,749.0,2026-04-25 20:34:00,0
PAY000160,TXN000160,SUCCESS,,4999.0,2026-06-15 03:18:00,0
PAY000161,TXN000161,SUCCESS,,2499.0,2026-06-05 05:35:00,0
PAY000162,TXN000162,SUCCESS,,2499.0,2026-05-01 17:57:00,0
PAY000163,TXN000163,SUCCESS,,1999.0,2026-04-25 08:54:00,0
PAY000164,TXN000164,SUCCESS,,2499.0,2026-05-13 01:46:00,0
PAY000165,TXN000165,SUCCESS,,899.0,2026-05-05 14:52:00,0
PAY000166,TXN000166,SUCCESS,,2899.0,2026-06-28 09:18:00,0
PAY000167,TXN000167,SUCCESS,,649.0,2026-05-01 20:05:00,0
PAY000168,TXN000168,SUCCESS,,3899.0,2026-05-06 06:16:00,0
PAY000169,TXN000169,SUCCESS,,749.0,2026-04-15 20:20:00,0
PAY000170,TXN000170,SUCCESS,,749.0,2026-05-06 18:20:00,0
PAY000171,TXN000171,SUCCESS,,899.0,2026-05-17 19:26:00,0
PAY000172,TXN000172,SUCCESS,,2499.0,2026-05-06 01:37:00,0
PAY000173,TXN000173,SUCCESS,,899.0,2026-06-30 10:27:00,0
PAY000174,TXN000174,SUCCESS,,1199.0,2026-05-18 01:30:00,0
PAY000175,TXN000175,SUCCESS,,999.0,2026-05-01 02:00:00,0
PAY000176,TXN000176,SUCCESS,,899.0,2026-04-16 03:10:00,0
PAY000177,TXN000177,SUCCESS,,1499.0,2026-05-09 17:33:00,0
PAY000178,TXN000178,SUCCESS,,2899.0,2026-05-12 22:46:00,0
PAY000179,TXN000179,SUCCESS,,799.0,2026-05-31 18:12:00,0
PAY000180,TXN000180,SUCCESS,,1699.0,2026-05-28 01:19:00,0
PAY000181,TXN000181,SUCCESS,,1899.0,2026-05-10 04:06:00,0
PAY000182,TXN000182,SUCCESS,,899.0,2026-06-16 14:31:00,0
PAY000183,TXN000183,SUCCESS,,1899.0,2026-04-30 04:40:00,0
PAY000184,TXN000184,SUCCESS,,699.0,2026-04-24 10:49:00,0
PAY000185,TXN000185,SUCCESS,,899.0,2026-05-28 06:15:00,0
PAY000186,TXN000186,SUCCESS,,1299.0,2026-06-20 07:00:00,0
PAY000187,TXN000187,SUCCESS,,649.0,2026-05-09 01:10:00,0
PAY000188,TXN000188,SUCCESS,,1799.0,2026-05-02 12:10:00,0
PAY000189,TXN000189,SUCCESS,,1199.0,2026-06-24 02:11:00,0
PAY000190,TXN000190,SUCCESS,,3899.0,2026-05-02 05:48:00,0
PAY000191,TXN000191,SUCCESS,,1899.0,2026-05-14 10:53:00,0
PAY000192,TXN000192,SUCCESS,,1999.0,2026-05-06 03:13:00,0
PAY000193,TXN000193,SUCCESS,,1499.0,2026-05-04 07:27:00,0
PAY000194,TXN000194,SUCCESS,,1499.0,2026-05-01 22:17:00,0
PAY000195,TXN000195,SUCCESS,,649.0,2026-06-10 14:14:00,0
PAY000196,TXN000196,SUCCESS,,849.0,2026-06-16 02:30:00,0
PAY000197,TXN000197,SUCCESS,,1499.0,2026-05-16 09:05:00,0
PAY000198,TXN000198,SUCCESS,,3499.0,2026-05-31 14:33:00,0
PAY000199,TXN000199,SUCCESS,,2899.0,2026-05-26 16:53:00,0
PAY000200,TXN000200,SUCCESS,,1299.0,2026-06-30 09:23:00,0
PAY000201,TXN000201,SUCCESS,,999.0,2026-04-16 06:37:00,0
PAY000202,TXN000202,SUCCESS,,1299.0,2026-06-10 19:55:00,0
PAY000203,TXN000203,SUCCESS,,699.0,2026-06-23 23:19:00,0
PAY000204,TXN000204,SUCCESS,,3899.0,2026-06-18 06:29:00,0
PAY000205,TXN000205,SUCCESS,,3899.0,2026-05-17 20:14:00,0
PAY000206,TXN000206,SUCCESS,,1999.0,2026-05-17 06:44:00,0
PAY000207,TXN000207,SUCCESS,,999.0,2026-05-05 17:42:00,0
PAY000208,TXN000208,SUCCESS,,1499.0,2026-04-20 05:26:00,0
PAY000209,TXN000209,SUCCESS,,2999.0,2026-05-26 15:02:00,0
PAY000210,TXN000210,SUCCESS,,2899.0,2026-06-22 18:51:00,0
PAY000211,TXN000211,SUCCESS,,1899.0,2026-04-22 23:31:00,0
PAY000212,TXN000212,SUCCESS,,849.0,2026-05-14 05:04:00,0
PAY000213,TXN000213,SUCCESS,,1799.0,2026-06-01 00:14:00,0
PAY000214,TXN000214,SUCCESS,,1999.0,2026-06-06 18:17:00,0
PAY000215,TXN000215,SUCCESS,,3899.0,2026-06-11 15:42:00,0
PAY000216,TXN000216,SUCCESS,,649.0,2026-06-17 07:27:00,0
PAY000217,TXN000217,SUCCESS,,699.0,2026-06-15 05:05:00,0
PAY000218,TXN000218,SUCCESS,,3499.0,2026-04-30 04:54:00,0
PAY000219,TXN000219,SUCCESS,,1999.0,2026-04-29 18:21:00,0
PAY000220,TXN000220,SUCCESS,,1899.0,2026-06-24 23:46:00,0
PAY000221,TXN000221,SUCCESS,,4999.0,2026-06-04 14:29:00,0
PAY000222,TXN000222,SUCCESS,,2499.0,2026-05-02 14:57:00,0
PAY000223,TXN000223,SUCCESS,,799.0,2026-05-14 12:57:00,0
PAY000224,TXN000224,SUCCESS,,849.0,2026-06-26 08:07:00,0
PAY000225,TXN000225,SUCCESS,,1499.0,2026-04-26 07:54:00,0
PAY000226,TXN000226,SUCCESS,,3899.0,2026-05-13 04:48:00,0
PAY000227,TXN000227,SUCCESS,,1299.0,2026-04-19 14:49:00,0
PAY000228,TXN000228,SUCCESS,,3899.0,2026-05-09 07:11:00,0
PAY000229,TXN000229,SUCCESS,,2999.0,2026-05-08 07:50:00,0
PAY000230,TXN000230,SUCCESS,,3899.0,2026-05-10 18:39:00,0
PAY000231,TXN000231,SUCCESS,,3899.0,2026-04-15 20:01:00,0
PAY000232,TXN000232,SUCCESS,,649.0,2026-04-22 00:06:00,0
PAY000233,TXN000233,SUCCESS,,799.0,2026-05-20 15:45:00,0
PAY000234,TXN000234,SUCCESS,,1999.0,2026-04-22 02:37:00,0
PAY000235,TXN000235,SUCCESS,,2999.0,2026-05-12 10:14:00,0
PAY000236,TXN000236,SUCCESS,,899.0,2026-04-16 10:27:00,0
PAY000237,TXN000237,SUCCESS,,899.0,2026-07-01 01:46:00,0
PAY000238,TXN000238,SUCCESS,,4999.0,2026-05-26 17:28:00,0
PAY000239,TXN000239,SUCCESS,,749.0,2026-06-12 07:58:00,0
PAY000240,TXN000240,SUCCESS,,1199.0,2026-06-14 02:37:00,0
PAY000241,TXN000241,SUCCESS,,1299.0,2026-06-02 02:09:00,0
PAY000242,TXN000242,SUCCESS,,749.0,2026-05-10 16:02:00,0
PAY000243,TXN000243,SUCCESS,,649.0,2026-05-01 05:29:00,0
PAY000244,TXN000244,SUCCESS,,749.0,2026-06-18 15:19:00,0
PAY000245,TXN000245,SUCCESS,,749.0,2026-05-14 08:11:00,0
PAY000246,TXN000246,SUCCESS,,1799.0,2026-05-06 21:01:00,0
PAY000247,TXN000247,SUCCESS,,1299.0,2026-04-15 10:20:00,0
PAY000248,TXN000248,SUCCESS,,1999.0,2026-06-25 01:27:00,0
PAY000249,TXN000249,SUCCESS,,3899.0,2026-04-20 06:40:00,0
PAY000250,TXN000250,SUCCESS,,1299.0,2026-06-12 09:17:00,0
PAY000251,TXN000251,SUCCESS,,2999.0,2026-04-15 16:28:00,0
PAY000252,TXN000252,SUCCESS,,799.0,2026-05-24 22:51:00,0
PAY000253,TXN000253,SUCCESS,,2499.0,2026-05-01 16:13:00,0
PAY000254,TXN000254,SUCCESS,,1999.0,2026-05-29 08:35:00,0
PAY000255,TXN000255,SUCCESS,,1199.0,2026-06-13 19:25:00,0
PAY000256,TXN000256,SUCCESS,,1999.0,2026-04-19 04:25:00,0
PAY000257,TXN000257,SUCCESS,,1299.0,2026-05-31 08:43:00,0
PAY000258,TXN000258,SUCCESS,,649.0,2026-04-19 08:53:00,0
PAY000259,TXN000259,SUCCESS,,799.0,2026-05-15 23:48:00,0
PAY000260,TXN000260,SUCCESS,,1699.0,2026-06-28 01:50:00,0
PAY000261,TXN000261,SUCCESS,,1699.0,2026-05-05 15:51:00,0
PAY000262,TXN000262,SUCCESS,,1299.0,2026-06-05 13:37:00,0
PAY000263,TXN000263,SUCCESS,,2499.0,2026-06-17 09:45:00,0
PAY000264,TXN000264,SUCCESS,,899.0,2026-06-30 00:16:00,0
PAY000265,TXN000265,SUCCESS,,899.0,2026-05-04 19:59:00,0
PAY000266,TXN000266,SUCCESS,,3899.0,2026-06-04 04:26:00,0
PAY000267,TXN000267,SUCCESS,,1899.0,2026-04-21 19:21:00,0
PAY000268,TXN000268,SUCCESS,,4999.0,2026-05-13 16:03:00,0
PAY000269,TXN000269,SUCCESS,,699.0,2026-05-30 05:57:00,0
PAY000270,TXN000270,SUCCESS,,1699.0,2026-05-28 09:31:00,0
PAY000271,TXN000271,SUCCESS,,4999.0,2026-06-22 22:18:00,0
PAY000272,TXN000272,SUCCESS,,3499.0,2026-06-29 01:05:00,0
PAY000273,TXN000273,SUCCESS,,1999.0,2026-06-01 22:28:00,0
PAY000274,TXN000274,SUCCESS,,3499.0,2026-05-21 19:05:00,0
PAY000275,TXN000275,SUCCESS,,2499.0,2026-06-08 04:28:00,0
PAY000276,TXN000276,SUCCESS,,3899.0,2026-06-29 09:45:00,0
PAY000277,TXN000277,SUCCESS,,649.0,2026-04-29 22:13:00,0
PAY000278,TXN000278,SUCCESS,,1799.0,2026-05-16 23:20:00,0
PAY000279,TXN000279,SUCCESS,,849.0,2026-05-27 09:20:00,0
PAY000280,TXN000280,SUCCESS,,1999.0,2026-06-27 17:43:00,0
PAY000281,TXN000281,SUCCESS,,649.0,2026-05-11 13:52:00,0
PAY000282,TXN000282,SUCCESS,,849.0,2026-04-13 14:17:00,0
PAY000283,TXN000283,SUCCESS,,1299.0,2026-04-19 06:33:00,0
PAY000284,TXN000284,SUCCESS,,1699.0,2026-05-19 20:26:00,0
PAY000285,TXN000285,SUCCESS,,1199.0,2026-04-17 17:17:00,0
PAY000286,TXN000286,SUCCESS,,1199.0,2026-05-22 12:15:00,0
PAY000287,TXN000287,SUCCESS,,1199.0,2026-05-07 06:19:00,0
PAY000288,TXN000288,SUCCESS,,649.0,2026-06-22 17:26:00,0
PAY000289,TXN000289,SUCCESS,,3499.0,2026-06-08 00:07:00,0
PAY000290,TXN000290,SUCCESS,,4999.0,2026-05-21 21:34:00,0
PAY000291,TXN000291,SUCCESS,,1899.0,2026-06-12 04:54:00,0
PAY000292,TXN000292,SUCCESS,,1699.0,2026-04-14 02:22:00,0
PAY000293,TXN000293,SUCCESS,,1299.0,2026-04-16 03:46:00,0
PAY000294,TXN000294,SUCCESS,,1799.0,2026-06-20 12:11:00,0
PAY000295,TXN000295,SUCCESS,,1699.0,2026-05-01 12:19:00,0
PAY000296,TXN000296,SUCCESS,,1999.0,2026-04-29 19:52:00,0
PAY000297,TXN000297,SUCCESS,,1299.0,2026-06-26 21:12:00,0
PAY000298,TXN000298,SUCCESS,,1899.0,2026-05-10 03:13:00,0
PAY000299,TXN000299,SUCCESS,,1499.0,2026-06-05 08:49:00,0
PAY000300,TXN000300,SUCCESS,,2999.0,2026-04-13 19:16:00,0
PAY000301,TXN000301,SUCCESS,,2999.0,2026-05-30 21:35:00,0
PAY000302,TXN000302,SUCCESS,,1999.0,2026-05-21 22:21:00,0
PAY000303,TXN000303,SUCCESS,,749.0,2026-04-15 17:27:00,0
PAY000304,TXN000304,SUCCESS,,699.0,2026-04-26 07:32:00,0
PAY000305,TXN000305,SUCCESS,,699.0,2026-05-30 18:26:00,0
PAY000306,TXN000306,SUCCESS,,699.0,2026-04-20 22:27:00,0
PAY000307,TXN000307,SUCCESS,,699.0,2026-06-07 01:32:00,0
PAY000308,TXN000308,SUCCESS,,899.0,2026-05-25 20:50:00,0
PAY000309,TXN000309,SUCCESS,,699.0,2026-04-26 06:31:00,0
PAY000310,TXN000310,SUCCESS,,2999.0,2026-06-19 18:53:00,0
PAY000311,TXN000311,SUCCESS,,749.0,2026-04-23 06:35:00,0
PAY000312,TXN000312,SUCCESS,,2999.0,2026-06-28 05:31:00,0
PAY000313,TXN000313,SUCCESS,,1499.0,2026-05-04 08:44:00,0
PAY000314,TXN000314,SUCCESS,,2899.0,2026-06-16 08:53:00,0
PAY000315,TXN000315,SUCCESS,,1799.0,2026-06-20 18:15:00,0
PAY000316,TXN000316,SUCCESS,,1699.0,2026-06-10 22:25:00,0
PAY000317,TXN000317,SUCCESS,,2899.0,2026-05-19 16:05:00,0
PAY000318,TXN000318,SUCCESS,,1199.0,2026-06-11 06:49:00,0
PAY000319,TXN000319,SUCCESS,,699.0,2026-05-09 01:41:00,0
PAY000320,TXN000320,SUCCESS,,2999.0,2026-05-25 14:49:00,0
PAY000321,TXN000321,SUCCESS,,1199.0,2026-06-06 10:21:00,0
PAY000322,TXN000322,SUCCESS,,4999.0,2026-05-03 19:06:00,0
PAY000323,TXN000323,SUCCESS,,1699.0,2026-04-29 03:47:00,0
PAY000324,TXN000324,SUCCESS,,999.0,2026-05-03 21:32:00,0
PAY000325,TXN000325,SUCCESS,,1699.0,2026-07-01 03:04:00,0
PAY000326,TXN000326,SUCCESS,,3899.0,2026-06-05 09:49:00,0
PAY000327,TXN000327,SUCCESS,,1799.0,2026-06-27 06:06:00,0
PAY000328,TXN000328,SUCCESS,,749.0,2026-04-15 01:39:00,0
PAY000329,TXN000329,SUCCESS,,699.0,2026-06-17 21:49:00,0
PAY000330,TXN000330,SUCCESS,,899.0,2026-04-13 13:16:00,0
PAY000331,TXN000331,SUCCESS,,749.0,2026-04-21 05:31:00,0
PAY000332,TXN000332,SUCCESS,,1799.0,2026-06-27 08:11:00,0
PAY000333,TXN000333,SUCCESS,,1999.0,2026-06-22 21:07:00,0
PAY000334,TXN000334,SUCCESS,,899.0,2026-05-02 06:53:00,0
PAY000335,TXN000335,SUCCESS,,1899.0,2026-05-19 18:34:00,0
PAY000336,TXN000336,SUCCESS,,1499.0,2026-04-14 09:54:00,0
PAY000337,TXN000337,SUCCESS,,849.0,2026-06-19 19:14:00,0
PAY000338,TXN000338,SUCCESS,,799.0,2026-04-15 00:44:00,0
PAY000339,TXN000339,SUCCESS,,1699.0,2026-05-17 06:21:00,0
PAY000340,TXN000340,SUCCESS,,849.0,2026-04-28 19:09:00,0
PAY000341,TXN000341,SUCCESS,,1699.0,2026-06-01 12:42:00,0
PAY000342,TXN000342,SUCCESS,,4999.0,2026-06-16 10:31:00,0
PAY000343,TXN000343,SUCCESS,,1499.0,2026-04-13 21:34:00,0
PAY000344,TXN000344,SUCCESS,,1799.0,2026-04-20 14:47:00,0
PAY000345,TXN000345,SUCCESS,,1499.0,2026-05-26 02:10:00,0
PAY000346,TXN000346,SUCCESS,,849.0,2026-04-22 00:11:00,0
PAY000347,TXN000347,SUCCESS,,649.0,2026-05-18 22:14:00,0
PAY000348,TXN000348,SUCCESS,,4999.0,2026-06-09 04:39:00,0
PAY000349,TXN000349,SUCCESS,,999.0,2026-05-02 09:19:00,0
PAY000350,TXN000350,SUCCESS,,1199.0,2026-05-03 17:03:00,0
PAY000351,TXN000351,SUCCESS,,699.0,2026-04-26 01:24:00,0
PAY000352,TXN000352,SUCCESS,,649.0,2026-04-20 17:59:00,0
PAY000353,TXN000353,SUCCESS,,649.0,2026-05-17 08:51:00,0
PAY000354,TXN000354,SUCCESS,,4999.0,2026-05-18 22:20:00,0
PAY000355,TXN000355,SUCCESS,,2899.0,2026-04-18 15:36:00,0
PAY000356,TXN000356,SUCCESS,,3499.0,2026-05-22 12:06:00,0
PAY000357,TXN000357,SUCCESS,,1899.0,2026-05-10 08:29:00,0
PAY000358,TXN000358,SUCCESS,,1799.0,2026-05-05 01:47:00,0
PAY000359,TXN000359,SUCCESS,,2899.0,2026-06-16 23:10:00,0
PAY000360,TXN000360,SUCCESS,,2499.0,2026-05-05 18:59:00,0
PAY000361,TXN000361,SUCCESS,,849.0,2026-06-12 04:39:00,0
PAY000362,TXN000362,SUCCESS,,849.0,2026-05-23 00:51:00,0
PAY000363,TXN000363,SUCCESS,,3499.0,2026-04-25 13:52:00,0
PAY000364,TXN000364,SUCCESS,,2999.0,2026-05-12 12:05:00,0
PAY000365,TXN000365,SUCCESS,,4999.0,2026-05-23 09:17:00,0
PAY000366,TXN000366,SUCCESS,,2499.0,2026-05-19 20:04:00,0
PAY000367,TXN000367,SUCCESS,,899.0,2026-06-28 16:12:00,0
PAY000368,TXN000368,SUCCESS,,1499.0,2026-05-21 04:48:00,0
PAY000369,TXN000369,SUCCESS,,3899.0,2026-05-21 20:18:00,0
PAY000370,TXN000370,SUCCESS,,1199.0,2026-06-11 02:53:00,0
PAY000371,TXN000371,SUCCESS,,1699.0,2026-04-20 18:54:00,0
PAY000372,TXN000372,SUCCESS,,1799.0,2026-04-22 00:43:00,0
PAY000373,TXN000373,SUCCESS,,899.0,2026-04-19 03:50:00,0
PAY000374,TXN000374,SUCCESS,,649.0,2026-04-22 20:57:00,0
PAY000375,TXN000375,SUCCESS,,999.0,2026-06-25 07:36:00,0
PAY000376,TXN000376,SUCCESS,,799.0,2026-05-12 05:15:00,0
PAY000377,TXN000377,SUCCESS,,749.0,2026-05-04 15:38:00,0
PAY000378,TXN000378,SUCCESS,,1499.0,2026-04-24 08:01:00,0
PAY000379,TXN000379,SUCCESS,,2999.0,2026-04-20 06:55:00,0
PAY000380,TXN000380,SUCCESS,,2999.0,2026-06-18 20:41:00,0
PAY000381,TXN000381,SUCCESS,,999.0,2026-06-02 03:51:00,0
PAY000382,TXN000382,SUCCESS,,1699.0,2026-05-28 23:35:00,0
PAY000383,TXN000383,SUCCESS,,649.0,2026-05-20 20:29:00,0
PAY000384,TXN000384,SUCCESS,,999.0,2026-06-16 23:30:00,0
PAY000385,TXN000385,SUCCESS,,2899.0,2026-05-25 23:22:00,0
PAY000386,TXN000386,SUCCESS,,849.0,2026-06-17 22:08:00,0
PAY000387,TXN000387,SUCCESS,,649.0,2026-04-20 14:56:00,0
PAY000388,TXN000388,SUCCESS,,3899.0,2026-05-02 22:23:00,0
PAY000389,TXN000389,SUCCESS,,1699.0,2026-05-30 17:50:00,0
PAY000390,TXN000390,SUCCESS,,2499.0,2026-05-19 04:08:00,0
PAY000391,TXN000391,SUCCESS,,799.0,2026-05-06 16:10:00,0
PAY000392,TXN000392,SUCCESS,,1299.0,2026-06-08 13:18:00,0
PAY000393,TXN000393,SUCCESS,,749.0,2026-04-30 07:23:00,0
PAY000394,TXN000394,SUCCESS,,649.0,2026-04-21 07:08:00,0
PAY000395,TXN000395,SUCCESS,,899.0,2026-05-11 08:22:00,0
PAY000396,TXN000396,SUCCESS,,1999.0,2026-05-20 19:19:00,0
PAY000397,TXN000397,SUCCESS,,2499.0,2026-06-04 06:04:00,0
PAY000398,TXN000398,SUCCESS,,4999.0,2026-06-12 13:51:00,0
PAY000399,TXN000399,SUCCESS,,899.0,2026-05-12 15:24:00,0
PAY000400,TXN000400,SUCCESS,,1499.0,2026-05-22 01:24:00,0
PAY000401,TXN000401,SUCCESS,,899.0,2026-05-06 12:02:00,0
PAY000402,TXN000402,SUCCESS,,2499.0,2026-04-18 10:21:00,0
PAY000403,TXN000403,SUCCESS,,1199.0,2026-05-25 09:37:00,0
PAY000404,TXN000404,SUCCESS,,699.0,2026-06-30 12:25:00,0
PAY000405,TXN000405,SUCCESS,,1799.0,2026-06-17 01:05:00,0
PAY000406,TXN000406,SUCCESS,,799.0,2026-04-16 22:20:00,0
PAY000407,TXN000407,SUCCESS,,1999.0,2026-05-10 22:33:00,0
PAY000408,TXN000408,SUCCESS,,2899.0,2026-05-02 06:48:00,0
PAY000409,TXN000409,SUCCESS,,799.0,2026-06-12 01:05:00,0
PAY000410,TXN000410,SUCCESS,,1199.0,2026-06-30 08:19:00,0
PAY000411,TXN000411,SUCCESS,,999.0,2026-05-07 06:55:00,0
PAY000412,TXN000412,SUCCESS,,799.0,2026-05-03 12:22:00,0
PAY000413,TXN000413,SUCCESS,,1699.0,2026-06-07 20:28:00,0
PAY000414,TXN000414,SUCCESS,,1999.0,2026-05-17 03:49:00,0
PAY000415,TXN000415,SUCCESS,,4999.0,2026-04-18 19:06:00,0
PAY000416,TXN000416,SUCCESS,,849.0,2026-05-27 21:01:00,0
PAY000417,TXN000417,SUCCESS,,1799.0,2026-06-27 09:24:00,0
PAY000418,TXN000418,SUCCESS,,1799.0,2026-06-16 16:30:00,0
PAY000419,TXN000419,SUCCESS,,2499.0,2026-06-12 18:06:00,0
PAY000420,TXN000420,SUCCESS,,2999.0,2026-04-26 08:27:00,0
PAY000421,TXN000421,SUCCESS,,2499.0,2026-05-30 19:20:00,0
PAY000422,TXN000422,SUCCESS,,2499.0,2026-04-22 16:41:00,0
PAY000423,TXN000423,SUCCESS,,649.0,2026-04-24 10:30:00,0
PAY000424,TXN000424,SUCCESS,,999.0,2026-04-19 00:34:00,0
PAY000425,TXN000425,SUCCESS,,899.0,2026-06-10 09:16:00,0
PAY000426,TXN000426,SUCCESS,,899.0,2026-04-20 02:57:00,0
PAY000427,TXN000427,SUCCESS,,749.0,2026-06-09 16:57:00,0
PAY000428,TXN000428,SUCCESS,,899.0,2026-06-28 01:29:00,0
PAY000429,TXN000429,SUCCESS,,849.0,2026-06-22 02:44:00,0
PAY000430,TXN000430,SUCCESS,,1899.0,2026-05-30 10:13:00,0
PAY000431,TXN000431,SUCCESS,,2899.0,2026-04-17 06:18:00,0
PAY000432,TXN000432,SUCCESS,,2899.0,2026-05-28 12:45:00,0
PAY000433,TXN000433,SUCCESS,,849.0,2026-06-27 00:55:00,0
PAY000434,TXN000434,SUCCESS,,1699.0,2026-06-11 19:12:00,0
PAY000435,TXN000435,SUCCESS,,4999.0,2026-07-09 03:18:00,0
PAY000436,TXN000436,SUCCESS,,4999.0,2026-08-06 04:24:00,0
PAY000437,TXN000437,SUCCESS,,4999.0,2026-07-14 09:19:00,0
PAY000438,TXN000438,SUCCESS,,4999.0,2026-08-13 09:50:00,0
PAY000439,TXN000439,SUCCESS,,4999.0,2026-06-28 01:30:00,0
PAY000440,TXN000440,SUCCESS,,4999.0,2026-06-20 03:36:00,0
PAY000441,TXN000441,SUCCESS,,4999.0,2026-07-08 19:44:00,0
PAY000442,TXN000442,SUCCESS,,4999.0,2026-07-03 10:42:00,0
PAY000443,TXN000443,SUCCESS,,4999.0,2026-06-30 22:17:00,0
PAY000444,TXN000444,SUCCESS,,4999.0,2026-06-20 13:58:00,0
PAY000445,TXN000445,SUCCESS,,4999.0,2026-06-19 14:38:00,0
PAY000446,TXN000446,SUCCESS,,4999.0,2026-07-02 15:02:00,0
PAY000447,TXN000447,SUCCESS,,4999.0,2026-07-24 00:43:00,0
PAY000448,TXN000448,SUCCESS,,4999.0,2026-08-15 02:19:00,0
PAY000449,TXN000449,SUCCESS,,4999.0,2026-06-28 13:13:00,0
PAY000450,TXN000450,SUCCESS,,4999.0,2026-08-02 18:39:00,0
PAY000451,TXN000451,SUCCESS,,4999.0,2026-08-04 00:25:00,0
PAY000452,TXN000452,SUCCESS,,4999.0,2026-08-26 09:00:00,0
PAY000453,TXN000453,SUCCESS,,4999.0,2026-06-21 07:17:00,0
PAY000454,TXN000454,SUCCESS,,4999.0,2026-07-30 01:44:00,0
PAY000455,TXN000455,SUCCESS,,4999.0,2026-08-23 15:55:00,0
PAY000456,TXN000456,SUCCESS,,4999.0,2026-07-30 15:20:00,0
PAY000457,TXN000457,SUCCESS,,4999.0,2026-08-12 08:06:00,0
PAY000458,TXN000458,SUCCESS,,4999.0,2026-07-09 13:12:00,0
PAY000459,TXN000459,SUCCESS,,4999.0,2026-08-04 07:16:00,0
PAY000460,TXN000460,SUCCESS,,4999.0,2026-07-20 20:18:00,0
PAY000461,TXN000461,SUCCESS,,4999.0,2026-06-30 02:11:00,0
PAY000462,TXN000462,SUCCESS,,4999.0,2026-07-17 02:50:00,0
PAY000463,TXN000463,SUCCESS,,4999.0,2026-07-23 09:36:00,0
PAY000464,TXN000464,SUCCESS,,4999.0,2026-08-20 02:08:00,0
PAY000465,TXN000465,SUCCESS,,4999.0,2026-07-02 08:29:00,0
PAY000466,TXN000466,SUCCESS,,4999.0,2026-08-01 15:35:00,0
PAY000467,TXN000467,SUCCESS,,4999.0,2026-06-26 07:51:00,0
PAY000468,TXN000468,SUCCESS,,4999.0,2026-07-03 04:21:00,0
PAY000469,TXN000469,SUCCESS,,4999.0,2026-07-01 12:44:00,0
PAY000470,TXN000470,SUCCESS,,4999.0,2026-08-18 08:24:00,0
PAY000471,TXN000471,SUCCESS,,4999.0,2026-07-01 10:03:00,0
PAY000472,TXN000472,SUCCESS,,4999.0,2026-08-27 09:18:00,0
PAY000473,TXN000473,SUCCESS,,4999.0,2026-08-07 12:39:00,0
PAY000474,TXN000474,SUCCESS,,4999.0,2026-08-26 18:15:00,0
PAY000475,TXN000475,SUCCESS,,4999.0,2026-06-25 19:33:00,0
PAY000476,TXN000476,SUCCESS,,4999.0,2026-08-18 17:46:00,0
PAY000477,TXN000477,SUCCESS,,4999.0,2026-06-27 07:24:00,0
PAY000478,TXN000478,SUCCESS,,4999.0,2026-07-13 00:17:00,0
PAY000479,TXN000479,SUCCESS,,4999.0,2026-08-19 14:19:00,0
PAY000480,TXN000480,SUCCESS,,4999.0,2026-06-20 00:55:00,0
PAY000481,TXN000481,SUCCESS,,4999.0,2026-07-20 14:48:00,0
PAY000482,TXN000482,SUCCESS,,4999.0,2026-08-21 22:18:00,0
PAY000483,TXN000483,SUCCESS,,4999.0,2026-07-09 07:20:00,0
PAY000484,TXN000484,SUCCESS,,4999.0,2026-06-26 08:04:00,0
PAY000485,TXN000485,SUCCESS,,4999.0,2026-08-03 06:58:00,0
PAY000486,TXN000486,SUCCESS,,4999.0,2026-07-27 19:36:00,0
PAY000487,TXN000487,SUCCESS,,4999.0,2026-06-18 14:41:00,0
PAY000488,TXN000488,SUCCESS,,4999.0,2026-07-01 10:58:00,0
PAY000489,TXN000489,SUCCESS,,4999.0,2026-07-15 09:35:00,0
PAY000490,TXN000490,SUCCESS,,4999.0,2026-06-21 20:17:00,0
PAY000491,TXN000491,SUCCESS,,4999.0,2026-06-20 06:13:00,0
PAY000492,TXN000492,SUCCESS,,4999.0,2026-08-18 09:13:00,0
PAY000493,TXN000493,SUCCESS,,4999.0,2026-08-24 19:02:00,0
PAY000494,TXN000494,SUCCESS,,4999.0,2026-08-22 03:16:00,0
PAY000495,TXN000495,SUCCESS,,4999.0,2026-08-26 05:20:00,0
PAY000496,TXN000496,SUCCESS,,4999.0,2026-07-19 07:31:00,0
PAY000497,TXN000497,SUCCESS,,4999.0,2026-08-19 07:53:00,0
PAY000498,TXN000498,SUCCESS,,4999.0,2026-07-30 08:09:00,0
PAY000499,TXN000499,SUCCESS,,4999.0,2026-07-14 13:35:00,0
PAY000500,TXN000500,SUCCESS,,4999.0,2026-06-19 06:40:00,0
PAY000501,TXN000501,SUCCESS,,4999.0,2026-07-31 09:23:00,0
PAY000502,TXN000502,SUCCESS,,4999.0,2026-08-19 07:43:00,0
PAY000503,TXN000503,SUCCESS,,4999.0,2026-07-05 05:16:00,0
PAY000504,TXN000504,SUCCESS,,4999.0,2026-08-05 20:45:00,0
PAY000505,TXN000505,SUCCESS,,4999.0,2026-08-22 06:54:00,0
PAY000506,TXN000506,SUCCESS,,4999.0,2026-07-10 05:59:00,0
PAY000507,TXN000507,SUCCESS,,4999.0,2026-08-17 11:00:00,0
PAY000508,TXN000508,SUCCESS,,4999.0,2026-08-15 12:19:00,0
PAY000509,TXN000509,SUCCESS,,4999.0,2026-07-21 21:16:00,0
PAY000510,TXN000510,SUCCESS,,4999.0,2026-06-27 12:52:00,0
PAY000511,TXN000511,SUCCESS,,4999.0,2026-07-23 18:32:00,0
PAY000512,TXN000512,SUCCESS,,4999.0,2026-08-04 15:16:00,0
PAY000513,TXN000513,SUCCESS,,4999.0,2026-08-03 12:29:00,0
PAY000514,TXN000514,SUCCESS,,4999.0,2026-08-15 14:08:00,0
PAY000515,TXN000515,SUCCESS,,4999.0,2026-07-13 22:00:00,0
PAY000516,TXN000516,SUCCESS,,4999.0,2026-08-03 07:27:00,0
PAY000517,TXN000517,SUCCESS,,4999.0,2026-07-11 17:28:00,0
PAY000518,TXN000518,SUCCESS,,4999.0,2026-08-01 02:57:00,0
PAY000519,TXN000519,SUCCESS,,4999.0,2026-08-07 13:06:00,0
PAY000520,TXN000520,SUCCESS,,4999.0,2026-06-27 19:49:00,0
PAY000521,TXN000521,SUCCESS,,4999.0,2026-08-22 09:19:00,0
PAY000522,TXN000522,SUCCESS,,4999.0,2026-07-31 21:44:00,0
PAY000523,TXN000523,SUCCESS,,4999.0,2026-06-30 09:54:00,0
PAY000524,TXN000524,SUCCESS,,4999.0,2026-06-20 05:50:00,0
PAY000525,TXN000525,SUCCESS,,4999.0,2026-06-25 18:53:00,0
PAY000526,TXN000526,SUCCESS,,4999.0,2026-07-27 20:23:00,0
PAY000527,TXN000527,SUCCESS,,4999.0,2026-07-05 04:13:00,0
PAY000528,TXN000528,SUCCESS,,4999.0,2026-07-17 03:11:00,0
PAY000529,TXN000529,SUCCESS,,4999.0,2026-07-29 07:45:00,0
PAY000530,TXN000530,SUCCESS,,4999.0,2026-08-01 22:03:00,0
PAY000531,TXN000531,SUCCESS,,4999.0,2026-06-27 16:29:00,0
PAY000532,TXN000532,SUCCESS,,4999.0,2026-07-03 06:47:00,0
PAY000533,TXN000533,SUCCESS,,4999.0,2026-06-30 05:36:00,0
PAY000534,TXN000534,SUCCESS,,4999.0,2026-06-30 04:20:00,0
PAY000535,TXN000535,SUCCESS,,4999.0,2026-07-24 04:39:00,0
PAY000536,TXN000536,SUCCESS,,4999.0,2026-08-20 02:52:00,0
PAY000537,TXN000537,SUCCESS,,4999.0,2026-06-28 20:34:00,0
PAY000538,TXN000538,SUCCESS,,4999.0,2026-07-15 03:04:00,0
PAY000539,TXN000539,SUCCESS,,4999.0,2026-08-06 14:21:00,0
PAY000540,TXN000540,SUCCESS,,4999.0,2026-06-18 03:55:00,0
PAY000541,TXN000541,SUCCESS,,4999.0,2026-06-21 19:05:00,0
PAY000542,TXN000542,SUCCESS,,4999.0,2026-06-27 20:43:00,0
PAY000543,TXN000543,SUCCESS,,4999.0,2026-07-04 03:45:00,0
PAY000544,TXN000544,SUCCESS,,4999.0,2026-07-29 16:51:00,0
PAY000545,TXN000545,SUCCESS,,4999.0,2026-08-26 21:58:00,0
PAY000546,TXN000546,SUCCESS,,4999.0,2026-06-27 18:58:00,0
PAY000547,TXN000547,SUCCESS,,4999.0,2026-07-07 19:09:00,0
PAY000548,TXN000548,SUCCESS,,4999.0,2026-08-14 20:29:00,0
PAY000549,TXN000549,SUCCESS,,4999.0,2026-08-25 12:14:00,0
PAY000550,TXN000550,SUCCESS,,4999.0,2026-07-31 06:38:00,0
PAY000551,TXN000551,SUCCESS,,4999.0,2026-08-16 10:30:00,0
PAY000552,TXN000552,SUCCESS,,4999.0,2026-08-06 12:31:00,0
PAY000553,TXN000553,SUCCESS,,4999.0,2026-08-23 20:31:00,0
PAY000554,TXN000554,SUCCESS,,4999.0,2026-07-07 05:10:00,0
PAY000555,TXN000555,SUCCESS,,4999.0,2026-06-28 12:20:00,0
PAY000556,TXN000556,SUCCESS,,4999.0,2026-08-17 22:03:00,0
PAY000557,TXN000557,SUCCESS,,4999.0,2026-06-21 09:42:00,0
PAY000558,TXN000558,SUCCESS,,4999.0,2026-07-23 12:21:00,0
PAY000559,TXN000559,SUCCESS,,4999.0,2026-07-31 13:55:00,0
PAY000560,TXN000560,SUCCESS,,4999.0,2026-07-16 09:28:00,0
PAY000561,TXN000561,SUCCESS,,4999.0,2026-07-12 09:53:00,0
PAY000562,TXN000562,SUCCESS,,4999.0,2026-06-28 15:58:00,0
PAY000563,TXN000563,SUCCESS,,4999.0,2026-08-04 14:25:00,0
PAY000564,TXN000564,SUCCESS,,4999.0,2026-08-01 06:39:00,0
PAY000565,TXN000565,SUCCESS,,4999.0,2026-08-12 14:30:00,0
PAY000566,TXN000566,SUCCESS,,4999.0,2026-08-01 03:40:00,0
PAY000567,TXN000567,SUCCESS,,4999.0,2026-07-23 18:17:00,0
PAY000568,TXN000568,SUCCESS,,4999.0,2026-08-21 08:37:00,0
PAY000569,TXN000569,SUCCESS,,4999.0,2026-06-25 18:27:00,0
PAY000570,TXN000570,SUCCESS,,4999.0,2026-06-27 12:26:00,0
PAY000571,TXN000571,SUCCESS,,4999.0,2026-06-20 01:32:00,0
PAY000572,TXN000572,SUCCESS,,4999.0,2026-08-19 04:03:00,0
PAY000573,TXN000573,SUCCESS,,4999.0,2026-08-16 08:35:00,0
PAY000574,TXN000574,SUCCESS,,4999.0,2026-07-22 08:54:00,0
PAY000575,TXN000575,SUCCESS,,4999.0,2026-08-12 12:51:00,0
PAY000576,TXN000576,SUCCESS,,4999.0,2026-07-31 18:20:00,0
PAY000577,TXN000577,SUCCESS,,4999.0,2026-07-04 13:26:00,0
PAY000578,TXN000578,SUCCESS,,4999.0,2026-06-27 23:34:00,0
PAY000579,TXN000579,SUCCESS,,4999.0,2026-08-25 01:48:00,0
PAY000580,TXN000580,SUCCESS,,4999.0,2026-07-28 18:19:00,0
PAY000581,TXN000581,SUCCESS,,4999.0,2026-07-14 14:19:00,0
PAY000582,TXN000582,SUCCESS,,4999.0,2026-06-25 16:18:00,0
PAY000583,TXN000583,SUCCESS,,4999.0,2026-06-17 20:31:00,0
PAY000584,TXN000584,SUCCESS,,4999.0,2026-08-11 01:50:00,0
PAY000585,TXN000585,SUCCESS,,4999.0,2026-07-28 19:37:00,0
PAY000586,TXN000586,SUCCESS,,4999.0,2026-08-21 06:38:00,0
PAY000587,TXN000587,SUCCESS,,4999.0,2026-08-05 15:01:00,0
PAY000588,TXN000588,SUCCESS,,4999.0,2026-06-20 01:49:00,0
PAY000589,TXN000589,SUCCESS,,4999.0,2026-08-08 05:45:00,0
PAY000590,TXN000590,SUCCESS,,4999.0,2026-07-17 16:52:00,0
PAY000591,TXN000591,SUCCESS,,4999.0,2026-07-11 05:47:00,0
PAY000592,TXN000592,SUCCESS,,4999.0,2026-08-22 13:40:00,0
PAY000593,TXN000593,SUCCESS,,4999.0,2026-08-08 23:32:00,0
PAY000594,TXN000594,SUCCESS,,4999.0,2026-08-06 17:41:00,0
PAY000595,TXN000595,SUCCESS,,4999.0,2026-08-23 22:01:00,0
PAY000596,TXN000596,SUCCESS,,4999.0,2026-08-08 20:01:00,0
PAY000597,TXN000597,SUCCESS,,4999.0,2026-08-26 17:28:00,0
PAY000598,TXN000598,SUCCESS,,4999.0,2026-07-20 19:03:00,0
PAY000599,TXN000599,SUCCESS,,4999.0,2026-08-08 16:14:00,0
PAY000600,TXN000600,SUCCESS,,4999.0,2026-07-02 00:16:00,0
PAY000601,TXN000601,SUCCESS,,4999.0,2026-06-27 09:52:00,0
PAY000602,TXN000602,SUCCESS,,4999.0,2026-08-13 01:59:00,0
PAY000603,TXN000603,SUCCESS,,4999.0,2026-07-29 20:38:00,0
PAY000604,TXN000604,SUCCESS,,4999.0,2026-08-19 15:19:00,0
PAY000605,TXN000605,SUCCESS,,4999.0,2026-06-21 03:10:00,0
PAY000606,TXN000606,SUCCESS,,4999.0,2026-07-23 04:59:00,0
PAY000607,TXN000607,SUCCESS,,4999.0,2026-06-30 13:18:00,0
PAY000608,TXN000608,SUCCESS,,4999.0,2026-06-22 22:48:00,0
PAY000609,TXN000609,SUCCESS,,4999.0,2026-06-23 09:02:00,0
PAY000610,TXN000610,SUCCESS,,4999.0,2026-07-08 06:15:00,0
PAY000611,TXN000611,SUCCESS,,4999.0,2026-07-10 22:37:00,0
PAY000612,TXN000612,SUCCESS,,4999.0,2026-07-13 23:41:00,0
PAY000613,TXN000613,SUCCESS,,4999.0,2026-08-16 04:14:00,0
PAY000614,TXN000614,SUCCESS,,4999.0,2026-07-04 20:42:00,0
PAY000615,TXN000615,SUCCESS,,4999.0,2026-07-03 21:52:00,0
PAY000616,TXN000616,SUCCESS,,4999.0,2026-08-16 06:47:00,0
PAY000617,TXN000617,SUCCESS,,4999.0,2026-06-21 00:56:00,0
PAY000618,TXN000618,SUCCESS,,4999.0,2026-07-10 09:00:00,0
PAY000619,TXN000619,SUCCESS,,4999.0,2026-07-23 21:49:00,0
PAY000620,TXN000620,SUCCESS,,4999.0,2026-08-10 04:49:00,0
PAY000621,TXN000621,SUCCESS,,4999.0,2026-07-20 17:29:00,0
PAY000622,TXN000622,SUCCESS,,4999.0,2026-07-19 16:41:00,0
PAY000623,TXN000623,SUCCESS,,4999.0,2026-06-29 03:59:00,0
PAY000624,TXN000624,SUCCESS,,4999.0,2026-08-08 02:41:00,0
PAY000625,TXN000625,SUCCESS,,4999.0,2026-06-28 07:19:00,0
PAY000626,TXN000626,SUCCESS,,4999.0,2026-07-21 21:49:00,0
PAY000627,TXN000627,SUCCESS,,4999.0,2026-07-27 10:53:00,0
PAY000628,TXN000628,SUCCESS,,4999.0,2026-06-25 08:22:00,0
PAY000629,TXN000629,SUCCESS,,4999.0,2026-06-26 16:33:00,0
PAY000630,TXN000630,SUCCESS,,4999.0,2026-06-27 12:08:00,0
PAY000631,TXN000631,SUCCESS,,4999.0,2026-06-22 16:59:00,0
PAY000632,TXN000632,SUCCESS,,4999.0,2026-08-06 16:57:00,0
PAY000633,TXN000633,SUCCESS,,4999.0,2026-06-28 12:52:00,0
PAY000634,TXN000634,SUCCESS,,4999.0,2026-08-21 02:37:00,0
PAY000635,TXN000635,SUCCESS,,4999.0,2026-07-13 09:42:00,0
PAY000636,TXN000636,SUCCESS,,4999.0,2026-08-17 18:48:00,0
PAY000637,TXN000637,SUCCESS,,4999.0,2026-08-04 07:22:00,0
PAY000638,TXN000638,SUCCESS,,4999.0,2026-06-19 00:05:00,0
PAY000639,TXN000639,SUCCESS,,4999.0,2026-07-20 02:17:00,0
PAY000640,TXN000640,SUCCESS,,4999.0,2026-07-12 07:26:00,0
PAY000641,TXN000641,SUCCESS,,4999.0,2026-08-09 10:52:00,0
PAY000642,TXN000642,SUCCESS,,4999.0,2026-07-10 19:34:00,0
PAY000643,TXN000643,SUCCESS,,4999.0,2026-08-07 07:47:00,0
PAY000644,TXN000644,SUCCESS,,4999.0,2026-07-30 04:10:00,0
PAY000645,TXN000645,SUCCESS,,4999.0,2026-06-20 17:15:00,0
PAY000646,TXN000646,SUCCESS,,4999.0,2026-08-12 21:31:00,0
PAY000647,TXN000647,SUCCESS,,4999.0,2026-08-13 06:01:00,0
PAY000648,TXN000648,SUCCESS,,4999.0,2026-07-14 01:16:00,0
PAY000649,TXN000649,SUCCESS,,4999.0,2026-07-01 15:27:00,0
PAY000650,TXN000650,SUCCESS,,4999.0,2026-07-15 05:15:00,0
PAY000651,TXN000651,SUCCESS,,4999.0,2026-08-12 03:52:00,0
PAY000652,TXN000652,SUCCESS,,4999.0,2026-08-08 12:46:00,0
PAY000653,TXN000653,SUCCESS,,4999.0,2026-08-01 06:55:00,0
PAY000654,TXN000654,SUCCESS,,4999.0,2026-08-13 08:59:00,0
PAY000655,TXN000655,SUCCESS,,4999.0,2026-07-03 09:48:00,0
PAY000656,TXN000656,SUCCESS,,4999.0,2026-06-22 16:57:00,0
PAY000657,TXN000657,SUCCESS,,4999.0,2026-07-26 09:56:00,0
PAY000658,TXN000658,SUCCESS,,4999.0,2026-08-26 07:10:00,0
PAY000659,TXN000659,SUCCESS,,4999.0,2026-07-31 16:03:00,0
PAY000660,TXN000660,SUCCESS,,4999.0,2026-07-14 10:55:00,0
PAY000661,TXN000661,SUCCESS,,4999.0,2026-07-22 16:38:00,0
PAY000662,TXN000662,SUCCESS,,4999.0,2026-06-23 15:45:00,0
PAY000663,TXN000663,SUCCESS,,4999.0,2026-08-19 07:08:00,0
PAY000664,TXN000664,SUCCESS,,4999.0,2026-08-25 18:47:00,0
PAY000665,TXN000665,SUCCESS,,4999.0,2026-07-22 05:03:00,0
PAY000666,TXN000666,SUCCESS,,4999.0,2026-08-27 07:01:00,0
PAY000667,TXN000667,SUCCESS,,4999.0,2026-06-23 12:30:00,0
PAY000668,TXN000668,SUCCESS,,4999.0,2026-08-03 20:17:00,0
PAY000669,TXN000669,SUCCESS,,4999.0,2026-08-03 23:36:00,0
PAY000670,TXN000670,SUCCESS,,4999.0,2026-06-23 03:34:00,0
PAY000671,TXN000671,SUCCESS,,4999.0,2026-07-18 07:31:00,0
PAY000672,TXN000672,SUCCESS,,4999.0,2026-08-09 19:12:00,0
PAY000673,TXN000673,SUCCESS,,4999.0,2026-07-21 17:14:00,0
PAY000674,TXN000674,SUCCESS,,4999.0,2026-07-16 19:53:00,0
PAY000675,TXN000675,SUCCESS,,4999.0,2026-06-29 15:13:00,0
PAY000676,TXN000676,SUCCESS,,4999.0,2026-07-02 03:25:00,0
PAY000677,TXN000677,SUCCESS,,4999.0,2026-07-04 04:06:00,0
PAY000678,TXN000678,SUCCESS,,4999.0,2026-06-27 13:37:00,0
PAY000679,TXN000679,SUCCESS,,4999.0,2026-06-25 13:54:00,0
PAY000680,TXN000680,SUCCESS,,4999.0,2026-06-21 13:17:00,0
PAY000681,TXN000681,SUCCESS,,4999.0,2026-08-08 22:35:00,0
PAY000682,TXN000682,SUCCESS,,4999.0,2026-08-14 05:56:00,0
PAY000683,TXN000683,SUCCESS,,4999.0,2026-08-02 00:48:00,0
PAY000684,TXN000684,SUCCESS,,4999.0,2026-07-07 07:46:00,0
PAY000685,TXN000685,SUCCESS,,4999.0,2026-06-25 02:12:00,0
PAY000686,TXN000686,SUCCESS,,4999.0,2026-07-23 14:35:00,0
PAY000687,TXN000687,SUCCESS,,4999.0,2026-07-06 19:28:00,0
PAY000688,TXN000688,SUCCESS,,4999.0,2026-06-30 07:53:00,0
PAY000689,TXN000689,SUCCESS,,4999.0,2026-06-25 03:20:00,0
PAY000690,TXN000690,SUCCESS,,4999.0,2026-08-24 07:13:00,0
PAY000691,TXN000691,SUCCESS,,4999.0,2026-08-18 19:17:00,0
PAY000692,TXN000692,SUCCESS,,4999.0,2026-08-04 22:22:00,0
PAY000693,TXN000693,SUCCESS,,4999.0,2026-08-08 01:21:00,0
PAY000694,TXN000694,SUCCESS,,4999.0,2026-08-17 13:12:00,0
PAY000695,TXN000695,SUCCESS,,4999.0,2026-06-24 20:48:00,0
PAY000696,TXN000696,SUCCESS,,4999.0,2026-06-24 19:28:00,0
PAY000697,TXN000697,SUCCESS,,4999.0,2026-07-14 17:26:00,0
PAY000698,TXN000698,SUCCESS,,4999.0,2026-08-22 21:04:00,0
PAY000699,TXN000699,SUCCESS,,4999.0,2026-07-08 20:40:00,0
PAY000700,TXN000700,SUCCESS,,4999.0,2026-07-01 20:58:00,0
PAY000701,TXN000701,SUCCESS,,4999.0,2026-07-19 12:50:00,0
PAY000702,TXN000702,SUCCESS,,4999.0,2026-08-10 01:15:00,0
PAY000703,TXN000703,SUCCESS,,4999.0,2026-08-12 16:17:00,0
PAY000704,TXN000704,SUCCESS,,4999.0,2026-06-17 13:26:00,0
PAY000705,TXN000705,SUCCESS,,4999.0,2026-06-27 17:06:00,0
PAY000706,TXN000706,SUCCESS,,4999.0,2026-08-19 22:44:00,0
PAY000707,TXN000707,SUCCESS,,4999.0,2026-07-09 15:17:00,0
PAY000708,TXN000708,SUCCESS,,4999.0,2026-07-22 00:57:00,0
PAY000709,TXN000709,SUCCESS,,4999.0,2026-08-22 06:07:00,0
PAY000710,TXN000710,SUCCESS,,4999.0,2026-08-23 14:39:00,0
PAY000711,TXN000711,SUCCESS,,4999.0,2026-07-03 23:38:00,0
PAY000712,TXN000712,SUCCESS,,4999.0,2026-08-19 13:45:00,0
PAY000713,TXN000713,SUCCESS,,4999.0,2026-07-18 16:55:00,0
PAY000714,TXN000714,SUCCESS,,4999.0,2026-08-19 01:53:00,0
PAY000715,TXN000715,SUCCESS,,4999.0,2026-08-24 17:40:00,0
PAY000716,TXN000716,SUCCESS,,4999.0,2026-07-03 16:28:00,0
PAY000717,TXN000717,SUCCESS,,4999.0,2026-07-24 10:16:00,0
PAY000718,TXN000718,SUCCESS,,4999.0,2026-08-25 00:36:00,0
PAY000719,TXN000719,SUCCESS,,4999.0,2026-07-16 16:54:00,0
PAY000720,TXN000720,SUCCESS,,4999.0,2026-08-14 12:17:00,0
PAY000721,TXN000721,SUCCESS,,4999.0,2026-06-24 18:09:00,0
PAY000722,TXN000722,SUCCESS,,4999.0,2026-07-15 05:21:00,0
PAY000723,TXN000723,SUCCESS,,4999.0,2026-07-03 04:29:00,0
PAY000724,TXN000724,SUCCESS,,4999.0,2026-08-17 17:47:00,0
PAY000725,TXN000725,SUCCESS,,4999.0,2026-08-21 01:24:00,0
PAY000726,TXN000726,SUCCESS,,4999.0,2026-07-29 15:13:00,0
PAY000727,TXN000727,SUCCESS,,4999.0,2026-08-14 16:39:00,0
PAY000728,TXN000728,SUCCESS,,4999.0,2026-06-20 19:33:00,0
PAY000729,TXN000729,SUCCESS,,4999.0,2026-08-17 14:08:00,0
PAY000730,TXN000730,SUCCESS,,4999.0,2026-07-19 21:18:00,0
PAY000731,TXN000731,SUCCESS,,4999.0,2026-08-01 21:35:00,0
PAY000732,TXN000732,SUCCESS,,4999.0,2026-06-22 20:18:00,0
PAY000733,TXN000733,SUCCESS,,4999.0,2026-08-04 10:20:00,0
PAY000734,TXN000734,SUCCESS,,4999.0,2026-08-03 16:29:00,0
PAY000735,TXN000735,SUCCESS,,4999.0,2026-06-29 02:01:00,0
PAY000736,TXN000736,SUCCESS,,4999.0,2026-07-02 16:14:00,0
PAY000737,TXN000737,SUCCESS,,4999.0,2026-06-22 04:37:00,0
PAY000738,TXN000738,SUCCESS,,4999.0,2026-07-28 06:13:00,0
PAY000739,TXN000739,SUCCESS,,4999.0,2026-07-19 21:34:00,0
PAY000740,TXN000740,SUCCESS,,4999.0,2026-08-18 14:47:00,0
PAY000741,TXN000741,SUCCESS,,4999.0,2026-07-24 01:19:00,0
PAY000742,TXN000742,SUCCESS,,4999.0,2026-07-27 22:45:00,0
PAY000743,TXN000743,SUCCESS,,4999.0,2026-08-03 10:45:00,0
PAY000744,TXN000744,SUCCESS,,4999.0,2026-07-18 20:29:00,0
PAY000745,TXN000745,SUCCESS,,4999.0,2026-07-02 21:19:00,0
PAY000746,TXN000746,SUCCESS,,4999.0,2026-08-02 05:43:00,0
PAY000747,TXN000747,SUCCESS,,4999.0,2026-07-25 02:18:00,0
PAY000748,TXN000748,SUCCESS,,4999.0,2026-08-21 19:10:00,0
PAY000749,TXN000749,SUCCESS,,4999.0,2026-08-17 00:22:00,0
PAY000750,TXN000750,SUCCESS,,4999.0,2026-08-18 21:03:00,0
PAY000751,TXN000751,SUCCESS,,4999.0,2026-08-15 22:07:00,0
PAY000752,TXN000752,SUCCESS,,4999.0,2026-08-10 03:53:00,0
PAY000753,TXN000753,SUCCESS,,4999.0,2026-06-24 07:27:00,0
PAY000754,TXN000754,SUCCESS,,4999.0,2026-06-21 02:29:00,0
PAY000755,TXN000755,SUCCESS,,4999.0,2026-07-27 15:53:00,0
PAY000756,TXN000756,SUCCESS,,4999.0,2026-07-18 00:07:00,0
PAY000757,TXN000757,SUCCESS,,4999.0,2026-07-09 03:01:00,0
PAY000758,TXN000758,SUCCESS,,4999.0,2026-08-09 07:49:00,0
PAY000759,TXN000759,SUCCESS,,4999.0,2026-07-22 20:34:00,0
PAY000760,TXN000760,SUCCESS,,4999.0,2026-08-19 19:26:00,0
PAY000761,TXN000761,SUCCESS,,4999.0,2026-08-13 00:26:00,0
PAY000762,TXN000762,SUCCESS,,4999.0,2026-07-27 02:04:00,0
PAY000763,TXN000763,SUCCESS,,4999.0,2026-08-08 23:30:00,0
PAY000764,TXN000764,SUCCESS,,4999.0,2026-07-19 10:19:00,0
PAY000765,TXN000765,SUCCESS,,4999.0,2026-08-22 13:09:00,0
PAY000766,TXN000766,SUCCESS,,4999.0,2026-07-28 02:25:00,0
PAY000767,TXN000767,SUCCESS,,4999.0,2026-07-11 13:53:00,0
PAY000768,TXN000768,SUCCESS,,4999.0,2026-07-27 20:36:00,0
PAY000769,TXN000769,SUCCESS,,4999.0,2026-07-08 02:41:00,0
PAY000770,TXN000770,SUCCESS,,4999.0,2026-07-28 01:47:00,0
PAY000771,TXN000771,SUCCESS,,4999.0,2026-08-06 20:20:00,0
PAY000772,TXN000772,SUCCESS,,4999.0,2026-07-06 09:43:00,0
PAY000773,TXN000773,SUCCESS,,4999.0,2026-06-25 19:13:00,0
PAY000774,TXN000774,SUCCESS,,4999.0,2026-07-15 12:33:00,0
PAY000775,TXN000775,SUCCESS,,4999.0,2026-08-15 05:16:00,0
PAY000776,TXN000776,SUCCESS,,4999.0,2026-08-18 23:34:00,0
PAY000777,TXN000777,SUCCESS,,4999.0,2026-06-18 00:31:00,0
PAY000778,TXN000778,SUCCESS,,4999.0,2026-08-20 14:19:00,0
PAY000779,TXN000779,SUCCESS,,4999.0,2026-07-01 14:52:00,0
PAY000780,TXN000780,SUCCESS,,4999.0,2026-08-01 14:41:00,0
PAY000781,TXN000781,SUCCESS,,4999.0,2026-08-17 07:50:00,0
PAY000782,TXN000782,SUCCESS,,4999.0,2026-08-10 15:17:00,0
PAY000783,TXN000783,SUCCESS,,4999.0,2026-07-17 20:30:00,0
PAY000784,TXN000784,SUCCESS,,4999.0,2026-08-10 02:49:00,0
PAY000785,TXN000785,SUCCESS,,4999.0,2026-07-17 01:48:00,0
PAY000786,TXN000786,SUCCESS,,4999.0,2026-07-11 05:35:00,0
PAY000787,TXN000787,SUCCESS,,4999.0,2026-07-30 10:59:00,0
PAY000788,TXN000788,SUCCESS,,4999.0,2026-07-29 08:31:00,0
PAY000789,TXN000789,SUCCESS,,4999.0,2026-08-06 09:35:00,0
PAY000790,TXN000790,SUCCESS,,4999.0,2026-07-25 06:55:00,0
PAY000791,TXN000791,SUCCESS,,4999.0,2026-08-05 16:53:00,0
PAY000792,TXN000792,SUCCESS,,4999.0,2026-06-20 21:11:00,0
PAY000793,TXN000793,SUCCESS,,4999.0,2026-06-29 13:29:00,0
PAY000794,TXN000794,SUCCESS,,4999.0,2026-08-01 04:05:00,0
PAY000795,TXN000795,SUCCESS,,4999.0,2026-07-24 01:13:00,0
PAY000796,TXN000796,SUCCESS,,4999.0,2026-08-10 21:06:00,0
PAY000797,TXN000797,SUCCESS,,4999.0,2026-07-31 01:14:00,0
PAY000798,TXN000798,SUCCESS,,4999.0,2026-07-05 05:34:00,0
PAY000799,TXN000799,SUCCESS,,4999.0,2026-08-24 01:44:00,0
PAY000800,TXN000800,SUCCESS,,4999.0,2026-07-01 03:37:00,0
PAY000801,TXN000801,SUCCESS,,4999.0,2026-06-30 09:00:00,0
PAY000802,TXN000802,SUCCESS,,4999.0,2026-07-16 12:35:00,0
PAY000803,TXN000803,SUCCESS,,4999.0,2026-07-08 12:33:00,0
PAY000804,TXN000804,SUCCESS,,4999.0,2026-07-26 08:54:00,0
PAY000805,TXN000805,SUCCESS,,4999.0,2026-08-21 00:01:00,0
PAY000806,TXN000806,SUCCESS,,4999.0,2026-07-12 15:18:00,0
PAY000807,TXN000807,SUCCESS,,4999.0,2026-08-22 10:44:00,0
PAY000808,TXN000808,SUCCESS,,4999.0,2026-07-10 01:35:00,0
PAY000809,TXN000809,SUCCESS,,4999.0,2026-08-10 17:58:00,0
PAY000810,TXN000810,SUCCESS,,4999.0,2026-07-25 05:28:00,0
PAY000811,TXN000811,SUCCESS,,4999.0,2026-07-14 20:52:00,0
PAY000812,TXN000812,SUCCESS,,4999.0,2026-06-20 21:51:00,0
PAY000813,TXN000813,SUCCESS,,4999.0,2026-07-18 09:52:00,0
PAY000814,TXN000814,SUCCESS,,4999.0,2026-07-22 23:01:00,0
PAY000815,TXN000815,SUCCESS,,4999.0,2026-07-24 15:07:00,0
PAY000816,TXN000816,SUCCESS,,4999.0,2026-07-24 18:40:00,0
PAY000817,TXN000817,SUCCESS,,4999.0,2026-08-06 00:13:00,0
PAY000818,TXN000818,SUCCESS,,4999.0,2026-08-07 17:06:00,0
PAY000819,TXN000819,SUCCESS,,4999.0,2026-07-02 09:48:00,0
PAY000820,TXN000820,SUCCESS,,4999.0,2026-07-29 05:58:00,0
PAY000821,TXN000821,SUCCESS,,4999.0,2026-08-06 12:31:00,0
PAY000822,TXN000822,SUCCESS,,4999.0,2026-06-25 09:32:00,0
PAY000823,TXN000823,SUCCESS,,4999.0,2026-06-25 20:29:00,0
PAY000824,TXN000824,SUCCESS,,4999.0,2026-08-09 07:38:00,0
PAY000825,TXN000825,SUCCESS,,4999.0,2026-07-22 05:07:00,0
PAY000826,TXN000826,SUCCESS,,4999.0,2026-06-23 02:24:00,0
PAY000827,TXN000827,SUCCESS,,4999.0,2026-07-30 17:00:00,0
PAY000828,TXN000828,SUCCESS,,4999.0,2026-08-03 21:02:00,0
PAY000829,TXN000829,SUCCESS,,4999.0,2026-06-24 13:54:00,0
PAY000830,TXN000830,SUCCESS,,4999.0,2026-08-24 01:17:00,0
PAY000831,TXN000831,SUCCESS,,4999.0,2026-08-11 22:37:00,0
PAY000832,TXN000832,SUCCESS,,4999.0,2026-08-14 00:51:00,0
PAY000833,TXN000833,SUCCESS,,4999.0,2026-06-29 12:18:00,0
PAY000834,TXN000834,SUCCESS,,4999.0,2026-07-23 15:18:00,0
PAY000835,TXN000835,SUCCESS,,4999.0,2026-08-21 14:21:00,0
PAY000836,TXN000836,SUCCESS,,4999.0,2026-07-16 16:52:00,0
PAY000837,TXN000837,SUCCESS,,4999.0,2026-08-20 14:42:00,0
PAY000838,TXN000838,SUCCESS,,4999.0,2026-08-20 08:25:00,0
PAY000839,TXN000839,SUCCESS,,4999.0,2026-07-10 08:35:00,0
PAY000840,TXN000840,SUCCESS,,4999.0,2026-07-27 22:55:00,0
PAY000841,TXN000841,SUCCESS,,4999.0,2026-08-01 05:36:00,0
PAY000842,TXN000842,SUCCESS,,4999.0,2026-07-21 14:12:00,0
PAY000843,TXN000843,SUCCESS,,4999.0,2026-08-08 07:41:00,0
PAY000844,TXN000844,SUCCESS,,4999.0,2026-07-03 01:03:00,0
PAY000845,TXN000845,SUCCESS,,4999.0,2026-08-10 23:18:00,0
PAY000846,TXN000846,SUCCESS,,4999.0,2026-07-10 18:48:00,0
PAY000847,TXN000847,FAILED,OTP_EXPIRED,899.0,2026-08-26 17:22:00,1
PAY000848,TXN000848,FAILED,NETWORK_DROPPED,1199.0,2026-08-22 06:33:00,1
PAY000849,TXN000849,FAILED,BANK_GATEWAY_TIMEOUT,649.0,2026-08-25 21:17:00,1
PAY000850,TXN000850,FAILED,NETWORK_DROPPED,699.0,2026-08-23 19:20:00,1
PAY000851,TXN000851,FAILED,OTP_EXPIRED,899.0,2026-08-25 09:02:00,1
PAY000852,TXN000852,FAILED,OTP_EXPIRED,1799.0,2026-08-27 04:27:00,1
PAY000853,TXN000853,FAILED,BANK_GATEWAY_TIMEOUT,649.0,2026-08-30 10:28:00,1
PAY000854,TXN000854,FAILED,NETWORK_DROPPED,2499.0,2026-08-23 14:14:00,1
PAY000855,TXN000855,FAILED,NETWORK_DROPPED,1199.0,2026-08-22 09:11:00,1
PAY000856,TXN000856,FAILED,BANK_GATEWAY_TIMEOUT,1799.0,2026-08-24 06:10:00,1
PAY000857,TXN000857,FAILED,OTP_EXPIRED,2499.0,2026-08-24 13:41:00,1
PAY000858,TXN000858,FAILED,OTP_EXPIRED,1799.0,2026-08-23 16:09:00,1
PAY000859,TXN000859,FAILED,NETWORK_DROPPED,699.0,2026-08-28 06:55:00,1
PAY000860,TXN000860,FAILED,BANK_GATEWAY_TIMEOUT,1799.0,2026-08-29 22:26:00,1
PAY000861,TXN000861,FAILED,OTP_EXPIRED,2499.0,2026-08-28 15:30:00,1
PAY000862,TXN000862,FAILED,OTP_EXPIRED,1799.0,2026-08-19 16:14:00,1
PAY000863,TXN000863,FAILED,NETWORK_DROPPED,649.0,2026-08-25 13:17:00,1
PAY000864,TXN000864,FAILED,BANK_GATEWAY_TIMEOUT,1199.0,2026-08-30 07:52:00,1
PAY000865,TXN000865,FAILED,BANK_GATEWAY_TIMEOUT,2499.0,2026-08-20 05:06:00,1
PAY000866,TXN000866,FAILED,NETWORK_DROPPED,699.0,2026-08-21 04:33:00,1
PAY000867,TXN000867,FAILED,OTP_EXPIRED,699.0,2026-08-30 02:11:00,1
PAY000868,TXN000868,FAILED,BANK_GATEWAY_TIMEOUT,2499.0,2026-08-30 06:03:00,1
PAY000869,TXN000869,FAILED,OTP_EXPIRED,899.0,2026-08-24 11:05:00,1
PAY000870,TXN000870,FAILED,OTP_EXPIRED,1199.0,2026-08-21 23:57:00,1
PAY000871,TXN000871,FAILED,OTP_EXPIRED,1799.0,2026-08-24 22:06:00,1
PAY000872,TXN000872,FAILED,OTP_EXPIRED,1799.0,2026-08-23 02:58:00,1
PAY000873,TXN000873,FAILED,NETWORK_DROPPED,649.0,2026-08-19 16:01:00,1
PAY000874,TXN000874,FAILED,NETWORK_DROPPED,899.0,2026-08-27 13:57:00,1
PAY000875,TXN000875,FAILED,NETWORK_DROPPED,1199.0,2026-08-23 09:43:00,1
PAY000876,TXN000876,FAILED,OTP_EXPIRED,2499.0,2026-08-23 16:19:00,1
PAY000877,TXN000877,FAILED,BANK_GATEWAY_TIMEOUT,2499.0,2026-08-29 02:14:00,1
PAY000878,TXN000878,FAILED,NETWORK_DROPPED,699.0,2026-08-23 04:23:00,1
PAY000879,TXN000879,FAILED,OTP_EXPIRED,1799.0,2026-08-20 21:52:00,1
PAY000880,TXN000880,FAILED,NETWORK_DROPPED,899.0,2026-08-17 14:19:00,1
PAY000881,TXN000881,FAILED,NETWORK_DROPPED,699.0,2026-08-22 05:42:00,1
PAY000882,TXN000882,FAILED,BANK_GATEWAY_TIMEOUT,899.0,2026-08-29 06:48:00,1
PAY000883,TXN000883,FAILED,BANK_GATEWAY_TIMEOUT,899.0,2026-08-24 02:45:00,1
PAY000884,TXN000884,FAILED,BANK_GATEWAY_TIMEOUT,1199.0,2026-08-27 00:17:00,1
PAY000885,TXN000885,FAILED,OTP_EXPIRED,649.0,2026-08-31 09:39:00,1
PAY000886,TXN000886,FAILED,OTP_EXPIRED,2499.0,2026-08-23 04:29:00,1
PAY000887,TXN000887,FAILED,NETWORK_DROPPED,1199.0,2026-08-19 10:11:00,1
PAY000888,TXN000888,FAILED,NETWORK_DROPPED,1799.0,2026-08-17 19:22:00,1
PAY000889,TXN000889,FAILED,BANK_GATEWAY_TIMEOUT,899.0,2026-08-18 21:07:00,1
PAY000890,TXN000890,FAILED,NETWORK_DROPPED,649.0,2026-08-22 08:08:00,1
PAY000891,TXN000891,FAILED,BANK_GATEWAY_TIMEOUT,699.0,2026-08-21 08:05:00,1
PAY000892,TXN000892,FAILED,NETWORK_DROPPED,1799.0,2026-08-26 13:32:00,1
PAY000893,TXN000893,FAILED,OTP_EXPIRED,2499.0,2026-08-28 15:37:00,1
PAY000894,TXN000894,FAILED,BANK_GATEWAY_TIMEOUT,699.0,2026-08-23 22:11:00,1
PAY000895,TXN000895,FAILED,BANK_GATEWAY_TIMEOUT,899.0,2026-08-26 02:28:00,1
PAY000896,TXN000896,FAILED,NETWORK_DROPPED,1799.0,2026-08-18 22:37:00,1
PAY000897,TXN000897,FAILED,OTP_EXPIRED,649.0,2026-08-25 04:52:00,1
PAY000898,TXN000898,FAILED,NETWORK_DROPPED,899.0,2026-08-17 19:10:00,1
PAY000899,TXN000899,FAILED,NETWORK_DROPPED,899.0,2026-08-29 11:15:00,1
PAY000900,TXN000900,FAILED,BANK_GATEWAY_TIMEOUT,1199.0,2026-08-25 23:11:00,1
PAY000901,TXN000901,FAILED,NETWORK_DROPPED,2499.0,2026-08-20 15:51:00,1
PAY000902,TXN000902,FAILED,NETWORK_DROPPED,1799.0,2026-08-18 14:04:00,1
PAY000903,TXN000903,FAILED,OTP_EXPIRED,899.0,2026-08-20 13:25:00,1
PAY000904,TXN000904,FAILED,NETWORK_DROPPED,1199.0,2026-08-31 03:03:00,1
PAY000905,TXN000905,FAILED,BANK_GATEWAY_TIMEOUT,1799.0,2026-08-24 21:19:00,1
PAY000906,TXN000906,FAILED,OTP_EXPIRED,649.0,2026-08-20 21:16:00,1
PAY000907,TXN000907,FAILED,OTP_EXPIRED,1799.0,2026-08-25 05:04:00,1
PAY000908,TXN000908,FAILED,NETWORK_DROPPED,1199.0,2026-08-24 12:14:00,1
PAY000909,TXN000909,FAILED,NETWORK_DROPPED,649.0,2026-08-27 05:55:00,1
PAY000910,TXN000910,FAILED,BANK_GATEWAY_TIMEOUT,1199.0,2026-08-18 15:50:00,1
PAY000911,TXN000911,FAILED,OTP_EXPIRED,649.0,2026-08-22 03:45:00,1
PAY000912,TXN000912,FAILED,OTP_EXPIRED,2499.0,2026-08-20 10:07:00,1
PAY000913,TXN000913,FAILED,NETWORK_DROPPED,1199.0,2026-08-30 10:12:00,1
PAY000914,TXN000914,FAILED,OTP_EXPIRED,1199.0,2026-08-21 13:00:00,1
PAY000915,TXN000915,FAILED,NETWORK_DROPPED,1799.0,2026-08-21 17:15:00,1
PAY000916,TXN000916,FAILED,OTP_EXPIRED,649.0,2026-08-28 00:41:00,1
PAY000917,TXN000917,FAILED,NETWORK_DROPPED,1799.0,2026-08-21 14:52:00,1
PAY000918,TXN000918,FAILED,NETWORK_DROPPED,699.0,2026-08-30 01:27:00,1
PAY000919,TXN000919,FAILED,NETWORK_DROPPED,1199.0,2026-08-24 08:51:00,1
PAY000920,TXN000920,FAILED,BANK_GATEWAY_TIMEOUT,2499.0,2026-08-30 10:33:00,1
PAY000921,TXN000921,FAILED,OTP_EXPIRED,2499.0,2026-08-25 14:27:00,1
PAY000922,TXN000922,FAILED,OTP_EXPIRED,899.0,2026-08-18 03:23:00,1
PAY000923,TXN000923,FAILED,BANK_GATEWAY_TIMEOUT,1799.0,2026-08-23 12:34:00,1
PAY000924,TXN000924,FAILED,NETWORK_DROPPED,899.0,2026-08-19 21:52:00,1
PAY000925,TXN000925,FAILED,OTP_EXPIRED,2499.0,2026-08-20 05:31:00,1
PAY000926,TXN000926,FAILED,OTP_EXPIRED,649.0,2026-08-26 08:22:00,1
PAY000927,TXN000927,FAILED,BANK_GATEWAY_TIMEOUT,649.0,2026-08-27 10:27:00,1
PAY000928,TXN000928,FAILED,BANK_GATEWAY_TIMEOUT,1199.0,2026-08-27 02:29:00,1
PAY000929,TXN000929,FAILED,OTP_EXPIRED,649.0,2026-08-25 10:01:00,1
PAY000930,TXN000930,FAILED,BANK_GATEWAY_TIMEOUT,699.0,2026-08-17 12:29:00,1
PAY000931,TXN000931,FAILED,OTP_EXPIRED,2499.0,2026-08-18 10:34:00,1
PAY000932,TXN000932,FAILED,NETWORK_DROPPED,899.0,2026-08-25 23:30:00,1
PAY000933,TXN000933,FAILED,OTP_EXPIRED,699.0,2026-08-22 15:31:00,1
PAY000934,TXN000934,FAILED,NETWORK_DROPPED,1799.0,2026-08-26 09:09:00,1
PAY000935,TXN000935,FAILED,NETWORK_DROPPED,899.0,2026-08-27 23:39:00,1
PAY000936,TXN000936,FAILED,BANK_GATEWAY_TIMEOUT,899.0,2026-08-20 03:19:00,1
PAY000937,TXN000937,FAILED,NETWORK_DROPPED,2499.0,2026-08-21 15:10:00,1
PAY000938,TXN000938,FAILED,BANK_GATEWAY_TIMEOUT,2499.0,2026-08-20 18:55:00,1
PAY000939,TXN000939,FAILED,NETWORK_DROPPED,649.0,2026-08-19 10:24:00,1
PAY000940,TXN000940,FAILED,NETWORK_DROPPED,649.0,2026-08-31 08:18:00,1
PAY000941,TXN000941,FAILED,NETWORK_DROPPED,1199.0,2026-08-19 05:45:00,1
PAY000942,TXN000942,FAILED,OTP_EXPIRED,899.0,2026-08-29 18:22:00,1
PAY000943,TXN000943,FAILED,OTP_EXPIRED,899.0,2026-08-18 11:39:00,1
PAY000944,TXN000944,FAILED,BANK_GATEWAY_TIMEOUT,649.0,2026-08-25 23:44:00,1
PAY000945,TXN000945,FAILED,BANK_GATEWAY_TIMEOUT,649.0,2026-08-29 02:51:00,1
PAY000946,TXN000946,FAILED,BANK_GATEWAY_TIMEOUT,699.0,2026-08-26 22:17:00,1
PAY000947,TXN000947,FAILED,OTP_EXPIRED,699.0,2026-08-30 13:57:00,1
PAY000948,TXN000948,FAILED,OTP_EXPIRED,699.0,2026-08-25 01:44:00,1
PAY000949,TXN000949,FAILED,NETWORK_DROPPED,2499.0,2026-08-28 04:12:00,1
PAY000950,TXN000950,FAILED,BANK_GATEWAY_TIMEOUT,649.0,2026-08-18 19:36:00,1
PAY000951,TXN000951,FAILED,OTP_EXPIRED,899.0,2026-08-22 22:56:00,1
PAY000952,TXN000952,FAILED,NETWORK_DROPPED,699.0,2026-08-31 03:25:00,1
PAY000953,TXN000953,FAILED,NETWORK_DROPPED,649.0,2026-08-21 07:41:00,1
PAY000954,TXN000954,FAILED,BANK_GATEWAY_TIMEOUT,1799.0,2026-08-23 05:10:00,1
PAY000955,TXN000955,FAILED,NETWORK_DROPPED,699.0,2026-08-22 22:02:00,1
PAY000956,TXN000956,FAILED,NETWORK_DROPPED,899.0,2026-08-17 16:42:00,1
PAY000957,TXN000957,FAILED,OTP_EXPIRED,2499.0,2026-08-24 03:22:00,1
PAY000958,TXN000958,FAILED,NETWORK_DROPPED,1199.0,2026-08-17 15:47:00,1
PAY000959,TXN000959,FAILED,NETWORK_DROPPED,2499.0,2026-08-28 12:26:00,1
PAY000960,TXN000960,FAILED,BANK_GATEWAY_TIMEOUT,899.0,2026-08-20 08:07:00,1
PAY000961,TXN000961,FAILED,OTP_EXPIRED,899.0,2026-08-27 16:28:00,1
PAY000962,TXN000962,FAILED,OTP_EXPIRED,1799.0,2026-08-26 13:32:00,1
PAY000963,TXN000963,FAILED,OTP_EXPIRED,1199.0,2026-08-27 21:22:00,1
PAY000964,TXN000964,FAILED,OTP_EXPIRED,699.0,2026-08-21 11:22:00,1
PAY000965,TXN000965,FAILED,NETWORK_DROPPED,1799.0,2026-08-28 22:25:00,1
PAY000966,TXN000966,FAILED,NETWORK_DROPPED,899.0,2026-08-23 09:10:00,1
PAY000967,TXN000967,FAILED,NETWORK_DROPPED,2499.0,2026-08-17 14:32:00,1
PAY000968,TXN000968,FAILED,OTP_EXPIRED,899.0,2026-08-17 16:38:00,1
PAY000969,TXN000969,FAILED,OTP_EXPIRED,1799.0,2026-08-31 08:31:00,1
PAY000970,TXN000970,FAILED,OTP_EXPIRED,2499.0,2026-08-27 12:59:00,1
PAY000971,TXN000971,FAILED,NETWORK_DROPPED,1199.0,2026-08-28 09:08:00,1
PAY000972,TXN000972,FAILED,OTP_EXPIRED,1799.0,2026-08-28 04:29:00,1
PAY000973,TXN000973,FAILED,BANK_GATEWAY_TIMEOUT,1799.0,2026-08-19 16:47:00,1
PAY000974,TXN000974,FAILED,OTP_EXPIRED,1799.0,2026-08-25 08:05:00,1
PAY000975,TXN000975,FAILED,NETWORK_DROPPED,699.0,2026-08-23 05:18:00,1
PAY000976,TXN000976,FAILED,NETWORK_DROPPED,649.0,2026-08-22 06:56:00,1
PAY000977,TXN000977,FAILED,BANK_GATEWAY_TIMEOUT,699.0,2026-08-26 17:06:00,1
PAY000978,TXN000978,FAILED,NETWORK_DROPPED,1199.0,2026-08-27 14:59:00,1
PAY000979,TXN000979,FAILED,OTP_EXPIRED,1199.0,2026-08-20 18:04:00,1
PAY000980,TXN000980,FAILED,OTP_EXPIRED,1799.0,2026-08-20 15:57:00,1
PAY000981,TXN000981,FAILED,OTP_EXPIRED,1199.0,2026-08-29 14:27:00,1
PAY000982,TXN000982,FAILED,OTP_EXPIRED,2499.0,2026-08-20 04:57:00,1
PAY000983,TXN000983,FAILED,BANK_GATEWAY_TIMEOUT,899.0,2026-08-26 11:35:00,1
PAY000984,TXN000984,FAILED,OTP_EXPIRED,2499.0,2026-08-20 04:16:00,1
PAY000985,TXN000985,FAILED,BANK_GATEWAY_TIMEOUT,699.0,2026-08-29 01:41:00,1
PAY000986,TXN000986,FAILED,BANK_GATEWAY_TIMEOUT,2499.0,2026-08-23 22:09:00,1
PAY000987,TXN000987,FAILED,BANK_GATEWAY_TIMEOUT,1199.0,2026-08-18 03:45:00,1
PAY000988,TXN000988,FAILED,BANK_GATEWAY_TIMEOUT,2499.0,2026-08-18 01:27:00,1
PAY000989,TXN000989,FAILED,BANK_GATEWAY_TIMEOUT,649.0,2026-08-21 21:12:00,1
PAY000990,TXN000990,FAILED,BANK_GATEWAY_TIMEOUT,2499.0,2026-08-30 10:02:00,1
PAY000991,TXN000991,FAILED,OTP_EXPIRED,1799.0,2026-08-30 07:57:00,1
PAY000992,TXN000992,FAILED,NETWORK_DROPPED,1799.0,2026-08-25 09:54:00,1
PAY000993,TXN000993,FAILED,BANK_GATEWAY_TIMEOUT,1199.0,2026-08-17 23:35:00,1
PAY000994,TXN000994,FAILED,NETWORK_DROPPED,699.0,2026-08-17 16:10:00,1
PAY000995,TXN000995,FAILED,NETWORK_DROPPED,899.0,2026-08-23 22:04:00,1
PAY000996,TXN000996,FAILED,NETWORK_DROPPED,1799.0,2026-08-21 11:31:00,1
PAY000997,TXN000997,FAILED,NETWORK_DROPPED,2499.0,2026-08-30 11:22:00,1
PAY000998,TXN000998,FAILED,NETWORK_DROPPED,699.0,2026-08-22 07:20:00,1
PAY000999,TXN000999,FAILED,BANK_GATEWAY_TIMEOUT,899.0,2026-08-19 16:32:00,1
PAY001000,TXN001000,FAILED,NETWORK_DROPPED,2499.0,2026-08-31 07:41:00,1
PAY001001,TXN001001,FAILED,NETWORK_DROPPED,1199.0,2026-08-26 17:04:00,1
PAY001002,TXN001002,FAILED,OTP_EXPIRED,899.0,2026-08-26 16:39:00,1
PAY001003,TXN001003,FAILED,BANK_GATEWAY_TIMEOUT,649.0,2026-08-21 14:17:00,1
PAY001004,TXN001004,FAILED,OTP_EXPIRED,649.0,2026-08-18 10:33:00,1
PAY001005,TXN001005,FAILED,BANK_GATEWAY_TIMEOUT,1799.0,2026-08-28 09:39:00,1
PAY001006,TXN001006,FAILED,OTP_EXPIRED,1799.0,2026-08-23 16:16:00,1
PAY001007,TXN001007,FAILED,OTP_EXPIRED,1199.0,2026-08-22 02:34:00,1
PAY001008,TXN001008,FAILED,BANK_GATEWAY_TIMEOUT,2499.0,2026-08-24 04:02:00,1
PAY001009,TXN001009,FAILED,BANK_GATEWAY_TIMEOUT,699.0,2026-08-23 16:47:00,1
PAY001010,TXN001010,FAILED,BANK_GATEWAY_TIMEOUT,1199.0,2026-08-18 12:36:00,1
PAY001011,TXN001011,FAILED,OTP_EXPIRED,2499.0,2026-08-26 11:56:00,1
PAY001012,TXN001012,FAILED,NETWORK_DROPPED,699.0,2026-08-26 21:48:00,1
PAY001013,TXN001013,FAILED,BANK_GATEWAY_TIMEOUT,1199.0,2026-08-31 11:48:00,1
PAY001014,TXN001014,FAILED,NETWORK_DROPPED,1199.0,2026-08-20 06:39:00,1
PAY001015,TXN001015,FAILED,BANK_GATEWAY_TIMEOUT,2499.0,2026-08-29 03:02:00,1
PAY001016,TXN001016,FAILED,BANK_GATEWAY_TIMEOUT,699.0,2026-08-24 15:10:00,1
PAY001017,TXN001017,FAILED,OTP_EXPIRED,1199.0,2026-08-24 04:37:00,1
PAY001018,TXN001018,FAILED,BANK_GATEWAY_TIMEOUT,649.0,2026-08-24 13:56:00,1
PAY001019,TXN001019,FAILED,NETWORK_DROPPED,699.0,2026-08-27 18:36:00,1
PAY001020,TXN001020,FAILED,BANK_GATEWAY_TIMEOUT,899.0,2026-08-21 04:02:00,1
PAY001021,TXN001021,FAILED,BANK_GATEWAY_TIMEOUT,699.0,2026-08-17 18:42:00,1
PAY001022,TXN001022,FAILED,BANK_GATEWAY_TIMEOUT,1799.0,2026-08-19 03:05:00,1
PAY001023,TXN001023,FAILED,OTP_EXPIRED,899.0,2026-08-27 12:55:00,1
PAY001024,TXN001024,FAILED,NETWORK_DROPPED,2499.0,2026-08-28 19:36:00,1
PAY001025,TXN001025,FAILED,OTP_EXPIRED,899.0,2026-08-22 21:49:00,1
PAY001026,TXN001026,FAILED,OTP_EXPIRED,1799.0,2026-08-23 13:29:00,1
PAY001027,TXN001027,FAILED,BANK_GATEWAY_TIMEOUT,1799.0,2026-08-18 17:19:00,1
PAY001028,TXN001028,FAILED,BANK_GATEWAY_TIMEOUT,899.0,2026-08-18 04:35:00,1
PAY001029,TXN001029,FAILED,NETWORK_DROPPED,649.0,2026-08-29 00:44:00,1
PAY001030,TXN001030,FAILED,OTP_EXPIRED,2499.0,2026-08-26 21:27:00,1
PAY001031,TXN001031,FAILED,OTP_EXPIRED,899.0,2026-08-22 16:39:00,1
PAY001032,TXN001032,FAILED,OTP_EXPIRED,899.0,2026-08-25 20:40:00,1
PAY001033,TXN001033,FAILED,BANK_GATEWAY_TIMEOUT,899.0,2026-08-28 03:19:00,1
PAY001034,TXN001034,FAILED,NETWORK_DROPPED,1199.0,2026-08-17 19:28:00,1
PAY001035,TXN001035,FAILED,BANK_GATEWAY_TIMEOUT,1199.0,2026-08-28 08:53:00,1
PAY001036,TXN001036,FAILED,OTP_EXPIRED,699.0,2026-08-26 05:17:00,1
PAY001037,TXN001037,FAILED,NETWORK_DROPPED,1799.0,2026-08-18 03:48:00,1
PAY001038,TXN001038,FAILED,OTP_EXPIRED,1799.0,2026-08-19 18:02:00,1
PAY001039,TXN001039,FAILED,OTP_EXPIRED,1199.0,2026-08-18 00:10:00,1
PAY001040,TXN001040,FAILED,OTP_EXPIRED,649.0,2026-08-18 16:00:00,1
PAY001041,TXN001041,FAILED,BANK_GATEWAY_TIMEOUT,699.0,2026-08-17 23:46:00,1
PAY001042,TXN001042,FAILED,NETWORK_DROPPED,899.0,2026-08-27 19:23:00,1
PAY001043,TXN001043,FAILED,BANK_GATEWAY_TIMEOUT,899.0,2026-08-26 09:40:00,1
PAY001044,TXN001044,FAILED,NETWORK_DROPPED,899.0,2026-08-27 21:32:00,1
PAY001045,TXN001045,FAILED,NETWORK_DROPPED,649.0,2026-08-18 07:41:00,1
PAY001046,TXN001046,FAILED,BANK_GATEWAY_TIMEOUT,1799.0,2026-08-18 00:39:00,1
PAY001047,TXN001047,FAILED,OTP_EXPIRED,899.0,2026-08-18 13:26:00,1
PAY001048,TXN001048,FAILED,BANK_GATEWAY_TIMEOUT,649.0,2026-08-19 10:01:00,1
PAY001049,TXN001049,FAILED,NETWORK_DROPPED,649.0,2026-08-20 16:02:00,1
PAY001050,TXN001050,FAILED,NETWORK_DROPPED,899.0,2026-08-27 23:56:00,1
PAY001051,TXN001051,FAILED,NETWORK_DROPPED,2499.0,2026-08-25 17:32:00,1
PAY001052,TXN001052,FAILED,BANK_GATEWAY_TIMEOUT,699.0,2026-08-29 14:25:00,1
PAY001053,TXN001053,FAILED,BANK_GATEWAY_TIMEOUT,649.0,2026-08-24 11:49:00,1
PAY001054,TXN001054,FAILED,NETWORK_DROPPED,1199.0,2026-08-28 04:42:00,1
PAY001055,TXN001055,FAILED,BANK_GATEWAY_TIMEOUT,2499.0,2026-08-25 20:00:00,1
PAY001056,TXN001056,FAILED,NETWORK_DROPPED,899.0,2026-08-29 08:52:00,1
PAY001057,TXN001057,FAILED,BANK_GATEWAY_TIMEOUT,2499.0,2026-08-25 05:52:00,1
PAY001058,TXN001058,FAILED,NETWORK_DROPPED,1799.0,2026-08-20 20:50:00,1
PAY001059,TXN001059,FAILED,NETWORK_DROPPED,649.0,2026-08-27 19:15:00,1
PAY001060,TXN001060,FAILED,OTP_EXPIRED,2499.0,2026-08-28 21:56:00,1
PAY001061,TXN001061,FAILED,OTP_EXPIRED,649.0,2026-08-25 17:04:00,1
PAY001062,TXN001062,FAILED,NETWORK_DROPPED,2499.0,2026-08-20 09:42:00,1
PAY001063,TXN001063,FAILED,OTP_EXPIRED,1199.0,2026-08-19 13:10:00,1
PAY001064,TXN001064,FAILED,NETWORK_DROPPED,699.0,2026-08-25 04:49:00,1
PAY001065,TXN001065,FAILED,NETWORK_DROPPED,899.0,2026-08-21 06:16:00,1
PAY001066,TXN001066,FAILED,NETWORK_DROPPED,2499.0,2026-08-28 06:43:00,1
PAY001067,TXN001067,FAILED,BANK_GATEWAY_TIMEOUT,2499.0,2026-08-19 12:14:00,1
PAY001068,TXN001068,FAILED,BANK_GATEWAY_TIMEOUT,649.0,2026-08-30 00:56:00,1
PAY001069,TXN001069,FAILED,OTP_EXPIRED,1199.0,2026-08-24 21:50:00,1
PAY001070,TXN001070,FAILED,NETWORK_DROPPED,899.0,2026-08-31 09:20:00,1
PAY001071,TXN001071,FAILED,BANK_GATEWAY_TIMEOUT,899.0,2026-08-25 12:35:00,1
PAY001072,TXN001072,FAILED,BANK_GATEWAY_TIMEOUT,1199.0,2026-08-29 13:02:00,1
PAY001073,TXN001073,FAILED,BANK_GATEWAY_TIMEOUT,899.0,2026-08-23 21:56:00,1
PAY001074,TXN001074,FAILED,OTP_EXPIRED,1799.0,2026-08-24 07:30:00,1
PAY001075,TXN001075,FAILED,OTP_EXPIRED,2499.0,2026-08-22 08:49:00,1
PAY001076,TXN001076,FAILED,BANK_GATEWAY_TIMEOUT,899.0,2026-08-29 09:18:00,1
PAY001077,TXN001077,FAILED,NETWORK_DROPPED,899.0,2026-08-26 06:47:00,1
PAY001078,TXN001078,FAILED,BANK_GATEWAY_TIMEOUT,649.0,2026-08-27 21:16:00,1
PAY001079,TXN001079,FAILED,NETWORK_DROPPED,649.0,2026-08-20 14:15:00,1
PAY001080,TXN001080,FAILED,NETWORK_DROPPED,1799.0,2026-08-26 21:57:00,1
PAY001081,TXN001081,FAILED,BANK_GATEWAY_TIMEOUT,899.0,2026-08-19 05:01:00,1
PAY001082,TXN001082,FAILED,BANK_GATEWAY_TIMEOUT,699.0,2026-08-30 11:34:00,1
PAY001083,TXN001083,FAILED,BANK_GATEWAY_TIMEOUT,699.0,2026-08-20 14:56:00,1
PAY001084,TXN001084,FAILED,BANK_GATEWAY_TIMEOUT,1799.0,2026-08-28 12:50:00,1
PAY001085,TXN001085,FAILED,BANK_GATEWAY_TIMEOUT,1199.0,2026-08-25 18:20:00,1
PAY001086,TXN001086,FAILED,BANK_GATEWAY_TIMEOUT,899.0,2026-08-25 08:46:00,1
PAY001087,TXN001087,FAILED,OTP_EXPIRED,699.0,2026-08-30 23:19:00,1
PAY001088,TXN001088,FAILED,OTP_EXPIRED,899.0,2026-08-28 09:18:00,1
PAY001089,TXN001089,FAILED,OTP_EXPIRED,2499.0,2026-08-30 05:34:00,1
PAY001090,TXN001090,FAILED,NETWORK_DROPPED,2499.0,2026-08-19 18:10:00,1
PAY001091,TXN001091,FAILED,OTP_EXPIRED,649.0,2026-08-25 15:16:00,1
PAY001092,TXN001092,FAILED,NETWORK_DROPPED,1799.0,2026-08-29 01:49:00,1
PAY001093,TXN001093,FAILED,BANK_GATEWAY_TIMEOUT,1199.0,2026-08-17 14:30:00,1
PAY001094,TXN001094,FAILED,NETWORK_DROPPED,649.0,2026-08-23 23:28:00,1
PAY001095,TXN001095,FAILED,BANK_GATEWAY_TIMEOUT,649.0,2026-08-20 11:46:00,1
PAY001096,TXN001096,FAILED,BANK_GATEWAY_TIMEOUT,1199.0,2026-08-27 12:33:00,1
PAY001097,TXN001097,FAILED,BANK_GATEWAY_TIMEOUT,699.0,2026-08-25 20:42:00,1
PAY001098,TXN001098,FAILED,NETWORK_DROPPED,1799.0,2026-08-31 04:01:00,1
PAY001099,TXN001099,FAILED,OTP_EXPIRED,1799.0,2026-08-26 07:43:00,1
PAY001100,TXN001100,FAILED,OTP_EXPIRED,2499.0,2026-08-22 22:19:00,1
PAY001101,TXN001101,FAILED,BANK_GATEWAY_TIMEOUT,1799.0,2026-08-26 01:45:00,1
PAY001102,TXN001102,FAILED,NETWORK_DROPPED,699.0,2026-08-18 14:16:00,1
PAY001103,TXN001103,FAILED,OTP_EXPIRED,899.0,2026-08-23 01:49:00,1
PAY001104,TXN001104,FAILED,NETWORK_DROPPED,899.0,2026-08-30 05:57:00,1
PAY001105,TXN001105,FAILED,NETWORK_DROPPED,699.0,2026-08-30 06:23:00,1
PAY001106,TXN001106,FAILED,NETWORK_DROPPED,699.0,2026-08-23 09:33:00,1
PAY001107,TXN001107,FAILED,BANK_GATEWAY_TIMEOUT,1799.0,2026-08-28 04:33:00,1
PAY001108,TXN001108,FAILED,BANK_GATEWAY_TIMEOUT,1199.0,2026-08-21 21:20:00,1
PAY001109,TXN001109,FAILED,OTP_EXPIRED,899.0,2026-08-30 00:35:00,1
PAY001110,TXN001110,FAILED,OTP_EXPIRED,899.0,2026-08-22 16:13:00,1
PAY001111,TXN001111,FAILED,BANK_GATEWAY_TIMEOUT,899.0,2026-08-30 23:33:00,1
PAY001112,TXN001112,FAILED,NETWORK_DROPPED,649.0,2026-08-23 07:25:00,1
PAY001113,TXN001113,FAILED,OTP_EXPIRED,899.0,2026-08-26 21:42:00,1
PAY001114,TXN001114,FAILED,OTP_EXPIRED,2499.0,2026-08-26 07:15:00,1
PAY001115,TXN001115,FAILED,NETWORK_DROPPED,2499.0,2026-08-30 19:14:00,1
PAY001116,TXN001116,FAILED,OTP_EXPIRED,899.0,2026-08-24 12:37:00,1
PAY001117,TXN001117,FAILED,BANK_GATEWAY_TIMEOUT,649.0,2026-08-29 22:04:00,1
PAY001118,TXN001118,FAILED,OTP_EXPIRED,899.0,2026-08-22 06:48:00,1
PAY001119,TXN001119,FAILED,OTP_EXPIRED,1799.0,2026-08-25 19:15:00,1
PAY001120,TXN001120,FAILED,OTP_EXPIRED,1799.0,2026-08-30 15:36:00,1
PAY001121,TXN001121,FAILED,NETWORK_DROPPED,899.0,2026-08-31 00:20:00,1
PAY001122,TXN001122,FAILED,NETWORK_DROPPED,1799.0,2026-08-21 07:44:00,1
PAY001123,TXN001123,FAILED,NETWORK_DROPPED,699.0,2026-08-27 04:22:00,1
PAY001124,TXN001124,FAILED,BANK_GATEWAY_TIMEOUT,699.0,2026-08-31 08:11:00,1
PAY001125,TXN001125,FAILED,BANK_GATEWAY_TIMEOUT,899.0,2026-08-19 17:03:00,1
PAY001126,TXN001126,FAILED,NETWORK_DROPPED,899.0,2026-08-28 22:44:00,1
PAY001127,TXN001127,FAILED,NETWORK_DROPPED,1799.0,2026-08-24 17:41:00,1
PAY001128,TXN001128,FAILED,NETWORK_DROPPED,1799.0,2026-08-18 09:54:00,1
PAY001129,TXN001129,FAILED,NETWORK_DROPPED,1199.0,2026-08-18 07:43:00,1
PAY001130,TXN001130,FAILED,BANK_GATEWAY_TIMEOUT,899.0,2026-08-20 03:00:00,1
PAY001131,TXN001131,FAILED,NETWORK_DROPPED,2499.0,2026-08-29 13:34:00,1
PAY001132,TXN001132,FAILED,OTP_EXPIRED,1799.0,2026-08-25 06:49:00,1
PAY001133,TXN001133,FAILED,BANK_GATEWAY_TIMEOUT,699.0,2026-08-24 06:28:00,1
PAY001134,TXN001134,FAILED,NETWORK_DROPPED,699.0,2026-08-29 05:57:00,1
PAY001135,TXN001135,FAILED,NETWORK_DROPPED,699.0,2026-08-26 22:32:00,1
PAY001136,TXN001136,FAILED,BANK_GATEWAY_TIMEOUT,1799.0,2026-08-29 09:42:00,1
PAY001137,TXN001137,FAILED,BANK_GATEWAY_TIMEOUT,2499.0,2026-08-26 11:23:00,1
PAY001138,TXN001138,FAILED,BANK_GATEWAY_TIMEOUT,2499.0,2026-08-31 10:43:00,1
PAY001139,TXN001139,FAILED,BANK_GATEWAY_TIMEOUT,2499.0,2026-08-30 05:27:00,1
PAY001140,TXN001140,FAILED,OTP_EXPIRED,1199.0,2026-08-23 20:12:00,1
PAY001141,TXN001141,FAILED,BANK_GATEWAY_TIMEOUT,1199.0,2026-08-21 01:40:00,1
PAY001142,TXN001142,FAILED,OTP_EXPIRED,899.0,2026-08-24 16:57:00,1
PAY001143,TXN001143,FAILED,NETWORK_DROPPED,2499.0,2026-08-30 21:05:00,1
PAY001144,TXN001144,FAILED,NETWORK_DROPPED,699.0,2026-08-30 16:53:00,1
PAY001145,TXN001145,FAILED,NETWORK_DROPPED,699.0,2026-08-25 21:21:00,1
PAY001146,TXN001146,FAILED,BANK_GATEWAY_TIMEOUT,649.0,2026-08-24 14:48:00,1
PAY001147,TXN001147,FAILED,BANK_GATEWAY_TIMEOUT,1199.0,2026-08-30 15:37:00,1
PAY001148,TXN001148,FAILED,NETWORK_DROPPED,1199.0,2026-08-20 21:46:00,1
PAY001149,TXN001149,FAILED,OTP_EXPIRED,649.0,2026-08-19 09:38:00,1
PAY001150,TXN001150,FAILED,BANK_GATEWAY_TIMEOUT,1799.0,2026-08-17 13:03:00,1
PAY001151,TXN001151,FAILED,NETWORK_DROPPED,649.0,2026-08-27 13:51:00,1
PAY001152,TXN001152,FAILED,OTP_EXPIRED,1799.0,2026-08-23 10:52:00,1
PAY001153,TXN001153,FAILED,OTP_EXPIRED,1799.0,2026-08-22 21:50:00,1
PAY001154,TXN001154,FAILED,BANK_GATEWAY_TIMEOUT,1799.0,2026-08-23 04:45:00,1
PAY001155,TXN001155,FAILED,NETWORK_DROPPED,1799.0,2026-08-30 08:33:00,1
PAY001156,TXN001156,FAILED,NETWORK_DROPPED,899.0,2026-08-19 03:46:00,1
PAY001157,TXN001157,FAILED,NETWORK_DROPPED,1799.0,2026-08-29 14:52:00,1
PAY001158,TXN001158,FAILED,BANK_GATEWAY_TIMEOUT,2499.0,2026-08-18 13:39:00,1
PAY001159,TXN001159,FAILED,OTP_EXPIRED,649.0,2026-08-29 15:39:00,1
PAY001160,TXN001160,FAILED,NETWORK_DROPPED,1799.0,2026-08-19 23:19:00,1
PAY001161,TXN001161,FAILED,OTP_EXPIRED,899.0,2026-08-19 04:46:00,1
PAY001162,TXN001162,FAILED,NETWORK_DROPPED,2499.0,2026-08-30 01:13:00,1
PAY001163,TXN001163,FAILED,OTP_EXPIRED,2499.0,2026-08-22 00:52:00,1
PAY001164,TXN001164,FAILED,NETWORK_DROPPED,1799.0,2026-08-31 02:57:00,1
PAY001165,TXN001165,FAILED,OTP_EXPIRED,899.0,2026-08-25 01:11:00,1
PAY001166,TXN001166,FAILED,NETWORK_DROPPED,699.0,2026-08-22 14:22:00,1
PAY001167,TXN001167,FAILED,BANK_GATEWAY_TIMEOUT,2499.0,2026-08-22 21:40:00,1
PAY001168,TXN001168,FAILED,BANK_GATEWAY_TIMEOUT,699.0,2026-08-23 14:31:00,1
PAY001169,TXN001169,FAILED,NETWORK_DROPPED,1799.0,2026-08-20 13:58:00,1
PAY001170,TXN001170,FAILED,NETWORK_DROPPED,1799.0,2026-08-30 03:06:00,1
PAY001171,TXN001171,FAILED,OTP_EXPIRED,699.0,2026-08-24 02:15:00,1
PAY001172,TXN001172,FAILED,NETWORK_DROPPED,1199.0,2026-08-28 13:47:00,1
PAY001173,TXN001173,FAILED,BANK_GATEWAY_TIMEOUT,1799.0,2026-08-20 10:01:00,1
PAY001174,TXN001174,REFUNDED,,1999.0,2026-06-15 14:02:00,0
PAY001175,TXN001175,SUCCESS,,1999.0,2026-06-05 22:17:00,0
PAY001176,TXN001176,SUCCESS,,1999.0,2026-08-12 19:14:00,0
PAY001177,TXN001177,SUCCESS,,3899.0,2026-05-23 08:52:00,0
PAY001178,TXN001178,SUCCESS,,699.0,2026-06-14 21:19:00,0
PAY001179,TXN001179,SUCCESS,,999.0,2026-06-18 07:47:00,0
PAY001180,TXN001180,SUCCESS,,4999.0,2026-05-30 12:06:00,0
PAY001181,TXN001181,FAILED,INSUFFICIENT_FUNDS,1199.0,2026-05-26 22:17:00,0
PAY001182,TXN001182,SUCCESS,,999.0,2026-07-17 10:53:00,0
PAY001183,TXN001183,SUCCESS,,799.0,2026-07-23 15:14:00,0
PAY001184,TXN001184,SUCCESS,,1999.0,2026-04-28 02:16:00,0
PAY001185,TXN001185,SUCCESS,,1999.0,2026-03-06 14:18:00,0
PAY001186,TXN001186,SUCCESS,,1999.0,2026-06-21 15:19:00,0
PAY001187,TXN001187,SUCCESS,,2499.0,2026-07-30 20:19:00,0
PAY001188,TXN001188,SUCCESS,,749.0,2026-04-06 17:30:00,0
PAY001189,TXN001189,SUCCESS,,749.0,2026-07-15 23:30:00,0
PAY001190,TXN001190,FAILED,CARD_EXPIRED,749.0,2026-07-30 08:40:00,0
PAY001191,TXN001191,SUCCESS,,4999.0,2026-05-22 18:08:00,0
PAY001192,TXN001192,SUCCESS,,2499.0,2026-04-20 17:26:00,0
PAY001193,TXN001193,SUCCESS,,1499.0,2026-03-16 08:49:00,0
PAY001194,TXN001194,SUCCESS,,3899.0,2026-05-09 01:53:00,0
PAY001195,TXN001195,SUCCESS,,2899.0,2026-08-08 18:44:00,0
PAY001196,TXN001196,REFUNDED,,849.0,2026-06-16 00:26:00,0
PAY001197,TXN001197,SUCCESS,,4999.0,2026-06-29 02:58:00,0
PAY001198,TXN001198,SUCCESS,,899.0,2026-03-15 18:32:00,0
PAY001199,TXN001199,SUCCESS,,849.0,2026-06-01 16:26:00,0
PAY001200,TXN001200,SUCCESS,,699.0,2026-07-02 10:48:00,0
PAY001201,TXN001201,SUCCESS,,1199.0,2026-03-29 18:47:00,0
PAY001202,TXN001202,SUCCESS,,1699.0,2026-05-15 09:25:00,0
PAY001203,TXN001203,SUCCESS,,2899.0,2026-05-20 21:55:00,0
PAY001204,TXN001204,SUCCESS,,1199.0,2026-04-16 05:56:00,0
PAY001205,TXN001205,SUCCESS,,1499.0,2026-05-27 17:18:00,0
PAY001206,TXN001206,SUCCESS,,799.0,2026-07-23 01:10:00,0
PAY001207,TXN001207,SUCCESS,,1299.0,2026-08-12 03:53:00,0
PAY001208,TXN001208,SUCCESS,,2499.0,2026-06-07 15:55:00,0
PAY001209,TXN001209,REFUNDED,,1199.0,2026-07-05 04:00:00,0
PAY001210,TXN001210,SUCCESS,,1999.0,2026-08-05 08:49:00,0
PAY001211,TXN001211,SUCCESS,,999.0,2026-08-06 19:38:00,0
PAY001212,TXN001212,SUCCESS,,1899.0,2026-03-29 08:03:00,0
PAY001213,TXN001213,FAILED,FRAUD_SUSPECTED,1999.0,2026-07-16 00:09:00,0
PAY001214,TXN001214,SUCCESS,,749.0,2026-07-30 04:00:00,0
PAY001215,TXN001215,SUCCESS,,1199.0,2026-07-25 23:24:00,0
PAY001216,TXN001216,SUCCESS,,1799.0,2026-06-28 14:22:00,0
PAY001217,TXN001217,SUCCESS,,1799.0,2026-05-03 19:42:00,0
PAY001218,TXN001218,SUCCESS,,1299.0,2026-06-13 15:06:00,0
PAY001219,TXN001219,SUCCESS,,649.0,2026-08-07 15:55:00,0
PAY001220,TXN001220,SUCCESS,,2899.0,2026-04-06 10:55:00,0
PAY001221,TXN001221,SUCCESS,,4999.0,2026-05-14 14:28:00,0
PAY001222,TXN001222,SUCCESS,,849.0,2026-03-08 14:04:00,0
PAY001223,TXN001223,SUCCESS,,1699.0,2026-07-13 13:00:00,0
PAY001224,TXN001224,SUCCESS,,1799.0,2026-06-29 12:18:00,0
PAY001225,TXN001225,FAILED,CARD_EXPIRED,849.0,2026-03-08 16:58:00,0
PAY001226,TXN001226,SUCCESS,,2499.0,2026-05-30 07:28:00,0
PAY001227,TXN001227,SUCCESS,,1999.0,2026-07-19 00:53:00,0
PAY001228,TXN001228,SUCCESS,,3899.0,2026-08-01 02:41:00,0
PAY001229,TXN001229,FAILED,INSUFFICIENT_FUNDS,749.0,2026-05-23 05:01:00,0
PAY001230,TXN001230,SUCCESS,,2999.0,2026-03-25 20:57:00,0
PAY001231,TXN001231,SUCCESS,,899.0,2026-06-02 09:00:00,0
PAY001232,TXN001232,SUCCESS,,1799.0,2026-08-29 08:33:00,0
PAY001233,TXN001233,SUCCESS,,1199.0,2026-05-18 08:02:00,0
PAY001234,TXN001234,SUCCESS,,1899.0,2026-07-04 20:35:00,0
PAY001235,TXN001235,SUCCESS,,2899.0,2026-04-16 03:54:00,0
PAY001236,TXN001236,SUCCESS,,2899.0,2026-07-27 00:13:00,0
PAY001237,TXN001237,SUCCESS,,1499.0,2026-08-03 05:42:00,0
PAY001238,TXN001238,SUCCESS,,649.0,2026-08-23 06:18:00,0
PAY001239,TXN001239,SUCCESS,,1899.0,2026-07-31 22:29:00,0
PAY001240,TXN001240,SUCCESS,,1199.0,2026-06-08 23:28:00,0
PAY001241,TXN001241,SUCCESS,,1999.0,2026-07-29 08:54:00,0
PAY001242,TXN001242,SUCCESS,,849.0,2026-08-27 14:45:00,0
PAY001243,TXN001243,SUCCESS,,1699.0,2026-08-28 22:30:00,0
PAY001244,TXN001244,SUCCESS,,799.0,2026-06-28 16:51:00,0
PAY001245,TXN001245,SUCCESS,,3499.0,2026-06-24 13:45:00,0
PAY001246,TXN001246,SUCCESS,,3499.0,2026-03-04 12:28:00,0
PAY001247,TXN001247,SUCCESS,,749.0,2026-03-22 15:51:00,0
PAY001248,TXN001248,SUCCESS,,1899.0,2026-07-13 07:33:00,0
PAY001249,TXN001249,SUCCESS,,699.0,2026-05-25 22:27:00,0
PAY001250,TXN001250,SUCCESS,,1299.0,2026-06-05 22:30:00,0
PAY001251,TXN001251,SUCCESS,,899.0,2026-08-03 03:37:00,0
PAY001252,TXN001252,SUCCESS,,1299.0,2026-06-11 10:49:00,0
PAY001253,TXN001253,SUCCESS,,649.0,2026-07-08 02:30:00,0
PAY001254,TXN001254,SUCCESS,,2899.0,2026-06-27 20:37:00,0
PAY001255,TXN001255,SUCCESS,,4999.0,2026-03-09 18:11:00,0
PAY001256,TXN001256,SUCCESS,,1799.0,2026-04-02 19:22:00,0
PAY001257,TXN001257,SUCCESS,,749.0,2026-05-25 09:04:00,0
PAY001258,TXN001258,SUCCESS,,3499.0,2026-08-20 17:02:00,0
PAY001259,TXN001259,SUCCESS,,2999.0,2026-08-06 09:26:00,0
PAY001260,TXN001260,SUCCESS,,1499.0,2026-04-16 12:51:00,0
PAY001261,TXN001261,SUCCESS,,1899.0,2026-04-10 00:03:00,0
PAY001262,TXN001262,FAILED,INSUFFICIENT_FUNDS,799.0,2026-08-13 20:34:00,0
PAY001263,TXN001263,FAILED,INSUFFICIENT_FUNDS,1699.0,2026-06-21 13:52:00,0
PAY001264,TXN001264,SUCCESS,,1499.0,2026-05-21 20:17:00,0
PAY001265,TXN001265,SUCCESS,,2899.0,2026-05-10 19:36:00,0
PAY001266,TXN001266,SUCCESS,,1899.0,2026-07-10 07:00:00,0
PAY001267,TXN001267,SUCCESS,,4999.0,2026-04-21 21:28:00,0
PAY001268,TXN001268,SUCCESS,,1299.0,2026-06-16 13:43:00,0
PAY001269,TXN001269,FAILED,USER_ABORTED,3899.0,2026-07-02 02:58:00,0
PAY001270,TXN001270,REFUNDED,,1199.0,2026-06-23 10:19:00,0
PAY001271,TXN001271,SUCCESS,,3899.0,2026-08-02 11:19:00,0
PAY001272,TXN001272,SUCCESS,,649.0,2026-08-09 13:04:00,0
PAY001273,TXN001273,SUCCESS,,1699.0,2026-06-17 01:57:00,0
PAY001274,TXN001274,SUCCESS,,1299.0,2026-06-21 06:44:00,0
PAY001275,TXN001275,FAILED,USER_ABORTED,749.0,2026-08-03 12:13:00,0
PAY001276,TXN001276,SUCCESS,,1699.0,2026-04-12 05:08:00,0
PAY001277,TXN001277,SUCCESS,,749.0,2026-03-22 23:51:00,0
PAY001278,TXN001278,SUCCESS,,1799.0,2026-07-24 20:55:00,0
PAY001279,TXN001279,SUCCESS,,2899.0,2026-07-13 17:29:00,0
PAY001280,TXN001280,SUCCESS,,4999.0,2026-06-13 06:04:00,0
PAY001281,TXN001281,SUCCESS,,1499.0,2026-08-14 07:56:00,0
PAY001282,TXN001282,SUCCESS,,1999.0,2026-08-05 12:27:00,0
PAY001283,TXN001283,SUCCESS,,1699.0,2026-08-05 23:36:00,0
PAY001284,TXN001284,SUCCESS,,699.0,2026-07-29 04:11:00,0
PAY001285,TXN001285,SUCCESS,,1699.0,2026-08-28 11:10:00,0
PAY001286,TXN001286,SUCCESS,,2499.0,2026-07-11 07:30:00,0
PAY001287,TXN001287,SUCCESS,,2899.0,2026-06-14 01:30:00,0
PAY001288,TXN001288,SUCCESS,,1899.0,2026-03-23 18:53:00,0
PAY001289,TXN001289,SUCCESS,,899.0,2026-08-04 19:04:00,0
PAY001290,TXN001290,SUCCESS,,1299.0,2026-08-25 04:33:00,0
PAY001291,TXN001291,SUCCESS,,1299.0,2026-03-08 23:17:00,0
PAY001292,TXN001292,FAILED,USER_ABORTED,999.0,2026-07-19 08:46:00,0
PAY001293,TXN001293,FAILED,INSUFFICIENT_FUNDS,1699.0,2026-06-07 08:37:00,0
PAY001294,TXN001294,SUCCESS,,1199.0,2026-07-16 22:27:00,0
PAY001295,TXN001295,SUCCESS,,1199.0,2026-03-13 14:41:00,0
PAY001296,TXN001296,SUCCESS,,3499.0,2026-06-22 20:18:00,0
PAY001297,TXN001297,SUCCESS,,2499.0,2026-08-31 07:11:00,0
PAY001298,TXN001298,FAILED,USER_ABORTED,2999.0,2026-05-01 09:53:00,0
PAY001299,TXN001299,SUCCESS,,2499.0,2026-06-10 07:49:00,0
PAY001300,TXN001300,SUCCESS,,799.0,2026-04-29 13:34:00,0
PAY001301,TXN001301,SUCCESS,,1299.0,2026-05-24 22:25:00,0
PAY001302,TXN001302,SUCCESS,,3899.0,2026-07-03 23:55:00,0
PAY001303,TXN001303,SUCCESS,,1299.0,2026-03-05 09:45:00,0
PAY001304,TXN001304,FAILED,INSUFFICIENT_FUNDS,4999.0,2026-05-30 18:30:00,0
PAY001305,TXN001305,SUCCESS,,1799.0,2026-05-31 07:42:00,0
PAY001306,TXN001306,SUCCESS,,799.0,2026-06-30 05:08:00,0
PAY001307,TXN001307,SUCCESS,,1199.0,2026-05-26 12:59:00,0
PAY001308,TXN001308,SUCCESS,,3499.0,2026-03-14 17:56:00,0
PAY001309,TXN001309,SUCCESS,,4999.0,2026-07-25 00:51:00,0
PAY001310,TXN001310,SUCCESS,,799.0,2026-07-24 06:30:00,0
PAY001311,TXN001311,SUCCESS,,899.0,2026-05-02 22:14:00,0
PAY001312,TXN001312,SUCCESS,,4999.0,2026-06-19 08:51:00,0
PAY001313,TXN001313,SUCCESS,,2899.0,2026-04-25 07:00:00,0
PAY001314,TXN001314,SUCCESS,,2999.0,2026-04-11 13:07:00,0
PAY001315,TXN001315,SUCCESS,,1299.0,2026-05-15 06:43:00,0
PAY001316,TXN001316,SUCCESS,,1199.0,2026-07-07 23:21:00,0
PAY001317,TXN001317,SUCCESS,,3899.0,2026-03-30 09:08:00,0
PAY001318,TXN001318,SUCCESS,,1999.0,2026-05-26 06:57:00,0
PAY001319,TXN001319,SUCCESS,,1899.0,2026-08-04 08:56:00,0
PAY001320,TXN001320,SUCCESS,,4999.0,2026-07-01 02:50:00,0
PAY001321,TXN001321,FAILED,CARD_EXPIRED,4999.0,2026-06-13 05:25:00,0
PAY001322,TXN001322,SUCCESS,,2499.0,2026-04-07 17:58:00,0
PAY001323,TXN001323,SUCCESS,,699.0,2026-06-12 09:41:00,0
PAY001324,TXN001324,SUCCESS,,1999.0,2026-04-25 05:40:00,0
PAY001325,TXN001325,SUCCESS,,1199.0,2026-03-04 14:54:00,0
PAY001326,TXN001326,SUCCESS,,3499.0,2026-04-25 07:59:00,0
PAY001327,TXN001327,SUCCESS,,699.0,2026-06-18 06:51:00,0
PAY001328,TXN001328,SUCCESS,,2499.0,2026-07-03 05:09:00,0
PAY001329,TXN001329,SUCCESS,,2899.0,2026-04-24 19:14:00,0
PAY001330,TXN001330,SUCCESS,,649.0,2026-05-09 07:39:00,0
PAY001331,TXN001331,SUCCESS,,799.0,2026-08-20 13:11:00,0
PAY001332,TXN001332,SUCCESS,,1699.0,2026-08-12 07:24:00,0
PAY001333,TXN001333,SUCCESS,,4999.0,2026-07-26 02:25:00,0
PAY001334,TXN001334,FAILED,CARD_EXPIRED,2499.0,2026-04-26 08:31:00,0
PAY001335,TXN001335,SUCCESS,,1899.0,2026-04-06 00:38:00,0
PAY001336,TXN001336,SUCCESS,,2999.0,2026-06-25 20:44:00,0
PAY001337,TXN001337,SUCCESS,,1199.0,2026-07-30 17:29:00,0
PAY001338,TXN001338,SUCCESS,,799.0,2026-03-25 14:52:00,0
PAY001339,TXN001339,SUCCESS,,649.0,2026-05-28 09:17:00,0
PAY001340,TXN001340,SUCCESS,,699.0,2026-03-25 15:57:00,0
PAY001341,TXN001341,SUCCESS,,3899.0,2026-08-29 07:06:00,0
PAY001342,TXN001342,SUCCESS,,1999.0,2026-08-13 04:36:00,0
PAY001343,TXN001343,SUCCESS,,2999.0,2026-05-03 15:26:00,0
PAY001344,TXN001344,SUCCESS,,2899.0,2026-08-03 23:11:00,0
PAY001345,TXN001345,SUCCESS,,649.0,2026-06-04 16:29:00,0
PAY001346,TXN001346,SUCCESS,,1899.0,2026-05-07 10:26:00,0
PAY001347,TXN001347,SUCCESS,,1499.0,2026-06-10 17:58:00,0
PAY001348,TXN001348,SUCCESS,,1799.0,2026-05-12 20:47:00,0
PAY001349,TXN001349,SUCCESS,,799.0,2026-06-23 03:20:00,0
PAY001350,TXN001350,SUCCESS,,1999.0,2026-08-11 02:05:00,0
PAY001351,TXN001351,SUCCESS,,1499.0,2026-03-13 03:49:00,0
PAY001352,TXN001352,FAILED,FRAUD_SUSPECTED,799.0,2026-06-05 02:50:00,0
PAY001353,TXN001353,FAILED,FRAUD_SUSPECTED,3899.0,2026-03-08 06:16:00,0
PAY001354,TXN001354,SUCCESS,,4999.0,2026-04-09 16:48:00,0
PAY001355,TXN001355,SUCCESS,,1199.0,2026-06-09 14:08:00,0
PAY001356,TXN001356,SUCCESS,,649.0,2026-08-28 07:03:00,0
PAY001357,TXN001357,SUCCESS,,649.0,2026-08-01 14:34:00,0
PAY001358,TXN001358,SUCCESS,,1199.0,2026-03-21 21:20:00,0
PAY001359,TXN001359,SUCCESS,,1499.0,2026-05-15 13:26:00,0
PAY001360,TXN001360,SUCCESS,,1799.0,2026-07-09 05:17:00,0
PAY001361,TXN001361,SUCCESS,,1799.0,2026-08-27 02:03:00,0
PAY001362,TXN001362,SUCCESS,,999.0,2026-03-17 21:34:00,0
PAY001363,TXN001363,SUCCESS,,799.0,2026-04-20 01:53:00,0
PAY001364,TXN001364,SUCCESS,,2899.0,2026-04-11 16:50:00,0
PAY001365,TXN001365,FAILED,INSUFFICIENT_FUNDS,799.0,2026-03-22 02:16:00,0
PAY001366,TXN001366,SUCCESS,,3499.0,2026-08-08 15:59:00,0
PAY001367,TXN001367,SUCCESS,,1699.0,2026-04-14 08:20:00,0
PAY001368,TXN001368,SUCCESS,,899.0,2026-05-16 05:46:00,0
PAY001369,TXN001369,FAILED,FRAUD_SUSPECTED,1499.0,2026-05-03 08:38:00,0
PAY001370,TXN001370,SUCCESS,,1999.0,2026-08-30 00:10:00,0
PAY001371,TXN001371,FAILED,FRAUD_SUSPECTED,1899.0,2026-06-13 22:17:00,0
PAY001372,TXN001372,SUCCESS,,4999.0,2026-08-25 07:10:00,0
PAY001373,TXN001373,REFUNDED,,1699.0,2026-06-11 01:50:00,0
PAY001374,TXN001374,SUCCESS,,3899.0,2026-05-23 05:21:00,0
PAY001375,TXN001375,SUCCESS,,749.0,2026-05-14 07:20:00,0
PAY001376,TXN001376,SUCCESS,,649.0,2026-04-21 06:33:00,0
PAY001377,TXN001377,SUCCESS,,849.0,2026-07-31 15:24:00,0
PAY001378,TXN001378,SUCCESS,,1899.0,2026-04-12 06:40:00,0
PAY001379,TXN001379,SUCCESS,,4999.0,2026-03-23 17:51:00,0
PAY001380,TXN001380,SUCCESS,,2499.0,2026-04-06 23:59:00,0
PAY001381,TXN001381,SUCCESS,,1799.0,2026-07-15 04:19:00,0
PAY001382,TXN001382,SUCCESS,,1299.0,2026-05-27 03:18:00,0
PAY001383,TXN001383,SUCCESS,,4999.0,2026-03-20 17:05:00,0
PAY001384,TXN001384,SUCCESS,,3499.0,2026-08-04 07:42:00,0
PAY001385,TXN001385,SUCCESS,,999.0,2026-05-31 05:35:00,0
PAY001386,TXN001386,SUCCESS,,2499.0,2026-04-28 15:56:00,0
PAY001387,TXN001387,SUCCESS,,649.0,2026-03-21 21:09:00,0
PAY001388,TXN001388,SUCCESS,,2899.0,2026-03-15 17:20:00,0
PAY001389,TXN001389,SUCCESS,,649.0,2026-06-03 20:21:00,0
PAY001390,TXN001390,SUCCESS,,1899.0,2026-07-31 05:22:00,0
PAY001391,TXN001391,SUCCESS,,1199.0,2026-07-07 00:53:00,0
PAY001392,TXN001392,SUCCESS,,1299.0,2026-08-09 12:16:00,0
PAY001393,TXN001393,SUCCESS,,1499.0,2026-08-08 00:15:00,0
PAY001394,TXN001394,SUCCESS,,999.0,2026-05-11 19:35:00,0
PAY001395,TXN001395,SUCCESS,,1899.0,2026-05-23 08:23:00,0
PAY001396,TXN001396,SUCCESS,,1499.0,2026-04-28 22:04:00,0
PAY001397,TXN001397,SUCCESS,,649.0,2026-03-25 08:22:00,0
PAY001398,TXN001398,SUCCESS,,1799.0,2026-03-23 09:32:00,0
PAY001399,TXN001399,SUCCESS,,1899.0,2026-04-02 22:42:00,0
PAY001400,TXN001400,SUCCESS,,849.0,2026-06-01 23:59:00,0
PAY001401,TXN001401,SUCCESS,,2899.0,2026-06-01 04:56:00,0
PAY001402,TXN001402,SUCCESS,,649.0,2026-07-31 11:40:00,0
PAY001403,TXN001403,SUCCESS,,2999.0,2026-04-08 01:03:00,0
PAY001404,TXN001404,SUCCESS,,1699.0,2026-07-07 19:47:00,0
PAY001405,TXN001405,SUCCESS,,2499.0,2026-04-06 15:34:00,0
PAY001406,TXN001406,SUCCESS,,649.0,2026-07-12 05:57:00,0
PAY001407,TXN001407,SUCCESS,,799.0,2026-08-01 08:32:00,0
PAY001408,TXN001408,SUCCESS,,1299.0,2026-04-06 11:42:00,0
PAY001409,TXN001409,SUCCESS,,4999.0,2026-05-05 02:52:00,0
PAY001410,TXN001410,SUCCESS,,3899.0,2026-04-18 10:39:00,0
PAY001411,TXN001411,SUCCESS,,799.0,2026-06-15 03:40:00,0
PAY001412,TXN001412,SUCCESS,,649.0,2026-04-26 16:57:00,0
PAY001413,TXN001413,SUCCESS,,999.0,2026-03-20 08:07:00,0
PAY001414,TXN001414,SUCCESS,,1299.0,2026-08-19 11:52:00,0
PAY001415,TXN001415,FAILED,USER_ABORTED,799.0,2026-07-05 06:55:00,0
PAY001416,TXN001416,SUCCESS,,3899.0,2026-08-29 13:05:00,0
PAY001417,TXN001417,SUCCESS,,3499.0,2026-08-19 02:56:00,0
PAY001418,TXN001418,SUCCESS,,1999.0,2026-06-22 13:50:00,0
PAY001419,TXN001419,SUCCESS,,1199.0,2026-06-11 07:12:00,0
PAY001420,TXN001420,SUCCESS,,799.0,2026-03-20 21:18:00,0
PAY001421,TXN001421,SUCCESS,,999.0,2026-03-14 20:43:00,0
PAY001422,TXN001422,SUCCESS,,2499.0,2026-06-25 02:15:00,0
PAY001423,TXN001423,SUCCESS,,1299.0,2026-03-15 15:13:00,0
PAY001424,TXN001424,SUCCESS,,999.0,2026-08-16 06:00:00,0
PAY001425,TXN001425,SUCCESS,,1499.0,2026-04-29 08:39:00,0
PAY001426,TXN001426,SUCCESS,,849.0,2026-06-12 02:15:00,0
PAY001427,TXN001427,REFUNDED,,3499.0,2026-07-29 04:02:00,0
PAY001428,TXN001428,SUCCESS,,1699.0,2026-04-22 05:11:00,0
PAY001429,TXN001429,SUCCESS,,2899.0,2026-03-09 02:05:00,0
PAY001430,TXN001430,SUCCESS,,3499.0,2026-08-03 04:59:00,0
PAY001431,TXN001431,SUCCESS,,999.0,2026-03-14 19:32:00,0
PAY001432,TXN001432,SUCCESS,,2499.0,2026-06-01 22:47:00,0
PAY001433,TXN001433,SUCCESS,,649.0,2026-08-17 21:43:00,0
PAY001434,TXN001434,SUCCESS,,799.0,2026-07-13 02:48:00,0
PAY001435,TXN001435,SUCCESS,,1699.0,2026-04-26 19:33:00,0
PAY001436,TXN001436,SUCCESS,,3499.0,2026-07-06 08:57:00,0
PAY001437,TXN001437,SUCCESS,,2499.0,2026-04-17 08:43:00,0
PAY001438,TXN001438,SUCCESS,,1999.0,2026-05-22 23:54:00,0
PAY001439,TXN001439,SUCCESS,,1899.0,2026-04-27 05:50:00,0
PAY001440,TXN001440,SUCCESS,,1699.0,2026-06-18 13:00:00,0
PAY001441,TXN001441,SUCCESS,,1699.0,2026-04-30 12:41:00,0
PAY001442,TXN001442,SUCCESS,,649.0,2026-03-10 09:50:00,0
PAY001443,TXN001443,SUCCESS,,4999.0,2026-03-13 20:33:00,0
PAY001444,TXN001444,SUCCESS,,2499.0,2026-07-18 14:12:00,0
PAY001445,TXN001445,SUCCESS,,999.0,2026-04-04 11:29:00,0
PAY001446,TXN001446,SUCCESS,,4999.0,2026-04-07 14:42:00,0
PAY001447,TXN001447,SUCCESS,,1199.0,2026-08-07 08:41:00,0
PAY001448,TXN001448,SUCCESS,,1799.0,2026-04-14 03:18:00,0
PAY001449,TXN001449,SUCCESS,,1799.0,2026-06-14 13:39:00,0
PAY001450,TXN001450,SUCCESS,,1699.0,2026-04-30 08:43:00,0
PAY001451,TXN001451,SUCCESS,,1199.0,2026-05-18 04:18:00,0
PAY001452,TXN001452,SUCCESS,,1299.0,2026-04-05 12:16:00,0
PAY001453,TXN001453,SUCCESS,,2499.0,2026-07-12 23:20:00,0
PAY001454,TXN001454,SUCCESS,,3899.0,2026-05-07 19:49:00,0
PAY001455,TXN001455,SUCCESS,,649.0,2026-05-22 17:34:00,0
PAY001456,TXN001456,SUCCESS,,699.0,2026-04-04 19:16:00,0
PAY001457,TXN001457,SUCCESS,,2999.0,2026-04-08 00:42:00,0
PAY001458,TXN001458,SUCCESS,,1199.0,2026-05-03 14:51:00,0
PAY001459,TXN001459,SUCCESS,,2899.0,2026-06-14 20:42:00,0
PAY001460,TXN001460,SUCCESS,,699.0,2026-07-07 02:08:00,0
PAY001461,TXN001461,SUCCESS,,4999.0,2026-05-13 00:18:00,0
PAY001462,TXN001462,SUCCESS,,1799.0,2026-06-19 19:18:00,0
PAY001463,TXN001463,SUCCESS,,2499.0,2026-06-23 07:14:00,0
PAY001464,TXN001464,SUCCESS,,899.0,2026-07-06 10:30:00,0
PAY001465,TXN001465,SUCCESS,,1999.0,2026-05-14 23:03:00,0
PAY001466,TXN001466,SUCCESS,,1699.0,2026-06-13 06:24:00,0
PAY001467,TXN001467,SUCCESS,,749.0,2026-07-26 14:11:00,0
PAY001468,TXN001468,FAILED,FRAUD_SUSPECTED,1499.0,2026-06-15 02:55:00,0
PAY001469,TXN001469,SUCCESS,,2899.0,2026-05-26 22:54:00,0
PAY001470,TXN001470,SUCCESS,,849.0,2026-03-08 13:38:00,0
PAY001471,TXN001471,FAILED,FRAUD_SUSPECTED,799.0,2026-05-05 11:02:00,0
PAY001472,TXN001472,SUCCESS,,1199.0,2026-03-27 02:10:00,0
PAY001473,TXN001473,SUCCESS,,1699.0,2026-04-13 17:04:00,0
PAY001474,TXN001474,SUCCESS,,1199.0,2026-05-19 15:00:00,0
PAY001475,TXN001475,REFUNDED,,2999.0,2026-08-18 09:57:00,0
PAY001476,TXN001476,SUCCESS,,649.0,2026-04-01 08:08:00,0
PAY001477,TXN001477,SUCCESS,,699.0,2026-07-30 12:23:00,0
PAY001478,TXN001478,SUCCESS,,1499.0,2026-04-21 07:25:00,0
PAY001479,TXN001479,FAILED,FRAUD_SUSPECTED,1199.0,2026-06-14 15:41:00,0
PAY001480,TXN001480,SUCCESS,,1499.0,2026-08-02 10:00:00,0
PAY001481,TXN001481,SUCCESS,,3499.0,2026-06-29 05:54:00,0
PAY001482,TXN001482,REFUNDED,,1999.0,2026-08-17 08:41:00,0
PAY001483,TXN001483,SUCCESS,,1299.0,2026-04-14 03:08:00,0
PAY001484,TXN001484,SUCCESS,,1699.0,2026-07-30 22:51:00,0
PAY001485,TXN001485,SUCCESS,,1299.0,2026-07-18 19:13:00,0
PAY001486,TXN001486,SUCCESS,,899.0,2026-06-17 14:54:00,0
PAY001487,TXN001487,SUCCESS,,1899.0,2026-05-22 23:16:00,0
PAY001488,TXN001488,SUCCESS,,799.0,2026-07-25 11:42:00,0
PAY001489,TXN001489,SUCCESS,,749.0,2026-06-15 10:19:00,0
PAY001490,TXN001490,SUCCESS,,699.0,2026-06-02 07:31:00,0
PAY001491,TXN001491,SUCCESS,,2899.0,2026-05-31 19:06:00,0
PAY001492,TXN001492,SUCCESS,,849.0,2026-05-23 19:56:00,0
PAY001493,TXN001493,SUCCESS,,749.0,2026-06-05 21:15:00,0
PAY001494,TXN001494,SUCCESS,,899.0,2026-05-23 09:02:00,0
PAY001495,TXN001495,FAILED,USER_ABORTED,999.0,2026-03-28 14:49:00,0
PAY001496,TXN001496,SUCCESS,,649.0,2026-04-02 17:38:00,0
PAY001497,TXN001497,SUCCESS,,699.0,2026-08-23 12:50:00,0
PAY001498,TXN001498,SUCCESS,,999.0,2026-06-10 04:11:00,0
PAY001499,TXN001499,REFUNDED,,3499.0,2026-07-17 12:03:00,0
PAY001500,TXN001500,SUCCESS,,2499.0,2026-08-15 16:44:00,0
PAY001501,TXN001501,FAILED,USER_ABORTED,2999.0,2026-05-27 16:20:00,0
PAY001502,TXN001502,SUCCESS,,2999.0,2026-05-27 07:20:00,0
PAY001503,TXN001503,SUCCESS,,999.0,2026-05-10 14:42:00,0
PAY001504,TXN001504,FAILED,INSUFFICIENT_FUNDS,849.0,2026-07-13 09:23:00,0
PAY001505,TXN001505,SUCCESS,,699.0,2026-07-27 11:37:00,0
PAY001506,TXN001506,FAILED,FRAUD_SUSPECTED,2499.0,2026-06-05 06:17:00,0
PAY001507,TXN001507,SUCCESS,,1499.0,2026-04-06 20:28:00,0
PAY001508,TXN001508,SUCCESS,,1199.0,2026-08-13 21:33:00,0
PAY001509,TXN001509,SUCCESS,,2499.0,2026-07-29 19:41:00,0
PAY001510,TXN001510,FAILED,USER_ABORTED,1699.0,2026-04-15 01:59:00,0
PAY001511,TXN001511,SUCCESS,,1799.0,2026-08-14 06:42:00,0
PAY001512,TXN001512,SUCCESS,,849.0,2026-03-27 19:41:00,0
PAY001513,TXN001513,SUCCESS,,3499.0,2026-04-03 20:01:00,0
PAY001514,TXN001514,SUCCESS,,699.0,2026-06-05 22:44:00,0
PAY001515,TXN001515,FAILED,INSUFFICIENT_FUNDS,1199.0,2026-07-09 18:08:00,0
PAY001516,TXN001516,SUCCESS,,999.0,2026-08-12 17:03:00,0
PAY001517,TXN001517,SUCCESS,,699.0,2026-06-04 09:34:00,0
PAY001518,TXN001518,SUCCESS,,3899.0,2026-05-01 07:43:00,0
PAY001519,TXN001519,SUCCESS,,849.0,2026-07-04 15:38:00,0
PAY001520,TXN001520,SUCCESS,,1299.0,2026-08-26 10:59:00,0
PAY001521,TXN001521,SUCCESS,,1699.0,2026-05-25 14:17:00,0
PAY001522,TXN001522,SUCCESS,,1999.0,2026-05-26 13:52:00,0
PAY001523,TXN001523,FAILED,USER_ABORTED,3499.0,2026-05-11 08:03:00,0
PAY001524,TXN001524,SUCCESS,,649.0,2026-05-12 10:45:00,0
PAY001525,TXN001525,SUCCESS,,799.0,2026-04-15 17:58:00,0
PAY001526,TXN001526,SUCCESS,,1299.0,2026-08-17 09:57:00,0
PAY001527,TXN001527,REFUNDED,,649.0,2026-06-02 16:19:00,0
PAY001528,TXN001528,SUCCESS,,1699.0,2026-05-21 20:18:00,0
PAY001529,TXN001529,SUCCESS,,3899.0,2026-07-09 20:15:00,0
PAY001530,TXN001530,SUCCESS,,1299.0,2026-05-09 13:41:00,0
PAY001531,TXN001531,SUCCESS,,1299.0,2026-04-19 03:40:00,0
PAY001532,TXN001532,SUCCESS,,1799.0,2026-05-17 13:21:00,0
PAY001533,TXN001533,SUCCESS,,1199.0,2026-04-20 04:41:00,0
PAY001534,TXN001534,SUCCESS,,1199.0,2026-08-22 04:16:00,0
PAY001535,TXN001535,SUCCESS,,3499.0,2026-08-25 20:07:00,0
PAY001536,TXN001536,SUCCESS,,899.0,2026-08-10 10:43:00,0
PAY001537,TXN001537,SUCCESS,,1999.0,2026-05-24 21:58:00,0
PAY001538,TXN001538,SUCCESS,,799.0,2026-04-17 10:18:00,0
PAY001539,TXN001539,SUCCESS,,4999.0,2026-03-29 01:01:00,0
PAY001540,TXN001540,SUCCESS,,749.0,2026-07-07 11:39:00,0
PAY001541,TXN001541,SUCCESS,,799.0,2026-08-17 08:25:00,0
PAY001542,TXN001542,SUCCESS,,899.0,2026-04-16 21:33:00,0
PAY001543,TXN001543,FAILED,CARD_EXPIRED,1899.0,2026-07-20 23:31:00,0
PAY001544,TXN001544,SUCCESS,,4999.0,2026-06-20 14:43:00,0
PAY001545,TXN001545,SUCCESS,,899.0,2026-06-05 17:35:00,0
PAY001546,TXN001546,SUCCESS,,1899.0,2026-03-16 17:00:00,0
PAY001547,TXN001547,SUCCESS,,1899.0,2026-07-16 21:31:00,0
PAY001548,TXN001548,SUCCESS,,1799.0,2026-04-30 15:06:00,0
PAY001549,TXN001549,SUCCESS,,2499.0,2026-06-21 16:25:00,0
PAY001550,TXN001550,SUCCESS,,1899.0,2026-06-22 03:05:00,0
PAY001551,TXN001551,SUCCESS,,1199.0,2026-03-25 15:57:00,0
PAY001552,TXN001552,SUCCESS,,849.0,2026-05-10 17:40:00,0
PAY001553,TXN001553,SUCCESS,,1899.0,2026-06-27 11:17:00,0
PAY001554,TXN001554,SUCCESS,,699.0,2026-03-31 04:38:00,0
PAY001555,TXN001555,SUCCESS,,849.0,2026-08-12 04:47:00,0
PAY001556,TXN001556,SUCCESS,,799.0,2026-08-12 15:33:00,0
PAY001557,TXN001557,SUCCESS,,1699.0,2026-05-31 01:34:00,0
PAY001558,TXN001558,SUCCESS,,899.0,2026-03-25 11:50:00,0
PAY001559,TXN001559,SUCCESS,,749.0,2026-08-25 08:22:00,0
PAY001560,TXN001560,SUCCESS,,849.0,2026-04-04 13:38:00,0
PAY001561,TXN001561,REFUNDED,,699.0,2026-03-15 12:51:00,0
PAY001562,TXN001562,SUCCESS,,2499.0,2026-07-04 17:28:00,0
PAY001563,TXN001563,SUCCESS,,799.0,2026-04-15 12:53:00,0
PAY001564,TXN001564,SUCCESS,,1699.0,2026-05-02 14:27:00,0
PAY001565,TXN001565,SUCCESS,,749.0,2026-06-17 04:39:00,0
PAY001566,TXN001566,SUCCESS,,1299.0,2026-05-07 01:13:00,0
PAY001567,TXN001567,SUCCESS,,799.0,2026-05-31 09:38:00,0
PAY001568,TXN001568,SUCCESS,,999.0,2026-03-30 04:32:00,0
PAY001569,TXN001569,SUCCESS,,1199.0,2026-04-16 04:11:00,0
PAY001570,TXN001570,SUCCESS,,1199.0,2026-03-29 03:10:00,0
PAY001571,TXN001571,SUCCESS,,799.0,2026-05-15 19:51:00,0
PAY001572,TXN001572,SUCCESS,,1499.0,2026-07-15 22:00:00,0
PAY001573,TXN001573,SUCCESS,,3899.0,2026-05-02 12:54:00,0
PAY001574,TXN001574,SUCCESS,,4999.0,2026-03-08 06:56:00,0
PAY001575,TXN001575,SUCCESS,,1999.0,2026-05-15 00:52:00,0
PAY001576,TXN001576,SUCCESS,,899.0,2026-08-01 01:03:00,0
PAY001577,TXN001577,FAILED,FRAUD_SUSPECTED,1699.0,2026-08-03 12:58:00,0
PAY001578,TXN001578,SUCCESS,,799.0,2026-03-22 21:13:00,0
PAY001579,TXN001579,SUCCESS,,1199.0,2026-07-15 12:11:00,0
PAY001580,TXN001580,SUCCESS,,2499.0,2026-07-24 11:23:00,0
PAY001581,TXN001581,SUCCESS,,1999.0,2026-06-09 21:49:00,0
PAY001582,TXN001582,SUCCESS,,3499.0,2026-07-03 02:29:00,0
PAY001583,TXN001583,SUCCESS,,849.0,2026-04-04 19:06:00,0
PAY001584,TXN001584,SUCCESS,,649.0,2026-07-17 07:58:00,0
PAY001585,TXN001585,SUCCESS,,1499.0,2026-05-12 19:43:00,0
PAY001586,TXN001586,SUCCESS,,1799.0,2026-06-20 06:53:00,0
PAY001587,TXN001587,FAILED,USER_ABORTED,2899.0,2026-06-19 03:22:00,0
PAY001588,TXN001588,SUCCESS,,3499.0,2026-07-09 18:07:00,0
PAY001589,TXN001589,SUCCESS,,699.0,2026-04-14 18:09:00,0
PAY001590,TXN001590,SUCCESS,,4999.0,2026-05-29 05:42:00,0
PAY001591,TXN001591,FAILED,INSUFFICIENT_FUNDS,2999.0,2026-04-20 07:07:00,0
PAY001592,TXN001592,REFUNDED,,799.0,2026-04-27 03:55:00,0
PAY001593,TXN001593,SUCCESS,,3499.0,2026-06-02 09:13:00,0
PAY001594,TXN001594,SUCCESS,,2899.0,2026-04-24 01:43:00,0
PAY001595,TXN001595,SUCCESS,,2499.0,2026-03-08 01:03:00,0
PAY001596,TXN001596,SUCCESS,,849.0,2026-06-11 05:07:00,0
PAY001597,TXN001597,SUCCESS,,699.0,2026-03-21 16:00:00,0
PAY001598,TXN001598,SUCCESS,,1299.0,2026-03-12 05:44:00,0
PAY001599,TXN001599,SUCCESS,,999.0,2026-06-20 07:48:00,0
PAY001600,TXN001600,SUCCESS,,1499.0,2026-08-30 22:56:00,0
PAY001601,TXN001601,SUCCESS,,2899.0,2026-08-21 22:16:00,0
PAY001602,TXN001602,FAILED,USER_ABORTED,1299.0,2026-03-21 00:30:00,0
PAY001603,TXN001603,SUCCESS,,1299.0,2026-06-17 14:29:00,0
PAY001604,TXN001604,SUCCESS,,1799.0,2026-04-13 20:42:00,0
PAY001605,TXN001605,SUCCESS,,899.0,2026-05-15 21:40:00,0
PAY001606,TXN001606,SUCCESS,,2999.0,2026-06-10 14:53:00,0
PAY001607,TXN001607,SUCCESS,,999.0,2026-04-27 16:34:00,0
PAY001608,TXN001608,SUCCESS,,849.0,2026-07-06 22:57:00,0
PAY001609,TXN001609,SUCCESS,,649.0,2026-05-17 23:09:00,0
PAY001610,TXN001610,SUCCESS,,699.0,2026-06-23 20:14:00,0
PAY001611,TXN001611,SUCCESS,,899.0,2026-05-08 22:46:00,0
PAY001612,TXN001612,SUCCESS,,3499.0,2026-03-26 16:39:00,0
PAY001613,TXN001613,FAILED,INSUFFICIENT_FUNDS,4999.0,2026-05-26 09:11:00,0
PAY001614,TXN001614,REFUNDED,,699.0,2026-04-21 05:37:00,0
PAY001615,TXN001615,SUCCESS,,3899.0,2026-05-21 13:46:00,0
PAY001616,TXN001616,FAILED,INSUFFICIENT_FUNDS,649.0,2026-05-18 05:25:00,0
PAY001617,TXN001617,SUCCESS,,4999.0,2026-04-19 08:28:00,0
PAY001618,TXN001618,SUCCESS,,899.0,2026-06-15 11:46:00,0
PAY001619,TXN001619,SUCCESS,,1899.0,2026-07-30 23:19:00,0
PAY001620,TXN001620,SUCCESS,,1899.0,2026-08-10 09:56:00,0
PAY001621,TXN001621,SUCCESS,,799.0,2026-08-26 11:13:00,0
PAY001622,TXN001622,SUCCESS,,3499.0,2026-04-02 23:48:00,0
PAY001623,TXN001623,SUCCESS,,649.0,2026-05-14 19:13:00,0
PAY001624,TXN001624,SUCCESS,,3499.0,2026-06-24 15:24:00,0
PAY001625,TXN001625,FAILED,CARD_EXPIRED,1299.0,2026-05-18 18:43:00,0
PAY001626,TXN001626,SUCCESS,,4999.0,2026-04-25 12:35:00,0
PAY001627,TXN001627,SUCCESS,,3499.0,2026-05-08 04:24:00,0
PAY001628,TXN001628,SUCCESS,,2999.0,2026-05-28 20:24:00,0
PAY001629,TXN001629,FAILED,CARD_EXPIRED,2499.0,2026-08-06 18:50:00,0
PAY001630,TXN001630,SUCCESS,,1199.0,2026-05-19 16:07:00,0
PAY001631,TXN001631,SUCCESS,,1299.0,2026-08-15 20:44:00,0
PAY001632,TXN001632,SUCCESS,,1199.0,2026-08-22 01:16:00,0
PAY001633,TXN001633,SUCCESS,,1899.0,2026-03-08 05:12:00,0
PAY001634,TXN001634,SUCCESS,,649.0,2026-03-18 04:40:00,0
PAY001635,TXN001635,SUCCESS,,2499.0,2026-08-04 22:16:00,0
PAY001636,TXN001636,SUCCESS,,2899.0,2026-04-19 12:53:00,0
PAY001637,TXN001637,SUCCESS,,3499.0,2026-08-21 22:29:00,0
PAY001638,TXN001638,SUCCESS,,1199.0,2026-04-12 22:35:00,0
PAY001639,TXN001639,SUCCESS,,1899.0,2026-04-20 01:21:00,0
PAY001640,TXN001640,SUCCESS,,1199.0,2026-06-17 19:17:00,0
PAY001641,TXN001641,SUCCESS,,1799.0,2026-04-20 16:44:00,0
PAY001642,TXN001642,SUCCESS,,1199.0,2026-07-19 19:15:00,0
PAY001643,TXN001643,SUCCESS,,2899.0,2026-07-23 20:56:00,0
PAY001644,TXN001644,SUCCESS,,1499.0,2026-07-10 13:54:00,0
PAY001645,TXN001645,SUCCESS,,1699.0,2026-05-03 16:50:00,0
PAY001646,TXN001646,SUCCESS,,1299.0,2026-06-03 16:00:00,0
PAY001647,TXN001647,SUCCESS,,799.0,2026-04-03 12:41:00,0
PAY001648,TXN001648,SUCCESS,,1899.0,2026-04-09 18:19:00,0
PAY001649,TXN001649,SUCCESS,,3499.0,2026-07-07 03:49:00,0
PAY001650,TXN001650,SUCCESS,,849.0,2026-04-02 15:11:00,0
PAY001651,TXN001651,SUCCESS,,749.0,2026-03-30 03:09:00,0
PAY001652,TXN001652,REFUNDED,,999.0,2026-07-09 07:00:00,0
PAY001653,TXN001653,SUCCESS,,1699.0,2026-07-25 07:50:00,0
PAY001654,TXN001654,SUCCESS,,699.0,2026-07-26 19:09:00,0
PAY001655,TXN001655,SUCCESS,,899.0,2026-04-25 08:45:00,0
PAY001656,TXN001656,SUCCESS,,999.0,2026-06-02 02:07:00,0
PAY001657,TXN001657,SUCCESS,,1699.0,2026-07-08 06:20:00,0
PAY001658,TXN001658,SUCCESS,,799.0,2026-04-09 21:29:00,0
PAY001659,TXN001659,SUCCESS,,3899.0,2026-05-11 15:38:00,0
PAY001660,TXN001660,SUCCESS,,2999.0,2026-03-13 00:14:00,0
PAY001661,TXN001661,REFUNDED,,1499.0,2026-05-26 00:49:00,0
PAY001662,TXN001662,SUCCESS,,2999.0,2026-05-30 19:48:00,0
PAY001663,TXN001663,SUCCESS,,1799.0,2026-06-27 19:02:00,0
PAY001664,TXN001664,SUCCESS,,1899.0,2026-03-19 20:35:00,0
PAY001665,TXN001665,SUCCESS,,1899.0,2026-03-24 10:24:00,0
PAY001666,TXN001666,SUCCESS,,999.0,2026-03-28 15:31:00,0
PAY001667,TXN001667,SUCCESS,,3899.0,2026-08-05 10:37:00,0
PAY001668,TXN001668,SUCCESS,,2899.0,2026-07-29 09:34:00,0
PAY001669,TXN001669,REFUNDED,,699.0,2026-06-12 08:06:00,0
PAY001670,TXN001670,SUCCESS,,1699.0,2026-08-27 01:07:00,0
PAY001671,TXN001671,FAILED,FRAUD_SUSPECTED,2899.0,2026-04-02 12:37:00,0
PAY001672,TXN001672,SUCCESS,,699.0,2026-08-15 05:08:00,0
PAY001673,TXN001673,SUCCESS,,2499.0,2026-07-17 21:58:00,0
PAY001674,TXN001674,FAILED,USER_ABORTED,799.0,2026-07-17 15:13:00,0
PAY001675,TXN001675,SUCCESS,,3899.0,2026-06-03 08:39:00,0
PAY001676,TXN001676,SUCCESS,,749.0,2026-05-05 09:53:00,0
PAY001677,TXN001677,SUCCESS,,2899.0,2026-06-10 17:20:00,0
PAY001678,TXN001678,SUCCESS,,4999.0,2026-07-06 15:37:00,0
PAY001679,TXN001679,SUCCESS,,1299.0,2026-06-13 14:19:00,0
PAY001680,TXN001680,SUCCESS,,1199.0,2026-06-13 10:36:00,0
PAY001681,TXN001681,SUCCESS,,749.0,2026-06-11 22:46:00,0
PAY001682,TXN001682,SUCCESS,,2899.0,2026-06-17 03:16:00,0
PAY001683,TXN001683,SUCCESS,,749.0,2026-05-30 00:11:00,0
PAY001684,TXN001684,SUCCESS,,2899.0,2026-08-21 17:36:00,0
PAY001685,TXN001685,SUCCESS,,799.0,2026-06-03 15:09:00,0
PAY001686,TXN001686,SUCCESS,,849.0,2026-04-11 12:10:00,0
PAY001687,TXN001687,SUCCESS,,1899.0,2026-07-06 21:44:00,0
PAY001688,TXN001688,SUCCESS,,2899.0,2026-05-02 07:31:00,0
PAY001689,TXN001689,SUCCESS,,749.0,2026-08-23 01:16:00,0
PAY001690,TXN001690,SUCCESS,,4999.0,2026-07-21 22:30:00,0
PAY001691,TXN001691,SUCCESS,,2899.0,2026-06-01 02:50:00,0
PAY001692,TXN001692,SUCCESS,,2999.0,2026-03-26 21:23:00,0
PAY001693,TXN001693,SUCCESS,,999.0,2026-06-30 03:14:00,0
PAY001694,TXN001694,SUCCESS,,1999.0,2026-06-16 10:01:00,0
PAY001695,TXN001695,FAILED,FRAUD_SUSPECTED,849.0,2026-08-03 22:33:00,0
PAY001696,TXN001696,SUCCESS,,4999.0,2026-07-20 19:50:00,0
PAY001697,TXN001697,SUCCESS,,849.0,2026-07-11 17:12:00,0
PAY001698,TXN001698,SUCCESS,,699.0,2026-08-08 02:10:00,0
PAY001699,TXN001699,SUCCESS,,1999.0,2026-07-19 22:00:00,0
PAY001700,TXN001700,SUCCESS,,899.0,2026-06-14 09:49:00,0
PAY001701,TXN001701,SUCCESS,,1299.0,2026-07-22 14:25:00,0
PAY001702,TXN001702,SUCCESS,,2899.0,2026-06-04 08:30:00,0
PAY001703,TXN001703,SUCCESS,,999.0,2026-03-12 23:07:00,0
PAY001704,TXN001704,SUCCESS,,3499.0,2026-05-24 07:40:00,0
PAY001705,TXN001705,SUCCESS,,649.0,2026-06-19 14:14:00,0
PAY001706,TXN001706,SUCCESS,,2499.0,2026-06-03 20:18:00,0
PAY001707,TXN001707,SUCCESS,,1699.0,2026-07-17 04:37:00,0
PAY001708,TXN001708,SUCCESS,,1699.0,2026-03-30 23:02:00,0
PAY001709,TXN001709,SUCCESS,,1499.0,2026-08-20 05:41:00,0
PAY001710,TXN001710,SUCCESS,,2899.0,2026-05-15 07:42:00,0
PAY001711,TXN001711,SUCCESS,,699.0,2026-06-25 22:49:00,0
PAY001712,TXN001712,SUCCESS,,3499.0,2026-05-04 09:38:00,0
PAY001713,TXN001713,SUCCESS,,1999.0,2026-08-28 06:40:00,0
PAY001714,TXN001714,SUCCESS,,2999.0,2026-08-28 20:19:00,0
PAY001715,TXN001715,SUCCESS,,699.0,2026-06-14 22:44:00,0
PAY001716,TXN001716,SUCCESS,,2999.0,2026-04-25 00:11:00,0
PAY001717,TXN001717,SUCCESS,,1799.0,2026-08-03 06:33:00,0
PAY001718,TXN001718,SUCCESS,,2499.0,2026-07-24 11:39:00,0
PAY001719,TXN001719,SUCCESS,,1499.0,2026-04-21 16:14:00,0
PAY001720,TXN001720,SUCCESS,,899.0,2026-08-21 08:05:00,0
PAY001721,TXN001721,SUCCESS,,1699.0,2026-03-09 00:44:00,0
PAY001722,TXN001722,SUCCESS,,4999.0,2026-04-15 03:49:00,0
PAY001723,TXN001723,SUCCESS,,649.0,2026-06-15 15:58:00,0
PAY001724,TXN001724,SUCCESS,,3899.0,2026-05-22 04:49:00,0
PAY001725,TXN001725,SUCCESS,,1199.0,2026-03-21 20:33:00,0
PAY001726,TXN001726,SUCCESS,,1699.0,2026-06-29 12:08:00,0
PAY001727,TXN001727,SUCCESS,,649.0,2026-05-28 10:51:00,0
PAY001728,TXN001728,FAILED,USER_ABORTED,3499.0,2026-05-25 19:14:00,0
PAY001729,TXN001729,SUCCESS,,1999.0,2026-08-26 06:13:00,0
PAY001730,TXN001730,SUCCESS,,2499.0,2026-05-13 08:10:00,0
PAY001731,TXN001731,SUCCESS,,1699.0,2026-04-21 18:06:00,0
PAY001732,TXN001732,SUCCESS,,1799.0,2026-04-06 20:47:00,0
PAY001733,TXN001733,SUCCESS,,2899.0,2026-06-21 19:18:00,0
PAY001734,TXN001734,SUCCESS,,899.0,2026-06-23 11:34:00,0
PAY001735,TXN001735,REFUNDED,,1199.0,2026-06-22 03:31:00,0
PAY001736,TXN001736,SUCCESS,,3499.0,2026-07-06 04:59:00,0
PAY001737,TXN001737,SUCCESS,,899.0,2026-03-28 21:23:00,0
PAY001738,TXN001738,SUCCESS,,1999.0,2026-05-01 19:00:00,0
PAY001739,TXN001739,SUCCESS,,2999.0,2026-07-23 21:06:00,0
PAY001740,TXN001740,SUCCESS,,2899.0,2026-03-11 23:44:00,0
PAY001741,TXN001741,SUCCESS,,2499.0,2026-03-22 20:25:00,0
PAY001742,TXN001742,SUCCESS,,849.0,2026-05-29 02:42:00,0
PAY001743,TXN001743,SUCCESS,,4999.0,2026-07-22 16:23:00,0
PAY001744,TXN001744,REFUNDED,,799.0,2026-08-26 02:25:00,0
PAY001745,TXN001745,SUCCESS,,3899.0,2026-07-28 23:22:00,0
PAY001746,TXN001746,SUCCESS,,1499.0,2026-07-08 08:24:00,0
PAY001747,TXN001747,SUCCESS,,1999.0,2026-04-12 22:38:00,0
PAY001748,TXN001748,SUCCESS,,1899.0,2026-06-11 00:20:00,0
PAY001749,TXN001749,SUCCESS,,649.0,2026-04-24 18:26:00,0
PAY001750,TXN001750,SUCCESS,,2999.0,2026-06-18 21:50:00,0
PAY001751,TXN001751,SUCCESS,,4999.0,2026-04-17 01:12:00,0
PAY001752,TXN001752,SUCCESS,,3499.0,2026-05-24 17:19:00,0
PAY001753,TXN001753,SUCCESS,,4999.0,2026-03-26 04:52:00,0
PAY001754,TXN001754,SUCCESS,,1699.0,2026-04-06 12:34:00,0
PAY001755,TXN001755,FAILED,INSUFFICIENT_FUNDS,2899.0,2026-04-07 15:30:00,0
PAY001756,TXN001756,SUCCESS,,1699.0,2026-03-16 23:25:00,0
PAY001757,TXN001757,SUCCESS,,2899.0,2026-05-06 00:14:00,0
PAY001758,TXN001758,SUCCESS,,1499.0,2026-06-10 07:42:00,0
PAY001759,TXN001759,REFUNDED,,2999.0,2026-05-06 04:17:00,0
PAY001760,TXN001760,SUCCESS,,2899.0,2026-05-04 19:19:00,0
PAY001761,TXN001761,SUCCESS,,2899.0,2026-06-29 21:14:00,0
PAY001762,TXN001762,SUCCESS,,799.0,2026-04-19 20:05:00,0
PAY001763,TXN001763,SUCCESS,,1899.0,2026-04-16 08:15:00,0
PAY001764,TXN001764,SUCCESS,,4999.0,2026-05-10 20:08:00,0
PAY001765,TXN001765,SUCCESS,,699.0,2026-05-29 23:15:00,0
PAY001766,TXN001766,SUCCESS,,799.0,2026-07-31 08:51:00,0
PAY001767,TXN001767,SUCCESS,,3499.0,2026-07-19 00:34:00,0
PAY001768,TXN001768,SUCCESS,,999.0,2026-07-09 03:54:00,0
PAY001769,TXN001769,SUCCESS,,999.0,2026-06-30 03:39:00,0
PAY001770,TXN001770,SUCCESS,,2999.0,2026-03-05 03:24:00,0
PAY001771,TXN001771,SUCCESS,,1199.0,2026-04-20 02:59:00,0
PAY001772,TXN001772,SUCCESS,,899.0,2026-06-13 13:50:00,0
PAY001773,TXN001773,SUCCESS,,2999.0,2026-03-12 02:51:00,0
PAY001774,TXN001774,SUCCESS,,1699.0,2026-06-17 23:44:00,0
PAY001775,TXN001775,SUCCESS,,749.0,2026-06-15 07:23:00,0
PAY001776,TXN001776,REFUNDED,,849.0,2026-05-19 20:21:00,0
PAY001777,TXN001777,SUCCESS,,1199.0,2026-04-02 19:40:00,0
PAY001778,TXN001778,SUCCESS,,999.0,2026-03-19 06:05:00,0
PAY001779,TXN001779,SUCCESS,,1999.0,2026-08-27 14:56:00,0
PAY001780,TXN001780,SUCCESS,,1199.0,2026-06-20 16:11:00,0
PAY001781,TXN001781,FAILED,CARD_EXPIRED,1799.0,2026-04-25 21:24:00,0
PAY001782,TXN001782,SUCCESS,,1499.0,2026-05-29 14:58:00,0
PAY001783,TXN001783,SUCCESS,,849.0,2026-08-14 03:25:00,0
PAY001784,TXN001784,SUCCESS,,2499.0,2026-08-16 21:24:00,0
PAY001785,TXN001785,SUCCESS,,2899.0,2026-03-07 15:06:00,0
PAY001786,TXN001786,SUCCESS,,2899.0,2026-08-20 16:43:00,0
PAY001787,TXN001787,SUCCESS,,2499.0,2026-07-28 19:41:00,0
PAY001788,TXN001788,SUCCESS,,749.0,2026-04-30 21:54:00,0
PAY001789,TXN001789,SUCCESS,,2499.0,2026-07-11 20:53:00,0
PAY001790,TXN001790,SUCCESS,,3899.0,2026-04-03 05:22:00,0
PAY001791,TXN001791,SUCCESS,,799.0,2026-08-02 12:04:00,0
PAY001792,TXN001792,SUCCESS,,1699.0,2026-05-07 11:44:00,0
PAY001793,TXN001793,FAILED,USER_ABORTED,2899.0,2026-06-07 19:30:00,0
PAY001794,TXN001794,SUCCESS,,3899.0,2026-06-29 01:43:00,0
PAY001795,TXN001795,SUCCESS,,2999.0,2026-08-03 06:29:00,0
PAY001796,TXN001796,SUCCESS,,999.0,2026-04-27 06:49:00,0
PAY001797,TXN001797,SUCCESS,,3499.0,2026-05-10 01:20:00,0
PAY001798,TXN001798,SUCCESS,,3499.0,2026-07-03 05:41:00,0
PAY001799,TXN001799,SUCCESS,,999.0,2026-08-04 14:41:00,0
PAY001800,TXN001800,SUCCESS,,1199.0,2026-06-10 06:48:00,0
PAY001801,TXN001801,SUCCESS,,2899.0,2026-03-27 14:50:00,0
PAY001802,TXN001802,SUCCESS,,1699.0,2026-05-16 12:43:00,0
PAY001803,TXN001803,SUCCESS,,899.0,2026-05-29 07:41:00,0
PAY001804,TXN001804,SUCCESS,,649.0,2026-05-08 02:33:00,0
PAY001805,TXN001805,SUCCESS,,1999.0,2026-08-16 22:38:00,0
PAY001806,TXN001806,SUCCESS,,1899.0,2026-08-26 13:48:00,0
PAY001807,TXN001807,SUCCESS,,1799.0,2026-08-25 01:33:00,0
PAY001808,TXN001808,SUCCESS,,1499.0,2026-07-06 16:28:00,0
PAY001809,TXN001809,SUCCESS,,1299.0,2026-07-21 01:14:00,0
PAY001810,TXN001810,SUCCESS,,699.0,2026-03-15 23:16:00,0
PAY001811,TXN001811,SUCCESS,,1899.0,2026-03-28 17:36:00,0
PAY001812,TXN001812,SUCCESS,,1899.0,2026-04-16 00:32:00,0
PAY001813,TXN001813,SUCCESS,,2499.0,2026-06-08 12:34:00,0
PAY001814,TXN001814,SUCCESS,,899.0,2026-04-07 05:25:00,0
PAY001815,TXN001815,SUCCESS,,3899.0,2026-03-15 03:25:00,0
PAY001816,TXN001816,FAILED,USER_ABORTED,1199.0,2026-08-13 13:15:00,0
PAY001817,TXN001817,SUCCESS,,2999.0,2026-07-08 06:40:00,0
PAY001818,TXN001818,SUCCESS,,1499.0,2026-03-10 13:44:00,0
PAY001819,TXN001819,SUCCESS,,1199.0,2026-07-31 15:34:00,0
PAY001820,TXN001820,SUCCESS,,699.0,2026-04-18 10:02:00,0
PAY001821,TXN001821,SUCCESS,,799.0,2026-08-22 19:05:00,0
PAY001822,TXN001822,SUCCESS,,899.0,2026-04-06 01:20:00,0
PAY001823,TXN001823,SUCCESS,,3899.0,2026-08-02 18:50:00,0
PAY001824,TXN001824,SUCCESS,,749.0,2026-05-03 16:19:00,0
PAY001825,TXN001825,REFUNDED,,799.0,2026-06-21 21:32:00,0
PAY001826,TXN001826,SUCCESS,,649.0,2026-08-13 06:19:00,0
PAY001827,TXN001827,SUCCESS,,799.0,2026-08-25 23:24:00,0
PAY001828,TXN001828,SUCCESS,,4999.0,2026-08-29 04:40:00,0
PAY001829,TXN001829,SUCCESS,,749.0,2026-03-12 01:26:00,0
PAY001830,TXN001830,SUCCESS,,749.0,2026-06-01 13:05:00,0
PAY001831,TXN001831,SUCCESS,,1499.0,2026-06-14 06:54:00,0
PAY001832,TXN001832,SUCCESS,,699.0,2026-07-29 18:38:00,0
PAY001833,TXN001833,SUCCESS,,1299.0,2026-03-16 05:48:00,0
PAY001834,TXN001834,SUCCESS,,1299.0,2026-07-07 00:59:00,0
PAY001835,TXN001835,SUCCESS,,3499.0,2026-05-27 11:32:00,0
PAY001836,TXN001836,SUCCESS,,1999.0,2026-08-18 21:32:00,0
PAY001837,TXN001837,SUCCESS,,749.0,2026-07-31 09:49:00,0
PAY001838,TXN001838,SUCCESS,,3499.0,2026-07-21 05:53:00,0
PAY001839,TXN001839,SUCCESS,,649.0,2026-05-17 05:47:00,0
PAY001840,TXN001840,SUCCESS,,999.0,2026-06-26 19:53:00,0
PAY001841,TXN001841,SUCCESS,,799.0,2026-05-21 08:38:00,0
PAY001842,TXN001842,SUCCESS,,799.0,2026-03-18 02:46:00,0
PAY001843,TXN001843,SUCCESS,,1999.0,2026-05-03 11:43:00,0
PAY001844,TXN001844,SUCCESS,,1199.0,2026-06-29 06:24:00,0
PAY001845,TXN001845,SUCCESS,,999.0,2026-08-22 10:22:00,0
PAY001846,TXN001846,SUCCESS,,899.0,2026-05-27 16:34:00,0
PAY001847,TXN001847,SUCCESS,,849.0,2026-07-23 12:09:00,0
PAY001848,TXN001848,SUCCESS,,3499.0,2026-07-21 11:29:00,0
PAY001849,TXN001849,SUCCESS,,1899.0,2026-03-25 01:59:00,0
PAY001850,TXN001850,SUCCESS,,999.0,2026-08-22 12:05:00,0
PAY001851,TXN001851,SUCCESS,,1999.0,2026-03-30 12:27:00,0
PAY001852,TXN001852,SUCCESS,,1299.0,2026-08-07 22:56:00,0
PAY001853,TXN001853,SUCCESS,,3899.0,2026-05-11 07:06:00,0
PAY001854,TXN001854,SUCCESS,,999.0,2026-05-03 03:52:00,0
PAY001855,TXN001855,SUCCESS,,1699.0,2026-03-12 13:54:00,0
PAY001856,TXN001856,SUCCESS,,749.0,2026-07-12 07:46:00,0
PAY001857,TXN001857,SUCCESS,,1299.0,2026-03-16 09:13:00,0
PAY001858,TXN001858,SUCCESS,,1699.0,2026-08-05 04:46:00,0
PAY001859,TXN001859,SUCCESS,,649.0,2026-05-04 14:23:00,0
PAY001860,TXN001860,SUCCESS,,1899.0,2026-07-29 01:33:00,0
PAY001861,TXN001861,REFUNDED,,699.0,2026-05-24 15:57:00,0
PAY001862,TXN001862,SUCCESS,,1199.0,2026-03-22 10:07:00,0
PAY001863,TXN001863,SUCCESS,,4999.0,2026-04-06 20:30:00,0
PAY001864,TXN001864,SUCCESS,,749.0,2026-05-19 21:47:00,0
PAY001865,TXN001865,SUCCESS,,3499.0,2026-06-20 15:11:00,0
PAY001866,TXN001866,SUCCESS,,2899.0,2026-06-27 01:09:00,0
PAY001867,TXN001867,SUCCESS,,3499.0,2026-03-13 01:12:00,0
PAY001868,TXN001868,SUCCESS,,799.0,2026-03-20 11:26:00,0
PAY001869,TXN001869,SUCCESS,,3499.0,2026-07-31 18:15:00,0
PAY001870,TXN001870,REFUNDED,,2999.0,2026-05-11 18:55:00,0
PAY001871,TXN001871,SUCCESS,,1999.0,2026-04-23 05:51:00,0
PAY001872,TXN001872,SUCCESS,,1499.0,2026-06-01 19:22:00,0
PAY001873,TXN001873,SUCCESS,,849.0,2026-08-18 18:37:00,0
PAY001874,TXN001874,SUCCESS,,2899.0,2026-05-28 06:54:00,0
PAY001875,TXN001875,FAILED,FRAUD_SUSPECTED,1699.0,2026-07-04 13:51:00,0
PAY001876,TXN001876,FAILED,FRAUD_SUSPECTED,1499.0,2026-06-21 10:35:00,0
PAY001877,TXN001877,SUCCESS,,999.0,2026-05-04 01:52:00,0
PAY001878,TXN001878,SUCCESS,,1899.0,2026-04-10 14:41:00,0
PAY001879,TXN001879,SUCCESS,,2499.0,2026-08-15 22:52:00,0
PAY001880,TXN001880,SUCCESS,,1299.0,2026-05-23 06:19:00,0
PAY001881,TXN001881,SUCCESS,,1799.0,2026-08-13 04:43:00,0
PAY001882,TXN001882,SUCCESS,,749.0,2026-03-12 07:47:00,0
PAY001883,TXN001883,SUCCESS,,649.0,2026-08-28 15:53:00,0
PAY001884,TXN001884,SUCCESS,,1699.0,2026-05-03 04:18:00,0
PAY001885,TXN001885,SUCCESS,,1699.0,2026-05-07 07:56:00,0
PAY001886,TXN001886,SUCCESS,,649.0,2026-06-23 10:36:00,0
PAY001887,TXN001887,SUCCESS,,2999.0,2026-05-13 17:50:00,0
PAY001888,TXN001888,REFUNDED,,999.0,2026-06-18 04:27:00,0
PAY001889,TXN001889,SUCCESS,,1699.0,2026-05-31 04:05:00,0
PAY001890,TXN001890,SUCCESS,,799.0,2026-05-16 10:20:00,0
PAY001891,TXN001891,SUCCESS,,1899.0,2026-06-27 15:28:00,0
PAY001892,TXN001892,SUCCESS,,1799.0,2026-08-10 11:54:00,0
PAY001893,TXN001893,SUCCESS,,999.0,2026-07-05 17:33:00,0
PAY001894,TXN001894,SUCCESS,,999.0,2026-04-09 16:07:00,0
PAY001895,TXN001895,SUCCESS,,1999.0,2026-08-20 16:54:00,0
PAY001896,TXN001896,SUCCESS,,3499.0,2026-04-06 08:53:00,0
PAY001897,TXN001897,SUCCESS,,1699.0,2026-05-15 23:15:00,0
PAY001898,TXN001898,FAILED,FRAUD_SUSPECTED,2999.0,2026-05-05 17:05:00,0
PAY001899,TXN001899,FAILED,INSUFFICIENT_FUNDS,4999.0,2026-07-06 17:49:00,0
PAY001900,TXN001900,SUCCESS,,799.0,2026-08-23 12:31:00,0
PAY001901,TXN001901,SUCCESS,,1799.0,2026-06-02 04:43:00,0
PAY001902,TXN001902,SUCCESS,,1899.0,2026-07-21 05:25:00,0
PAY001903,TXN001903,SUCCESS,,1999.0,2026-06-03 06:06:00,0
PAY001904,TXN001904,SUCCESS,,1699.0,2026-04-15 12:09:00,0
PAY001905,TXN001905,SUCCESS,,899.0,2026-08-05 12:55:00,0
PAY001906,TXN001906,SUCCESS,,2899.0,2026-05-26 05:44:00,0
PAY001907,TXN001907,SUCCESS,,2999.0,2026-05-31 06:50:00,0
PAY001908,TXN001908,SUCCESS,,899.0,2026-04-23 13:19:00,0
PAY001909,TXN001909,SUCCESS,,2899.0,2026-05-21 16:16:00,0
PAY001910,TXN001910,SUCCESS,,1699.0,2026-03-14 23:06:00,0
PAY001911,TXN001911,SUCCESS,,1799.0,2026-05-22 07:02:00,0
PAY001912,TXN001912,SUCCESS,,899.0,2026-03-26 17:55:00,0
PAY001913,TXN001913,SUCCESS,,699.0,2026-06-29 18:51:00,0
PAY001914,TXN001914,SUCCESS,,1299.0,2026-03-07 04:45:00,0
PAY001915,TXN001915,SUCCESS,,1499.0,2026-07-25 11:42:00,0
PAY001916,TXN001916,SUCCESS,,999.0,2026-05-10 22:25:00,0
PAY001917,TXN001917,SUCCESS,,2899.0,2026-04-20 17:35:00,0
PAY001918,TXN001918,FAILED,CARD_EXPIRED,1899.0,2026-05-30 03:33:00,0
PAY001919,TXN001919,SUCCESS,,3899.0,2026-06-01 09:16:00,0
PAY001920,TXN001920,FAILED,FRAUD_SUSPECTED,1299.0,2026-04-15 17:52:00,0
PAY001921,TXN001921,SUCCESS,,649.0,2026-08-04 16:46:00,0
PAY001922,TXN001922,SUCCESS,,3899.0,2026-07-04 21:43:00,0
PAY001923,TXN001923,REFUNDED,,2999.0,2026-04-25 17:33:00,0
PAY001924,TXN001924,SUCCESS,,3899.0,2026-05-08 18:19:00,0
PAY001925,TXN001925,SUCCESS,,1199.0,2026-08-14 14:38:00,0
PAY001926,TXN001926,SUCCESS,,1899.0,2026-08-23 13:22:00,0
PAY001927,TXN001927,SUCCESS,,1199.0,2026-05-22 05:18:00,0
PAY001928,TXN001928,SUCCESS,,899.0,2026-06-08 04:24:00,0
PAY001929,TXN001929,SUCCESS,,1199.0,2026-04-14 14:23:00,0
PAY001930,TXN001930,SUCCESS,,699.0,2026-05-31 17:53:00,0
PAY001931,TXN001931,SUCCESS,,849.0,2026-05-17 12:50:00,0
PAY001932,TXN001932,SUCCESS,,2899.0,2026-07-16 11:19:00,0
PAY001933,TXN001933,SUCCESS,,2499.0,2026-08-06 23:24:00,0
PAY001934,TXN001934,SUCCESS,,799.0,2026-05-25 13:30:00,0
PAY001935,TXN001935,SUCCESS,,899.0,2026-06-02 06:15:00,0
PAY001936,TXN001936,REFUNDED,,2899.0,2026-06-25 23:48:00,0
PAY001937,TXN001937,SUCCESS,,2499.0,2026-06-05 21:12:00,0
PAY001938,TXN001938,SUCCESS,,1699.0,2026-08-15 18:57:00,0
PAY001939,TXN001939,SUCCESS,,849.0,2026-08-28 11:40:00,0
PAY001940,TXN001940,SUCCESS,,749.0,2026-04-09 00:06:00,0
PAY001941,TXN001941,SUCCESS,,1699.0,2026-04-26 06:26:00,0
PAY001942,TXN001942,SUCCESS,,1199.0,2026-03-31 00:24:00,0
PAY001943,TXN001943,SUCCESS,,2899.0,2026-04-24 07:08:00,0
PAY001944,TXN001944,SUCCESS,,3899.0,2026-08-01 02:01:00,0
PAY001945,TXN001945,SUCCESS,,749.0,2026-04-21 06:03:00,0
PAY001946,TXN001946,SUCCESS,,1699.0,2026-06-05 21:01:00,0
PAY001947,TXN001947,SUCCESS,,2999.0,2026-08-01 14:25:00,0
PAY001948,TXN001948,SUCCESS,,1299.0,2026-04-28 05:10:00,0
PAY001949,TXN001949,SUCCESS,,999.0,2026-03-15 13:12:00,0
PAY001950,TXN001950,SUCCESS,,2499.0,2026-03-14 15:40:00,0
PAY001951,TXN001951,SUCCESS,,3899.0,2026-04-19 23:12:00,0
PAY001952,TXN001952,SUCCESS,,1199.0,2026-05-09 05:42:00,0
PAY001953,TXN001953,SUCCESS,,1999.0,2026-08-09 20:59:00,0
PAY001954,TXN001954,SUCCESS,,1699.0,2026-05-24 02:29:00,0
PAY001955,TXN001955,SUCCESS,,699.0,2026-04-18 10:48:00,0
PAY001956,TXN001956,SUCCESS,,749.0,2026-04-15 06:19:00,0
PAY001957,TXN001957,SUCCESS,,699.0,2026-06-14 23:48:00,0
PAY001958,TXN001958,SUCCESS,,799.0,2026-04-22 19:06:00,0
PAY001959,TXN001959,SUCCESS,,699.0,2026-07-08 08:31:00,0
PAY001960,TXN001960,SUCCESS,,649.0,2026-08-12 13:47:00,0
PAY001961,TXN001961,SUCCESS,,4999.0,2026-08-19 23:47:00,0
PAY001962,TXN001962,SUCCESS,,4999.0,2026-06-30 14:08:00,0
PAY001963,TXN001963,SUCCESS,,1999.0,2026-07-04 00:02:00,0
PAY001964,TXN001964,FAILED,USER_ABORTED,1699.0,2026-06-28 16:18:00,0
PAY001965,TXN001965,SUCCESS,,1899.0,2026-05-18 14:00:00,0
PAY001966,TXN001966,SUCCESS,,1499.0,2026-04-29 03:22:00,0
PAY001967,TXN001967,SUCCESS,,2999.0,2026-07-29 14:16:00,0
PAY001968,TXN001968,SUCCESS,,2899.0,2026-04-28 09:49:00,0
PAY001969,TXN001969,SUCCESS,,1899.0,2026-03-09 13:01:00,0
PAY001970,TXN001970,SUCCESS,,899.0,2026-04-08 03:54:00,0
PAY001971,TXN001971,SUCCESS,,1499.0,2026-08-08 18:06:00,0
PAY001972,TXN001972,SUCCESS,,999.0,2026-05-01 08:53:00,0
PAY001973,TXN001973,SUCCESS,,2499.0,2026-03-07 09:45:00,0
PAY001974,TXN001974,FAILED,CARD_EXPIRED,1199.0,2026-05-09 16:11:00,0
PAY001975,TXN001975,SUCCESS,,1499.0,2026-06-11 10:24:00,0
PAY001976,TXN001976,SUCCESS,,1899.0,2026-07-18 00:31:00,0
PAY001977,TXN001977,SUCCESS,,1999.0,2026-07-23 02:28:00,0
PAY001978,TXN001978,SUCCESS,,649.0,2026-03-15 12:32:00,0
PAY001979,TXN001979,SUCCESS,,1299.0,2026-03-29 19:42:00,0
PAY001980,TXN001980,SUCCESS,,649.0,2026-08-17 08:17:00,0
PAY001981,TXN001981,SUCCESS,,1699.0,2026-07-18 12:01:00,0
PAY001982,TXN001982,SUCCESS,,3499.0,2026-03-09 05:00:00,0
PAY001983,TXN001983,SUCCESS,,1999.0,2026-04-08 08:06:00,0
PAY001984,TXN001984,SUCCESS,,3899.0,2026-08-13 11:19:00,0
PAY001985,TXN001985,FAILED,CARD_EXPIRED,1999.0,2026-06-19 14:21:00,0
PAY001986,TXN001986,SUCCESS,,999.0,2026-03-28 03:38:00,0
PAY001987,TXN001987,SUCCESS,,1199.0,2026-05-06 18:04:00,0
PAY001988,TXN001988,SUCCESS,,2899.0,2026-05-24 03:04:00,0
PAY001989,TXN001989,SUCCESS,,899.0,2026-07-26 10:31:00,0
PAY001990,TXN001990,SUCCESS,,1299.0,2026-05-21 07:07:00,0
PAY001991,TXN001991,FAILED,FRAUD_SUSPECTED,799.0,2026-05-16 21:14:00,0
PAY001992,TXN001992,SUCCESS,,649.0,2026-06-08 14:35:00,0
PAY001993,TXN001993,SUCCESS,,1499.0,2026-07-13 17:48:00,0
PAY001994,TXN001994,SUCCESS,,1699.0,2026-05-29 21:25:00,0
PAY001995,TXN001995,SUCCESS,,899.0,2026-07-07 23:51:00,0
PAY001996,TXN001996,SUCCESS,,899.0,2026-03-24 22:57:00,0
PAY001997,TXN001997,SUCCESS,,2899.0,2026-03-15 23:01:00,0
PAY001998,TXN001998,SUCCESS,,4999.0,2026-03-07 05:36:00,0
PAY001999,TXN001999,SUCCESS,,749.0,2026-07-22 15:35:00,0
PAY002000,TXN002000,SUCCESS,,799.0,2026-06-10 21:45:00,0
PAY002001,TXN002001,SUCCESS,,999.0,2026-06-11 16:01:00,0
PAY002002,TXN002002,SUCCESS,,699.0,2026-03-11 08:10:00,0
PAY002003,TXN002003,SUCCESS,,699.0,2026-06-08 09:40:00,0
PAY002004,TXN002004,SUCCESS,,1199.0,2026-07-08 02:07:00,0
PAY002005,TXN002005,SUCCESS,,749.0,2026-05-08 20:39:00,0
PAY002006,TXN002006,SUCCESS,,3899.0,2026-07-22 07:50:00,0
PAY002007,TXN002007,SUCCESS,,799.0,2026-07-21 18:25:00,0
PAY002008,TXN002008,SUCCESS,,1299.0,2026-08-01 14:51:00,0
PAY002009,TXN002009,SUCCESS,,1199.0,2026-05-25 20:36:00,0
PAY002010,TXN002010,SUCCESS,,1799.0,2026-05-10 17:24:00,0
PAY002011,TXN002011,REFUNDED,,999.0,2026-03-12 17:38:00,0
PAY002012,TXN002012,SUCCESS,,1799.0,2026-08-14 06:52:00,0
PAY002013,TXN002013,SUCCESS,,1199.0,2026-08-02 14:48:00,0
PAY002014,TXN002014,SUCCESS,,2499.0,2026-06-01 16:09:00,0
PAY002015,TXN002015,SUCCESS,,799.0,2026-07-19 00:06:00,0
PAY002016,TXN002016,SUCCESS,,4999.0,2026-04-28 01:03:00,0
PAY002017,TXN002017,SUCCESS,,899.0,2026-06-24 21:33:00,0
PAY002018,TXN002018,SUCCESS,,2999.0,2026-03-16 09:39:00,0
PAY002019,TXN002019,SUCCESS,,1699.0,2026-08-28 12:24:00,0
PAY002020,TXN002020,SUCCESS,,999.0,2026-05-25 23:58:00,0
PAY002021,TXN002021,SUCCESS,,649.0,2026-05-29 19:06:00,0
PAY002022,TXN002022,SUCCESS,,649.0,2026-07-29 00:14:00,0
PAY002023,TXN002023,SUCCESS,,1899.0,2026-08-09 21:02:00,0
PAY002024,TXN002024,SUCCESS,,649.0,2026-04-23 08:59:00,0
PAY002025,TXN002025,SUCCESS,,1299.0,2026-08-12 06:37:00,0
PAY002026,TXN002026,SUCCESS,,2499.0,2026-08-12 11:14:00,0
PAY002027,TXN002027,SUCCESS,,1699.0,2026-08-13 07:23:00,0
PAY002028,TXN002028,SUCCESS,,649.0,2026-03-14 08:21:00,0
PAY002029,TXN002029,SUCCESS,,2499.0,2026-07-15 09:15:00,0
PAY002030,TXN002030,SUCCESS,,1299.0,2026-07-09 10:15:00,0
PAY002031,TXN002031,SUCCESS,,1499.0,2026-05-02 05:15:00,0
PAY002032,TXN002032,SUCCESS,,999.0,2026-06-18 12:17:00,0
PAY002033,TXN002033,SUCCESS,,2899.0,2026-04-24 11:55:00,0
PAY002034,TXN002034,SUCCESS,,3899.0,2026-04-06 05:16:00,0
PAY002035,TXN002035,SUCCESS,,2899.0,2026-06-10 04:50:00,0
PAY002036,TXN002036,SUCCESS,,1699.0,2026-05-17 19:20:00,0
PAY002037,TXN002037,FAILED,USER_ABORTED,1799.0,2026-06-30 20:00:00,0
PAY002038,TXN002038,FAILED,INSUFFICIENT_FUNDS,2899.0,2026-08-15 10:56:00,0
PAY002039,TXN002039,SUCCESS,,799.0,2026-08-10 14:12:00,0
PAY002040,TXN002040,SUCCESS,,2499.0,2026-06-10 17:11:00,0
PAY002041,TXN002041,SUCCESS,,1699.0,2026-03-11 09:24:00,0
PAY002042,TXN002042,SUCCESS,,1799.0,2026-05-01 00:29:00,0
PAY002043,TXN002043,SUCCESS,,1499.0,2026-07-03 17:50:00,0
PAY002044,TXN002044,SUCCESS,,2999.0,2026-06-08 23:31:00,0
PAY002045,TXN002045,SUCCESS,,1199.0,2026-05-24 22:59:00,0
PAY002046,TXN002046,SUCCESS,,1199.0,2026-05-21 01:00:00,0
PAY002047,TXN002047,SUCCESS,,2899.0,2026-07-23 17:49:00,0
PAY002048,TXN002048,SUCCESS,,1199.0,2026-06-23 01:48:00,0
PAY002049,TXN002049,SUCCESS,,3899.0,2026-06-21 04:48:00,0
PAY002050,TXN002050,FAILED,INSUFFICIENT_FUNDS,799.0,2026-07-21 20:18:00,0
PAY002051,TXN002051,SUCCESS,,649.0,2026-04-30 16:42:00,0
PAY002052,TXN002052,SUCCESS,,1499.0,2026-05-16 21:00:00,0
PAY002053,TXN002053,SUCCESS,,899.0,2026-03-08 16:33:00,0
PAY002054,TXN002054,SUCCESS,,899.0,2026-06-04 12:37:00,0
PAY002055,TXN002055,SUCCESS,,749.0,2026-05-02 09:59:00,0
PAY002056,TXN002056,SUCCESS,,649.0,2026-03-08 04:02:00,0
PAY002057,TXN002057,SUCCESS,,999.0,2026-06-20 18:39:00,0
PAY002058,TXN002058,SUCCESS,,1199.0,2026-06-09 15:24:00,0
PAY002059,TXN002059,SUCCESS,,1699.0,2026-07-02 04:29:00,0
PAY002060,TXN002060,SUCCESS,,849.0,2026-08-06 23:12:00,0
PAY002061,TXN002061,FAILED,USER_ABORTED,999.0,2026-05-04 16:03:00,0
PAY002062,TXN002062,SUCCESS,,2999.0,2026-05-24 05:10:00,0
PAY002063,TXN002063,SUCCESS,,699.0,2026-05-02 04:46:00,0
PAY002064,TXN002064,FAILED,FRAUD_SUSPECTED,1699.0,2026-04-29 18:51:00,0
PAY002065,TXN002065,SUCCESS,,1699.0,2026-04-16 05:08:00,0
PAY002066,TXN002066,SUCCESS,,1699.0,2026-03-30 08:42:00,0
PAY002067,TXN002067,SUCCESS,,849.0,2026-04-24 02:45:00,0
PAY002068,TXN002068,SUCCESS,,4999.0,2026-06-16 03:47:00,0
PAY002069,TXN002069,REFUNDED,,799.0,2026-08-11 00:31:00,0
PAY002070,TXN002070,SUCCESS,,1999.0,2026-04-11 06:22:00,0
PAY002071,TXN002071,SUCCESS,,1899.0,2026-05-07 03:48:00,0
PAY002072,TXN002072,SUCCESS,,749.0,2026-07-30 01:59:00,0
PAY002073,TXN002073,SUCCESS,,999.0,2026-05-29 07:40:00,0
PAY002074,TXN002074,SUCCESS,,799.0,2026-03-19 01:35:00,0
PAY002075,TXN002075,SUCCESS,,699.0,2026-03-20 02:40:00,0
PAY002076,TXN002076,SUCCESS,,849.0,2026-08-16 12:15:00,0
PAY002077,TXN002077,FAILED,CARD_EXPIRED,2499.0,2026-07-27 07:54:00,0
PAY002078,TXN002078,SUCCESS,,1799.0,2026-06-01 01:55:00,0
PAY002079,TXN002079,SUCCESS,,1999.0,2026-04-14 10:27:00,0
PAY002080,TXN002080,SUCCESS,,1199.0,2026-04-13 09:08:00,0
PAY002081,TXN002081,SUCCESS,,1899.0,2026-07-04 04:57:00,0
PAY002082,TXN002082,SUCCESS,,1299.0,2026-05-01 10:58:00,0
PAY002083,TXN002083,SUCCESS,,1199.0,2026-04-25 01:40:00,0
PAY002084,TXN002084,SUCCESS,,4999.0,2026-04-23 02:29:00,0
PAY002085,TXN002085,SUCCESS,,3899.0,2026-08-14 10:48:00,0
PAY002086,TXN002086,SUCCESS,,999.0,2026-08-30 00:16:00,0
PAY002087,TXN002087,FAILED,USER_ABORTED,2899.0,2026-05-22 05:51:00,0
PAY002088,TXN002088,SUCCESS,,3899.0,2026-05-27 19:36:00,0
PAY002089,TXN002089,SUCCESS,,1899.0,2026-06-07 05:40:00,0
PAY002090,TXN002090,SUCCESS,,899.0,2026-05-08 11:32:00,0
PAY002091,TXN002091,SUCCESS,,1999.0,2026-07-10 06:53:00,0
PAY002092,TXN002092,SUCCESS,,1499.0,2026-07-10 17:13:00,0
PAY002093,TXN002093,SUCCESS,,1499.0,2026-04-02 02:37:00,0
PAY002094,TXN002094,SUCCESS,,749.0,2026-06-28 05:28:00,0
PAY002095,TXN002095,SUCCESS,,2899.0,2026-06-07 05:29:00,0
PAY002096,TXN002096,SUCCESS,,2999.0,2026-05-22 16:12:00,0
PAY002097,TXN002097,SUCCESS,,1699.0,2026-06-18 14:06:00,0
PAY002098,TXN002098,FAILED,INSUFFICIENT_FUNDS,4999.0,2026-08-23 16:57:00,0
PAY002099,TXN002099,SUCCESS,,2999.0,2026-05-25 12:24:00,0
PAY002100,TXN002100,SUCCESS,,1499.0,2026-03-19 05:33:00,0
PAY002101,TXN002101,SUCCESS,,799.0,2026-03-17 11:41:00,0
PAY002102,TXN002102,REFUNDED,,1199.0,2026-06-24 21:01:00,0
PAY002103,TXN002103,SUCCESS,,1499.0,2026-07-31 15:13:00,0
PAY002104,TXN002104,SUCCESS,,999.0,2026-07-18 11:53:00,0
PAY002105,TXN002105,SUCCESS,,749.0,2026-03-06 18:43:00,0
PAY002106,TXN002106,SUCCESS,,2499.0,2026-03-07 07:47:00,0
PAY002107,TXN002107,SUCCESS,,699.0,2026-04-25 22:07:00,0
PAY002108,TXN002108,SUCCESS,,749.0,2026-08-19 14:56:00,0
PAY002109,TXN002109,SUCCESS,,899.0,2026-05-01 05:09:00,0
PAY002110,TXN002110,REFUNDED,,1499.0,2026-07-01 13:32:00,0
PAY002111,TXN002111,SUCCESS,,749.0,2026-05-11 18:16:00,0
PAY002112,TXN002112,SUCCESS,,699.0,2026-06-19 00:55:00,0
PAY002113,TXN002113,SUCCESS,,3899.0,2026-07-21 00:18:00,0
PAY002114,TXN002114,SUCCESS,,1199.0,2026-06-09 12:20:00,0
PAY002115,TXN002115,SUCCESS,,1799.0,2026-05-04 00:11:00,0
PAY002116,TXN002116,SUCCESS,,999.0,2026-03-11 18:34:00,0
PAY002117,TXN002117,SUCCESS,,1899.0,2026-07-27 01:01:00,0
PAY002118,TXN002118,SUCCESS,,3899.0,2026-03-10 06:04:00,0
PAY002119,TXN002119,SUCCESS,,1199.0,2026-03-31 01:26:00,0
PAY002120,TXN002120,SUCCESS,,749.0,2026-07-27 05:08:00,0
PAY002121,TXN002121,SUCCESS,,3499.0,2026-04-24 18:58:00,0
PAY002122,TXN002122,SUCCESS,,3899.0,2026-03-14 06:13:00,0
PAY002123,TXN002123,SUCCESS,,999.0,2026-08-02 01:14:00,0
PAY002124,TXN002124,SUCCESS,,1999.0,2026-04-19 14:08:00,0
PAY002125,TXN002125,SUCCESS,,799.0,2026-03-08 08:46:00,0
PAY002126,TXN002126,SUCCESS,,1499.0,2026-08-30 19:09:00,0
PAY002127,TXN002127,SUCCESS,,899.0,2026-06-30 23:41:00,0
PAY002128,TXN002128,SUCCESS,,1499.0,2026-08-25 11:59:00,0
PAY002129,TXN002129,SUCCESS,,2499.0,2026-08-14 03:32:00,0
PAY002130,TXN002130,SUCCESS,,1999.0,2026-08-28 13:22:00,0
PAY002131,TXN002131,SUCCESS,,899.0,2026-05-13 16:23:00,0
PAY002132,TXN002132,SUCCESS,,699.0,2026-03-10 20:58:00,0
PAY002133,TXN002133,SUCCESS,,999.0,2026-05-24 18:11:00,0
PAY002134,TXN002134,FAILED,INSUFFICIENT_FUNDS,1799.0,2026-03-08 20:59:00,0
PAY002135,TXN002135,SUCCESS,,1899.0,2026-04-14 09:55:00,0
PAY002136,TXN002136,SUCCESS,,3499.0,2026-05-06 23:13:00,0
PAY002137,TXN002137,SUCCESS,,699.0,2026-06-10 02:25:00,0
PAY002138,TXN002138,SUCCESS,,1699.0,2026-05-18 09:00:00,0
PAY002139,TXN002139,SUCCESS,,4999.0,2026-04-23 21:56:00,0
PAY002140,TXN002140,SUCCESS,,749.0,2026-05-23 18:19:00,0
PAY002141,TXN002141,SUCCESS,,849.0,2026-04-28 06:03:00,0
PAY002142,TXN002142,SUCCESS,,899.0,2026-03-31 01:33:00,0
PAY002143,TXN002143,SUCCESS,,2499.0,2026-07-11 20:29:00,0
PAY002144,TXN002144,SUCCESS,,2899.0,2026-05-27 10:41:00,0
PAY002145,TXN002145,SUCCESS,,749.0,2026-04-27 04:15:00,0
PAY002146,TXN002146,REFUNDED,,3499.0,2026-08-06 06:52:00,0
PAY002147,TXN002147,SUCCESS,,749.0,2026-08-24 21:29:00,0
PAY002148,TXN002148,SUCCESS,,849.0,2026-03-07 00:20:00,0
PAY002149,TXN002149,SUCCESS,,1899.0,2026-05-11 18:16:00,0
PAY002150,TXN002150,FAILED,CARD_EXPIRED,1799.0,2026-05-01 23:28:00,0
PAY002151,TXN002151,SUCCESS,,4999.0,2026-07-21 09:24:00,0
PAY002152,TXN002152,REFUNDED,,3899.0,2026-05-27 18:44:00,0
PAY002153,TXN002153,SUCCESS,,2899.0,2026-04-03 22:53:00,0
PAY002154,TXN002154,SUCCESS,,899.0,2026-07-27 12:16:00,0
PAY002155,TXN002155,SUCCESS,,4999.0,2026-08-02 19:18:00,0
PAY002156,TXN002156,SUCCESS,,1199.0,2026-06-11 04:05:00,0
PAY002157,TXN002157,SUCCESS,,999.0,2026-04-30 20:47:00,0
PAY002158,TXN002158,SUCCESS,,3899.0,2026-08-13 07:18:00,0
PAY002159,TXN002159,SUCCESS,,2499.0,2026-04-30 19:56:00,0
PAY002160,TXN002160,SUCCESS,,799.0,2026-03-24 00:46:00,0
PAY002161,TXN002161,SUCCESS,,799.0,2026-08-21 01:11:00,0
PAY002162,TXN002162,SUCCESS,,1799.0,2026-05-22 21:22:00,0
PAY002163,TXN002163,SUCCESS,,1199.0,2026-04-30 16:10:00,0
PAY002164,TXN002164,SUCCESS,,2899.0,2026-06-30 16:27:00,0
PAY002165,TXN002165,SUCCESS,,1699.0,2026-08-23 22:56:00,0
PAY002166,TXN002166,SUCCESS,,1199.0,2026-03-20 10:37:00,0
PAY002167,TXN002167,SUCCESS,,649.0,2026-06-14 18:22:00,0
PAY002168,TXN002168,SUCCESS,,999.0,2026-04-22 20:36:00,0
PAY002169,TXN002169,SUCCESS,,3899.0,2026-03-09 16:22:00,0
PAY002170,TXN002170,SUCCESS,,649.0,2026-08-07 13:29:00,0
PAY002171,TXN002171,SUCCESS,,2499.0,2026-06-27 15:43:00,0
PAY002172,TXN002172,FAILED,CARD_EXPIRED,849.0,2026-07-04 01:01:00,0
PAY002173,TXN002173,SUCCESS,,899.0,2026-07-13 01:27:00,0
PAY002174,TXN002174,SUCCESS,,799.0,2026-03-12 14:48:00,0
PAY002175,TXN002175,SUCCESS,,899.0,2026-07-13 14:17:00,0
PAY002176,TXN002176,SUCCESS,,1499.0,2026-05-04 17:27:00,0
PAY002177,TXN002177,SUCCESS,,899.0,2026-03-21 04:47:00,0
PAY002178,TXN002178,SUCCESS,,2899.0,2026-03-18 20:37:00,0
PAY002179,TXN002179,SUCCESS,,749.0,2026-05-05 18:39:00,0
PAY002180,TXN002180,SUCCESS,,3499.0,2026-05-26 18:35:00,0
PAY002181,TXN002181,SUCCESS,,1899.0,2026-04-26 21:01:00,0
PAY002182,TXN002182,REFUNDED,,849.0,2026-04-07 22:48:00,0
PAY002183,TXN002183,SUCCESS,,999.0,2026-04-01 08:30:00,0
PAY002184,TXN002184,SUCCESS,,2899.0,2026-07-31 00:12:00,0
PAY002185,TXN002185,SUCCESS,,2499.0,2026-06-21 08:25:00,0
PAY002186,TXN002186,SUCCESS,,799.0,2026-07-10 10:03:00,0
PAY002187,TXN002187,SUCCESS,,649.0,2026-03-24 12:43:00,0
PAY002188,TXN002188,SUCCESS,,1699.0,2026-03-29 17:12:00,0
PAY002189,TXN002189,SUCCESS,,1299.0,2026-07-24 11:25:00,0
PAY002190,TXN002190,SUCCESS,,1999.0,2026-07-09 18:21:00,0
PAY002191,TXN002191,SUCCESS,,1699.0,2026-06-22 20:53:00,0
PAY002192,TXN002192,FAILED,USER_ABORTED,1299.0,2026-05-05 16:50:00,0
PAY002193,TXN002193,SUCCESS,,4999.0,2026-06-30 14:41:00,0
PAY002194,TXN002194,SUCCESS,,1999.0,2026-05-09 05:46:00,0
PAY002195,TXN002195,SUCCESS,,2999.0,2026-05-10 07:13:00,0
PAY002196,TXN002196,SUCCESS,,1999.0,2026-08-25 18:12:00,0
PAY002197,TXN002197,SUCCESS,,799.0,2026-04-19 01:40:00,0
PAY002198,TXN002198,SUCCESS,,2999.0,2026-03-29 05:37:00,0
PAY002199,TXN002199,SUCCESS,,1999.0,2026-07-18 23:47:00,0
PAY002200,TXN002200,SUCCESS,,1299.0,2026-06-18 04:36:00,0
PAY002201,TXN002201,SUCCESS,,749.0,2026-06-29 15:16:00,0
PAY002202,TXN002202,SUCCESS,,1999.0,2026-04-07 00:37:00,0
PAY002203,TXN002203,SUCCESS,,2999.0,2026-05-15 09:33:00,0
PAY002204,TXN002204,SUCCESS,,1899.0,2026-05-01 06:50:00,0
PAY002205,TXN002205,SUCCESS,,1699.0,2026-04-18 05:06:00,0
PAY002206,TXN002206,SUCCESS,,1299.0,2026-08-07 13:02:00,0
PAY002207,TXN002207,SUCCESS,,699.0,2026-06-28 09:27:00,0
PAY002208,TXN002208,SUCCESS,,1199.0,2026-05-12 03:05:00,0
PAY002209,TXN002209,SUCCESS,,2899.0,2026-04-20 09:46:00,0
PAY002210,TXN002210,SUCCESS,,2899.0,2026-06-18 18:30:00,0
PAY002211,TXN002211,SUCCESS,,4999.0,2026-07-11 16:15:00,0
PAY002212,TXN002212,SUCCESS,,2899.0,2026-04-17 08:11:00,0
PAY002213,TXN002213,SUCCESS,,2899.0,2026-07-22 18:01:00,0
PAY002214,TXN002214,SUCCESS,,2899.0,2026-06-22 19:08:00,0
PAY002215,TXN002215,SUCCESS,,1999.0,2026-07-28 06:57:00,0
PAY002216,TXN002216,SUCCESS,,1699.0,2026-05-28 17:10:00,0
PAY002217,TXN002217,SUCCESS,,3499.0,2026-06-29 06:20:00,0
PAY002218,TXN002218,SUCCESS,,1199.0,2026-08-31 02:31:00,0
PAY002219,TXN002219,SUCCESS,,1999.0,2026-04-12 18:14:00,0
PAY002220,TXN002220,SUCCESS,,849.0,2026-06-01 16:24:00,0
PAY002221,TXN002221,SUCCESS,,1899.0,2026-04-18 22:50:00,0
PAY002222,TXN002222,SUCCESS,,699.0,2026-07-10 09:22:00,0
PAY002223,TXN002223,SUCCESS,,1699.0,2026-05-17 23:36:00,0
PAY002224,TXN002224,SUCCESS,,1499.0,2026-08-27 05:33:00,0
PAY002225,TXN002225,SUCCESS,,749.0,2026-07-26 15:10:00,0
PAY002226,TXN002226,SUCCESS,,1299.0,2026-05-11 03:29:00,0
PAY002227,TXN002227,SUCCESS,,1499.0,2026-05-05 07:34:00,0
PAY002228,TXN002228,FAILED,FRAUD_SUSPECTED,3499.0,2026-06-17 00:57:00,0
PAY002229,TXN002229,SUCCESS,,1699.0,2026-06-17 00:08:00,0
PAY002230,TXN002230,FAILED,CARD_EXPIRED,999.0,2026-08-14 00:39:00,0
PAY002231,TXN002231,SUCCESS,,3499.0,2026-07-24 12:15:00,0
PAY002232,TXN002232,SUCCESS,,1499.0,2026-03-22 19:37:00,0
PAY002233,TXN002233,SUCCESS,,1699.0,2026-05-06 00:21:00,0
PAY002234,TXN002234,SUCCESS,,849.0,2026-04-04 08:04:00,0
PAY002235,TXN002235,SUCCESS,,849.0,2026-08-21 14:11:00,0
PAY002236,TXN002236,SUCCESS,,2499.0,2026-07-22 23:39:00,0
PAY002237,TXN002237,SUCCESS,,1899.0,2026-07-26 07:12:00,0
PAY002238,TXN002238,SUCCESS,,1899.0,2026-05-23 04:58:00,0
PAY002239,TXN002239,SUCCESS,,1499.0,2026-05-15 17:48:00,0
PAY002240,TXN002240,SUCCESS,,799.0,2026-04-12 17:44:00,0
PAY002241,TXN002241,SUCCESS,,2899.0,2026-08-22 03:14:00,0
PAY002242,TXN002242,SUCCESS,,2899.0,2026-03-11 20:53:00,0
PAY002243,TXN002243,FAILED,USER_ABORTED,649.0,2026-03-26 12:37:00,0
PAY002244,TXN002244,SUCCESS,,3899.0,2026-04-12 12:39:00,0
PAY002245,TXN002245,SUCCESS,,749.0,2026-04-19 14:43:00,0
PAY002246,TXN002246,FAILED,USER_ABORTED,1299.0,2026-08-25 22:30:00,0
PAY002247,TXN002247,SUCCESS,,1999.0,2026-08-17 17:41:00,0
PAY002248,TXN002248,SUCCESS,,1199.0,2026-04-11 04:06:00,0
PAY002249,TXN002249,SUCCESS,,2999.0,2026-07-23 08:16:00,0
PAY002250,TXN002250,SUCCESS,,1999.0,2026-05-15 17:39:00,0
PAY002251,TXN002251,SUCCESS,,999.0,2026-03-15 09:11:00,0
PAY002252,TXN002252,SUCCESS,,1999.0,2026-05-13 07:34:00,0
PAY002253,TXN002253,REFUNDED,,1799.0,2026-08-01 02:45:00,0
PAY002254,TXN002254,SUCCESS,,1999.0,2026-04-03 05:35:00,0
PAY002255,TXN002255,SUCCESS,,1699.0,2026-07-20 01:50:00,0
PAY002256,TXN002256,SUCCESS,,2499.0,2026-08-06 09:55:00,0
PAY002257,TXN002257,SUCCESS,,799.0,2026-04-27 09:01:00,0
PAY002258,TXN002258,SUCCESS,,1199.0,2026-08-18 11:30:00,0
PAY002259,TXN002259,SUCCESS,,1799.0,2026-03-10 14:02:00,0
PAY002260,TXN002260,SUCCESS,,2499.0,2026-08-21 06:03:00,0
PAY002261,TXN002261,SUCCESS,,2499.0,2026-08-20 17:00:00,0
PAY002262,TXN002262,SUCCESS,,1999.0,2026-04-28 08:43:00,0
PAY002263,TXN002263,SUCCESS,,2499.0,2026-03-28 02:52:00,0
PAY002264,TXN002264,SUCCESS,,2899.0,2026-03-19 13:28:00,0
PAY002265,TXN002265,SUCCESS,,899.0,2026-08-22 23:06:00,0
PAY002266,TXN002266,SUCCESS,,2999.0,2026-05-31 19:41:00,0
PAY002267,TXN002267,SUCCESS,,799.0,2026-07-02 02:18:00,0
PAY002268,TXN002268,SUCCESS,,1199.0,2026-08-22 09:57:00,0
PAY002269,TXN002269,SUCCESS,,2999.0,2026-07-30 07:14:00,0
PAY002270,TXN002270,SUCCESS,,649.0,2026-04-05 04:15:00,0
PAY002271,TXN002271,SUCCESS,,3899.0,2026-04-03 02:01:00,0
PAY002272,TXN002272,SUCCESS,,699.0,2026-05-30 06:35:00,0
PAY002273,TXN002273,SUCCESS,,1899.0,2026-05-24 06:08:00,0
PAY002274,TXN002274,FAILED,FRAUD_SUSPECTED,649.0,2026-05-08 07:08:00,0
PAY002275,TXN002275,SUCCESS,,649.0,2026-04-07 13:49:00,0
PAY002276,TXN002276,SUCCESS,,1899.0,2026-05-17 09:29:00,0
PAY002277,TXN002277,SUCCESS,,1199.0,2026-06-30 19:22:00,0
PAY002278,TXN002278,SUCCESS,,2899.0,2026-05-17 10:11:00,0
PAY002279,TXN002279,SUCCESS,,1699.0,2026-05-28 02:00:00,0
PAY002280,TXN002280,SUCCESS,,849.0,2026-07-11 05:51:00,0
PAY002281,TXN002281,REFUNDED,,849.0,2026-06-21 19:35:00,0
PAY002282,TXN002282,SUCCESS,,1699.0,2026-07-11 22:11:00,0
PAY002283,TXN002283,SUCCESS,,749.0,2026-04-13 02:26:00,0
PAY002284,TXN002284,SUCCESS,,649.0,2026-08-26 22:23:00,0
PAY002285,TXN002285,SUCCESS,,799.0,2026-05-04 16:24:00,0
PAY002286,TXN002286,SUCCESS,,1299.0,2026-05-08 03:41:00,0
PAY002287,TXN002287,SUCCESS,,1299.0,2026-03-12 17:44:00,0
PAY002288,TXN002288,SUCCESS,,699.0,2026-07-05 21:45:00,0
PAY002289,TXN002289,FAILED,INSUFFICIENT_FUNDS,2499.0,2026-06-21 18:08:00,0
PAY002290,TXN002290,SUCCESS,,899.0,2026-03-30 14:57:00,0
PAY002291,TXN002291,REFUNDED,,3899.0,2026-06-19 08:06:00,0
PAY002292,TXN002292,SUCCESS,,649.0,2026-07-16 18:19:00,0
PAY002293,TXN002293,SUCCESS,,649.0,2026-03-19 04:30:00,0
PAY002294,TXN002294,SUCCESS,,1899.0,2026-07-18 14:42:00,0
PAY002295,TXN002295,SUCCESS,,799.0,2026-07-09 12:50:00,0
PAY002296,TXN002296,SUCCESS,,899.0,2026-04-14 13:25:00,0
PAY002297,TXN002297,SUCCESS,,3499.0,2026-08-31 04:56:00,0
PAY002298,TXN002298,SUCCESS,,1899.0,2026-07-17 08:12:00,0
PAY002299,TXN002299,SUCCESS,,3899.0,2026-05-03 19:53:00,0
PAY002300,TXN002300,SUCCESS,,2499.0,2026-06-01 09:38:00,0
PAY002301,TXN002301,SUCCESS,,1899.0,2026-08-26 16:09:00,0
PAY002302,TXN002302,SUCCESS,,2899.0,2026-07-25 01:50:00,0
PAY002303,TXN002303,SUCCESS,,999.0,2026-03-23 00:59:00,0
PAY002304,TXN002304,SUCCESS,,799.0,2026-08-04 19:11:00,0
PAY002305,TXN002305,SUCCESS,,1699.0,2026-03-20 20:11:00,0
PAY002306,TXN002306,SUCCESS,,1299.0,2026-03-15 20:25:00,0
PAY002307,TXN002307,SUCCESS,,1799.0,2026-07-12 10:58:00,0
PAY002308,TXN002308,SUCCESS,,4999.0,2026-03-14 00:19:00,0
PAY002309,TXN002309,SUCCESS,,649.0,2026-05-05 09:52:00,0
PAY002310,TXN002310,REFUNDED,,3499.0,2026-04-02 07:30:00,0
PAY002311,TXN002311,SUCCESS,,649.0,2026-07-31 16:09:00,0
PAY002312,TXN002312,SUCCESS,,1299.0,2026-06-12 18:08:00,0
PAY002313,TXN002313,SUCCESS,,699.0,2026-06-15 14:52:00,0
PAY002314,TXN002314,SUCCESS,,1899.0,2026-06-04 22:56:00,0
PAY002315,TXN002315,SUCCESS,,899.0,2026-06-15 22:59:00,0
PAY002316,TXN002316,SUCCESS,,2499.0,2026-07-26 19:22:00,0
PAY002317,TXN002317,SUCCESS,,3499.0,2026-06-25 01:40:00,0
PAY002318,TXN002318,SUCCESS,,749.0,2026-08-11 04:57:00,0
PAY002319,TXN002319,SUCCESS,,3899.0,2026-08-10 13:25:00,0
PAY002320,TXN002320,SUCCESS,,899.0,2026-04-11 14:41:00,0
PAY002321,TXN002321,SUCCESS,,699.0,2026-06-12 22:55:00,0
PAY002322,TXN002322,SUCCESS,,1199.0,2026-08-14 08:23:00,0
PAY002323,TXN002323,SUCCESS,,999.0,2026-05-30 23:26:00,0
PAY002324,TXN002324,SUCCESS,,3899.0,2026-06-29 09:39:00,0
PAY002325,TXN002325,SUCCESS,,3499.0,2026-03-23 11:30:00,0
PAY002326,TXN002326,SUCCESS,,849.0,2026-06-30 23:00:00,0
PAY002327,TXN002327,SUCCESS,,1499.0,2026-04-26 18:45:00,0
PAY002328,TXN002328,SUCCESS,,1999.0,2026-07-12 19:42:00,0
PAY002329,TXN002329,SUCCESS,,799.0,2026-04-05 02:43:00,0
PAY002330,TXN002330,REFUNDED,,799.0,2026-06-26 15:22:00,0
PAY002331,TXN002331,SUCCESS,,749.0,2026-07-13 12:44:00,0
PAY002332,TXN002332,SUCCESS,,749.0,2026-07-31 14:45:00,0
PAY002333,TXN002333,SUCCESS,,699.0,2026-08-12 14:35:00,0
PAY002334,TXN002334,SUCCESS,,3499.0,2026-04-06 11:19:00,0
PAY002335,TXN002335,SUCCESS,,4999.0,2026-05-18 08:39:00,0
PAY002336,TXN002336,SUCCESS,,3499.0,2026-05-29 01:34:00,0
PAY002337,TXN002337,SUCCESS,,2999.0,2026-03-15 05:06:00,0
PAY002338,TXN002338,FAILED,FRAUD_SUSPECTED,1499.0,2026-03-13 14:45:00,0
PAY002339,TXN002339,SUCCESS,,1899.0,2026-08-30 22:31:00,0
PAY002340,TXN002340,SUCCESS,,699.0,2026-05-05 19:42:00,0
PAY002341,TXN002341,SUCCESS,,1199.0,2026-06-20 03:49:00,0
PAY002342,TXN002342,SUCCESS,,849.0,2026-08-14 17:31:00,0
PAY002343,TXN002343,SUCCESS,,1499.0,2026-03-08 03:07:00,0
PAY002344,TXN002344,SUCCESS,,999.0,2026-07-05 21:03:00,0
PAY002345,TXN002345,FAILED,INSUFFICIENT_FUNDS,999.0,2026-05-25 04:25:00,0
PAY002346,TXN002346,SUCCESS,,1799.0,2026-04-20 03:16:00,0
PAY002347,TXN002347,SUCCESS,,899.0,2026-05-20 11:56:00,0
PAY002348,TXN002348,FAILED,CARD_EXPIRED,899.0,2026-06-28 04:12:00,0
PAY002349,TXN002349,SUCCESS,,999.0,2026-04-18 11:51:00,0
PAY002350,TXN002350,SUCCESS,,3899.0,2026-05-15 17:39:00,0
PAY002351,TXN002351,SUCCESS,,899.0,2026-05-15 03:16:00,0
PAY002352,TXN002352,SUCCESS,,1999.0,2026-03-12 16:24:00,0
PAY002353,TXN002353,SUCCESS,,1699.0,2026-07-12 04:40:00,0
PAY002354,TXN002354,FAILED,INSUFFICIENT_FUNDS,1299.0,2026-04-17 01:29:00,0
PAY002355,TXN002355,SUCCESS,,2499.0,2026-08-04 17:03:00,0
PAY002356,TXN002356,SUCCESS,,1499.0,2026-05-03 22:26:00,0
PAY002357,TXN002357,SUCCESS,,3899.0,2026-05-10 13:52:00,0
PAY002358,TXN002358,SUCCESS,,3499.0,2026-08-22 04:00:00,0
PAY002359,TXN002359,SUCCESS,,749.0,2026-05-08 05:55:00,0
PAY002360,TXN002360,FAILED,CARD_EXPIRED,2499.0,2026-06-27 16:26:00,0
PAY002361,TXN002361,SUCCESS,,999.0,2026-03-08 03:26:00,0
PAY002362,TXN002362,SUCCESS,,4999.0,2026-04-28 05:10:00,0
PAY002363,TXN002363,SUCCESS,,849.0,2026-04-04 04:01:00,0
PAY002364,TXN002364,SUCCESS,,1799.0,2026-05-31 21:25:00,0
PAY002365,TXN002365,SUCCESS,,749.0,2026-08-25 14:43:00,0
PAY002366,TXN002366,SUCCESS,,699.0,2026-07-17 05:08:00,0
PAY002367,TXN002367,SUCCESS,,699.0,2026-03-14 21:46:00,0
PAY002368,TXN002368,SUCCESS,,1499.0,2026-05-29 15:12:00,0
PAY002369,TXN002369,SUCCESS,,799.0,2026-07-22 13:56:00,0
PAY002370,TXN002370,SUCCESS,,4999.0,2026-07-19 00:58:00,0
PAY002371,TXN002371,SUCCESS,,799.0,2026-08-04 09:12:00,0
PAY002372,TXN002372,SUCCESS,,3499.0,2026-05-12 04:16:00,0
PAY002373,TXN002373,SUCCESS,,3899.0,2026-03-10 19:03:00,0
PAY002374,TXN002374,SUCCESS,,749.0,2026-06-07 21:50:00,0
PAY002375,TXN002375,SUCCESS,,749.0,2026-07-06 21:33:00,0
PAY002376,TXN002376,SUCCESS,,1899.0,2026-06-12 03:22:00,0
PAY002377,TXN002377,SUCCESS,,4999.0,2026-07-11 23:42:00,0
PAY002378,TXN002378,FAILED,CARD_EXPIRED,2499.0,2026-04-05 08:10:00,0
PAY002379,TXN002379,SUCCESS,,3899.0,2026-08-02 18:30:00,0
PAY002380,TXN002380,SUCCESS,,1199.0,2026-08-17 19:49:00,0
PAY002381,TXN002381,SUCCESS,,1299.0,2026-08-18 19:06:00,0
PAY002382,TXN002382,SUCCESS,,3899.0,2026-04-12 09:39:00,0
PAY002383,TXN002383,SUCCESS,,649.0,2026-04-13 07:08:00,0
PAY002384,TXN002384,SUCCESS,,1499.0,2026-07-27 04:16:00,0
PAY002385,TXN002385,SUCCESS,,2999.0,2026-08-12 22:14:00,0
PAY002386,TXN002386,SUCCESS,,649.0,2026-05-06 06:17:00,0
PAY002387,TXN002387,SUCCESS,,699.0,2026-08-29 11:11:00,0
PAY002388,TXN002388,SUCCESS,,4999.0,2026-08-10 01:50:00,0
PAY002389,TXN002389,SUCCESS,,2499.0,2026-08-09 13:48:00,0
PAY002390,TXN002390,SUCCESS,,3899.0,2026-03-19 00:57:00,0
PAY002391,TXN002391,SUCCESS,,4999.0,2026-07-24 00:40:00,0
PAY002392,TXN002392,SUCCESS,,849.0,2026-03-19 02:12:00,0
PAY002393,TXN002393,SUCCESS,,1199.0,2026-03-30 14:24:00,0
PAY002394,TXN002394,SUCCESS,,2499.0,2026-07-24 06:08:00,0
PAY002395,TXN002395,SUCCESS,,699.0,2026-06-11 23:30:00,0
PAY002396,TXN002396,SUCCESS,,699.0,2026-03-31 11:00:00,0
PAY002397,TXN002397,SUCCESS,,1799.0,2026-03-22 01:55:00,0
PAY002398,TXN002398,SUCCESS,,1199.0,2026-05-19 23:24:00,0
PAY002399,TXN002399,SUCCESS,,1899.0,2026-04-23 04:40:00,0
PAY002400,TXN002400,SUCCESS,,2899.0,2026-04-05 23:14:00,0
PAY002401,TXN002401,SUCCESS,,999.0,2026-08-17 22:47:00,0
PAY002402,TXN002402,SUCCESS,,3899.0,2026-05-05 16:38:00,0
PAY002403,TXN002403,SUCCESS,,849.0,2026-07-15 07:56:00,0
PAY002404,TXN002404,SUCCESS,,3499.0,2026-05-23 03:07:00,0
PAY002405,TXN002405,FAILED,CARD_EXPIRED,849.0,2026-08-30 03:20:00,0
PAY002406,TXN002406,SUCCESS,,999.0,2026-04-26 04:27:00,0
PAY002407,TXN002407,SUCCESS,,849.0,2026-03-19 09:35:00,0
PAY002408,TXN002408,SUCCESS,,1199.0,2026-03-05 23:21:00,0
PAY002409,TXN002409,SUCCESS,,749.0,2026-03-18 14:18:00,0
PAY002410,TXN002410,SUCCESS,,4999.0,2026-06-29 22:12:00,0
PAY002411,TXN002411,SUCCESS,,849.0,2026-05-13 05:54:00,0
PAY002412,TXN002412,SUCCESS,,2999.0,2026-08-20 23:42:00,0
PAY002413,TXN002413,SUCCESS,,1799.0,2026-05-28 02:05:00,0
PAY002414,TXN002414,SUCCESS,,1299.0,2026-03-12 00:39:00,0
PAY002415,TXN002415,SUCCESS,,4999.0,2026-03-13 09:30:00,0
PAY002416,TXN002416,FAILED,INSUFFICIENT_FUNDS,899.0,2026-04-21 17:08:00,0
PAY002417,TXN002417,SUCCESS,,1299.0,2026-08-04 00:45:00,0
PAY002418,TXN002418,SUCCESS,,1899.0,2026-06-07 12:52:00,0
PAY002419,TXN002419,REFUNDED,,649.0,2026-08-22 02:17:00,0
PAY002420,TXN002420,SUCCESS,,1299.0,2026-07-10 05:47:00,0
PAY002421,TXN002421,SUCCESS,,849.0,2026-06-26 17:40:00,0
PAY002422,TXN002422,SUCCESS,,1299.0,2026-07-26 08:55:00,0
PAY002423,TXN002423,SUCCESS,,2999.0,2026-07-30 18:57:00,0
PAY002424,TXN002424,SUCCESS,,2499.0,2026-03-22 14:48:00,0
PAY002425,TXN002425,SUCCESS,,649.0,2026-07-05 10:04:00,0
PAY002426,TXN002426,SUCCESS,,2499.0,2026-03-27 19:29:00,0
PAY002427,TXN002427,SUCCESS,,3499.0,2026-05-04 19:06:00,0
PAY002428,TXN002428,SUCCESS,,849.0,2026-08-29 11:02:00,0
PAY002429,TXN002429,SUCCESS,,4999.0,2026-04-03 08:39:00,0
PAY002430,TXN002430,SUCCESS,,1699.0,2026-04-19 11:45:00,0
PAY002431,TXN002431,SUCCESS,,999.0,2026-06-24 12:42:00,0
PAY002432,TXN002432,SUCCESS,,799.0,2026-08-30 16:17:00,0
PAY002433,TXN002433,SUCCESS,,1799.0,2026-07-28 10:56:00,0
PAY002434,TXN002434,SUCCESS,,849.0,2026-03-20 17:42:00,0
PAY002435,TXN002435,SUCCESS,,1999.0,2026-04-17 20:39:00,0
PAY002436,TXN002436,FAILED,CARD_EXPIRED,799.0,2026-07-13 06:08:00,0
PAY002437,TXN002437,SUCCESS,,1299.0,2026-05-08 03:39:00,0
PAY002438,TXN002438,SUCCESS,,699.0,2026-03-05 12:06:00,0
PAY002439,TXN002439,SUCCESS,,799.0,2026-08-21 00:20:00,0
PAY002440,TXN002440,SUCCESS,,999.0,2026-05-21 22:33:00,0
PAY002441,TXN002441,SUCCESS,,3499.0,2026-08-01 12:52:00,0
PAY002442,TXN002442,SUCCESS,,699.0,2026-07-13 10:27:00,0
PAY002443,TXN002443,SUCCESS,,1699.0,2026-08-09 11:36:00,0
PAY002444,TXN002444,SUCCESS,,1499.0,2026-08-06 06:11:00,0
PAY002445,TXN002445,SUCCESS,,699.0,2026-05-12 19:25:00,0
PAY002446,TXN002446,SUCCESS,,999.0,2026-05-14 18:19:00,0
PAY002447,TXN002447,SUCCESS,,1899.0,2026-06-17 12:58:00,0
PAY002448,TXN002448,SUCCESS,,4999.0,2026-04-17 21:11:00,0
PAY002449,TXN002449,SUCCESS,,3899.0,2026-04-18 07:34:00,0
PAY002450,TXN002450,SUCCESS,,1699.0,2026-07-31 10:54:00,0
PAY002451,TXN002451,SUCCESS,,4999.0,2026-03-29 10:28:00,0
PAY002452,TXN002452,SUCCESS,,2499.0,2026-06-18 02:24:00,0
PAY002453,TXN002453,SUCCESS,,1899.0,2026-04-04 06:35:00,0
PAY002454,TXN002454,SUCCESS,,799.0,2026-03-24 17:09:00,0
PAY002455,TXN002455,SUCCESS,,3899.0,2026-03-19 16:12:00,0
PAY002456,TXN002456,SUCCESS,,2999.0,2026-08-08 19:42:00,0
PAY002457,TXN002457,SUCCESS,,1999.0,2026-03-20 17:45:00,0
PAY002458,TXN002458,REFUNDED,,4999.0,2026-04-25 02:24:00,0
PAY002459,TXN002459,SUCCESS,,2899.0,2026-07-14 08:49:00,0
PAY002460,TXN002460,FAILED,INSUFFICIENT_FUNDS,899.0,2026-07-25 22:35:00,0
PAY002461,TXN002461,SUCCESS,,1699.0,2026-03-05 11:25:00,0
PAY002462,TXN002462,SUCCESS,,2999.0,2026-05-17 11:19:00,0
PAY002463,TXN002463,SUCCESS,,3899.0,2026-07-03 19:22:00,0
PAY002464,TXN002464,SUCCESS,,1799.0,2026-03-18 04:03:00,0
PAY002465,TXN002465,SUCCESS,,3899.0,2026-08-27 02:08:00,0
PAY002466,TXN002466,SUCCESS,,3499.0,2026-07-25 13:24:00,0
PAY002467,TXN002467,SUCCESS,,1199.0,2026-05-19 17:12:00,0
PAY002468,TXN002468,SUCCESS,,1899.0,2026-08-07 18:36:00,0
PAY002469,TXN002469,SUCCESS,,2499.0,2026-07-07 11:25:00,0
PAY002470,TXN002470,REFUNDED,,1199.0,2026-07-13 19:40:00,0
PAY002471,TXN002471,SUCCESS,,3499.0,2026-06-28 05:11:00,0
PAY002472,TXN002472,SUCCESS,,749.0,2026-06-12 19:43:00,0
PAY002473,TXN002473,SUCCESS,,2899.0,2026-05-01 05:00:00,0
PAY002474,TXN002474,SUCCESS,,1699.0,2026-05-22 23:56:00,0
PAY002475,TXN002475,SUCCESS,,1999.0,2026-04-25 05:56:00,0
PAY002476,TXN002476,SUCCESS,,649.0,2026-08-25 10:56:00,0
PAY002477,TXN002477,SUCCESS,,1899.0,2026-08-11 02:20:00,0
PAY002478,TXN002478,SUCCESS,,699.0,2026-05-06 22:11:00,0
PAY002479,TXN002479,SUCCESS,,749.0,2026-05-09 15:34:00,0
PAY002480,TXN002480,SUCCESS,,1299.0,2026-03-21 03:43:00,0
PAY002481,TXN002481,FAILED,CARD_EXPIRED,1699.0,2026-06-19 23:50:00,0
PAY002482,TXN002482,SUCCESS,,1999.0,2026-05-17 14:52:00,0
PAY002483,TXN002483,FAILED,INSUFFICIENT_FUNDS,2499.0,2026-04-27 12:20:00,0
PAY002484,TXN002484,SUCCESS,,749.0,2026-03-04 16:56:00,0
PAY002485,TXN002485,SUCCESS,,849.0,2026-03-11 18:44:00,0
PAY002486,TXN002486,FAILED,USER_ABORTED,2999.0,2026-07-03 09:01:00,0
PAY002487,TXN002487,SUCCESS,,2899.0,2026-07-11 00:02:00,0
PAY002488,TXN002488,SUCCESS,,2499.0,2026-05-05 11:47:00,0
PAY002489,TXN002489,SUCCESS,,3499.0,2026-08-10 16:50:00,0
PAY002490,TXN002490,SUCCESS,,799.0,2026-07-01 19:18:00,0
PAY002491,TXN002491,SUCCESS,,749.0,2026-06-03 23:53:00,0
PAY002492,TXN002492,SUCCESS,,3899.0,2026-06-17 02:44:00,0
PAY002493,TXN002493,SUCCESS,,749.0,2026-06-10 10:51:00,0
PAY002494,TXN002494,SUCCESS,,3499.0,2026-05-13 03:42:00,0
PAY002495,TXN002495,FAILED,FRAUD_SUSPECTED,1899.0,2026-08-04 23:30:00,0
PAY002496,TXN002496,SUCCESS,,999.0,2026-03-13 19:50:00,0
PAY002497,TXN002497,SUCCESS,,2899.0,2026-03-21 09:04:00,0
PAY002498,TXN002498,FAILED,FRAUD_SUSPECTED,2899.0,2026-08-04 15:48:00,0
PAY002499,TXN002499,SUCCESS,,749.0,2026-04-14 01:13:00,0
PAY002500,TXN002500,SUCCESS,,1699.0,2026-05-11 04:12:00,0
PAY002501,TXN002501,SUCCESS,,3899.0,2026-06-30 08:06:00,0
PAY002502,TXN002502,SUCCESS,,799.0,2026-08-24 01:46:00,0
PAY002503,TXN002503,SUCCESS,,4999.0,2026-04-26 13:23:00,0
PAY002504,TXN002504,SUCCESS,,3499.0,2026-05-06 20:16:00,0
PAY002505,TXN002505,SUCCESS,,1299.0,2026-05-19 19:11:00,0
PAY002506,TXN002506,SUCCESS,,1799.0,2026-08-30 23:26:00,0
PAY002507,TXN002507,SUCCESS,,2899.0,2026-07-04 15:38:00,0
PAY002508,TXN002508,FAILED,USER_ABORTED,1799.0,2026-08-28 01:26:00,0
PAY002509,TXN002509,SUCCESS,,749.0,2026-07-23 12:56:00,0
PAY002510,TXN002510,FAILED,INSUFFICIENT_FUNDS,2499.0,2026-04-07 07:40:00,0
PAY002511,TXN002511,SUCCESS,,749.0,2026-04-16 14:43:00,0
PAY002512,TXN002512,FAILED,USER_ABORTED,899.0,2026-04-14 11:50:00,0
PAY002513,TXN002513,SUCCESS,,699.0,2026-03-29 13:14:00,0
PAY002514,TXN002514,SUCCESS,,1699.0,2026-03-07 03:28:00,0
PAY002515,TXN002515,SUCCESS,,1699.0,2026-06-05 12:21:00,0
PAY002516,TXN002516,SUCCESS,,2499.0,2026-06-20 00:32:00,0
PAY002517,TXN002517,FAILED,CARD_EXPIRED,699.0,2026-03-06 15:32:00,0
PAY002518,TXN002518,SUCCESS,,3899.0,2026-05-20 21:36:00,0
PAY002519,TXN002519,SUCCESS,,2899.0,2026-08-24 16:32:00,0
PAY002520,TXN002520,SUCCESS,,1699.0,2026-08-14 12:20:00,0
PAY002521,TXN002521,SUCCESS,,3899.0,2026-04-26 23:26:00,0
PAY002522,TXN002522,SUCCESS,,799.0,2026-04-23 20:15:00,0
PAY002523,TXN002523,SUCCESS,,649.0,2026-04-20 17:48:00,0
PAY002524,TXN002524,SUCCESS,,3899.0,2026-06-10 14:27:00,0
PAY002525,TXN002525,SUCCESS,,1299.0,2026-05-29 10:16:00,0
PAY002526,TXN002526,SUCCESS,,1799.0,2026-05-23 23:14:00,0
PAY002527,TXN002527,SUCCESS,,699.0,2026-08-23 14:53:00,0
PAY002528,TXN002528,SUCCESS,,649.0,2026-05-28 03:44:00,0
PAY002529,TXN002529,SUCCESS,,749.0,2026-05-23 05:52:00,0
PAY002530,TXN002530,SUCCESS,,2899.0,2026-03-21 04:20:00,0
PAY002531,TXN002531,SUCCESS,,749.0,2026-06-23 23:07:00,0
PAY002532,TXN002532,SUCCESS,,3899.0,2026-04-07 08:39:00,0
PAY002533,TXN002533,REFUNDED,,649.0,2026-07-14 18:12:00,0
PAY002534,TXN002534,SUCCESS,,2899.0,2026-06-04 23:50:00,0
PAY002535,TXN002535,SUCCESS,,749.0,2026-07-05 13:46:00,0
PAY002536,TXN002536,SUCCESS,,1799.0,2026-08-05 04:05:00,0
PAY002537,TXN002537,SUCCESS,,1999.0,2026-05-29 00:59:00,0
PAY002538,TXN002538,SUCCESS,,1999.0,2026-04-10 01:59:00,0
PAY002539,TXN002539,SUCCESS,,899.0,2026-06-26 05:00:00,0
PAY002540,TXN002540,FAILED,FRAUD_SUSPECTED,849.0,2026-04-06 09:01:00,0
PAY002541,TXN002541,SUCCESS,,699.0,2026-07-11 19:07:00,0
PAY002542,TXN002542,SUCCESS,,699.0,2026-08-09 00:47:00,0
PAY002543,TXN002543,SUCCESS,,2999.0,2026-08-04 01:08:00,0
PAY002544,TXN002544,SUCCESS,,2899.0,2026-05-29 16:04:00,0
PAY002545,TXN002545,SUCCESS,,849.0,2026-08-07 04:09:00,0
PAY002546,TXN002546,SUCCESS,,4999.0,2026-03-26 03:06:00,0
PAY002547,TXN002547,SUCCESS,,3499.0,2026-06-20 09:58:00,0
PAY002548,TXN002548,SUCCESS,,1699.0,2026-04-18 08:16:00,0
PAY002549,TXN002549,SUCCESS,,1699.0,2026-07-28 21:00:00,0
PAY002550,TXN002550,SUCCESS,,849.0,2026-04-18 18:06:00,0
PAY002551,TXN002551,SUCCESS,,1199.0,2026-06-07 18:09:00,0
PAY002552,TXN002552,SUCCESS,,699.0,2026-06-08 17:28:00,0
PAY002553,TXN002553,SUCCESS,,2999.0,2026-06-21 02:05:00,0
PAY002554,TXN002554,SUCCESS,,849.0,2026-06-05 12:03:00,0
PAY002555,TXN002555,SUCCESS,,749.0,2026-05-15 00:10:00,0
PAY002556,TXN002556,FAILED,INSUFFICIENT_FUNDS,1699.0,2026-06-19 06:28:00,0
PAY002557,TXN002557,FAILED,INSUFFICIENT_FUNDS,2499.0,2026-03-06 22:39:00,0
PAY002558,TXN002558,SUCCESS,,699.0,2026-08-21 07:09:00,0
PAY002559,TXN002559,SUCCESS,,1299.0,2026-08-13 04:52:00,0
PAY002560,TXN002560,SUCCESS,,3499.0,2026-06-09 01:56:00,0
PAY002561,TXN002561,SUCCESS,,699.0,2026-04-20 05:20:00,0
PAY002562,TXN002562,SUCCESS,,3499.0,2026-06-20 02:42:00,0
PAY002563,TXN002563,SUCCESS,,1999.0,2026-04-02 16:15:00,0
PAY002564,TXN002564,SUCCESS,,1299.0,2026-05-14 21:03:00,0
PAY002565,TXN002565,SUCCESS,,899.0,2026-03-19 22:51:00,0
PAY002566,TXN002566,FAILED,CARD_EXPIRED,849.0,2026-07-20 00:42:00,0
PAY002567,TXN002567,SUCCESS,,2899.0,2026-04-14 08:13:00,0
PAY002568,TXN002568,SUCCESS,,1499.0,2026-03-29 07:04:00,0
PAY002569,TXN002569,SUCCESS,,1699.0,2026-08-08 10:36:00,0
PAY002570,TXN002570,SUCCESS,,1299.0,2026-05-17 03:29:00,0
PAY002571,TXN002571,SUCCESS,,1799.0,2026-08-24 18:50:00,0
PAY002572,TXN002572,SUCCESS,,2499.0,2026-03-13 21:49:00,0
PAY002573,TXN002573,SUCCESS,,2999.0,2026-06-10 03:13:00,0
PAY002574,TXN002574,FAILED,USER_ABORTED,999.0,2026-07-27 23:51:00,0
PAY002575,TXN002575,SUCCESS,,1699.0,2026-08-07 19:08:00,0
PAY002576,TXN002576,SUCCESS,,1999.0,2026-03-15 18:45:00,0
PAY002577,TXN002577,SUCCESS,,2899.0,2026-05-11 08:19:00,0
PAY002578,TXN002578,SUCCESS,,1499.0,2026-07-11 21:10:00,0
PAY002579,TXN002579,SUCCESS,,749.0,2026-07-15 11:40:00,0
PAY002580,TXN002580,SUCCESS,,749.0,2026-03-27 05:13:00,0
PAY002581,TXN002581,SUCCESS,,799.0,2026-06-08 14:06:00,0
PAY002582,TXN002582,SUCCESS,,3899.0,2026-04-13 07:45:00,0
PAY002583,TXN002583,FAILED,USER_ABORTED,1299.0,2026-04-05 18:47:00,0
PAY002584,TXN002584,SUCCESS,,3499.0,2026-04-27 12:19:00,0
PAY002585,TXN002585,SUCCESS,,1299.0,2026-07-20 23:42:00,0
PAY002586,TXN002586,SUCCESS,,1899.0,2026-06-27 17:09:00,0
PAY002587,TXN002587,SUCCESS,,3499.0,2026-07-15 21:22:00,0
PAY002588,TXN002588,SUCCESS,,4999.0,2026-07-14 17:49:00,0
PAY002589,TXN002589,FAILED,INSUFFICIENT_FUNDS,1299.0,2026-03-13 16:31:00,0
PAY002590,TXN002590,FAILED,CARD_EXPIRED,999.0,2026-06-09 07:23:00,0
PAY002591,TXN002591,SUCCESS,,1199.0,2026-08-23 14:12:00,0
PAY002592,TXN002592,SUCCESS,,1999.0,2026-08-17 18:48:00,0
PAY002593,TXN002593,SUCCESS,,3899.0,2026-04-27 16:09:00,0
PAY002594,TXN002594,SUCCESS,,849.0,2026-04-23 17:32:00,0
PAY002595,TXN002595,SUCCESS,,1799.0,2026-03-13 19:38:00,0
PAY002596,TXN002596,SUCCESS,,699.0,2026-08-21 05:59:00,0
PAY002597,TXN002597,SUCCESS,,1999.0,2026-03-19 09:08:00,0
PAY002598,TXN002598,SUCCESS,,3499.0,2026-05-06 09:38:00,0
PAY002599,TXN002599,SUCCESS,,749.0,2026-08-08 11:11:00,0
PAY002600,TXN002600,SUCCESS,,749.0,2026-06-02 14:59:00,0
PAY002601,TXN002601,FAILED,FRAUD_SUSPECTED,849.0,2026-07-13 10:21:00,0
PAY002602,TXN002602,SUCCESS,,2499.0,2026-07-08 14:23:00,0
PAY002603,TXN002603,SUCCESS,,1199.0,2026-05-22 10:20:00,0
PAY002604,TXN002604,SUCCESS,,2899.0,2026-07-31 14:01:00,0
PAY002605,TXN002605,SUCCESS,,1199.0,2026-08-18 08:22:00,0
PAY002606,TXN002606,SUCCESS,,3499.0,2026-05-25 23:54:00,0
PAY002607,TXN002607,SUCCESS,,1699.0,2026-08-22 21:52:00,0
PAY002608,TXN002608,SUCCESS,,849.0,2026-05-11 04:48:00,0
PAY002609,TXN002609,SUCCESS,,699.0,2026-06-16 17:48:00,0
PAY002610,TXN002610,SUCCESS,,4999.0,2026-03-15 06:31:00,0
PAY002611,TXN002611,SUCCESS,,849.0,2026-08-05 07:12:00,0
PAY002612,TXN002612,SUCCESS,,899.0,2026-08-25 18:17:00,0
PAY002613,TXN002613,SUCCESS,,649.0,2026-08-28 17:18:00,0
PAY002614,TXN002614,SUCCESS,,899.0,2026-05-27 07:59:00,0
PAY002615,TXN002615,SUCCESS,,1799.0,2026-06-02 12:36:00,0
PAY002616,TXN002616,SUCCESS,,4999.0,2026-07-07 13:18:00,0
PAY002617,TXN002617,FAILED,INSUFFICIENT_FUNDS,749.0,2026-04-26 11:11:00,0
PAY002618,TXN002618,SUCCESS,,1899.0,2026-07-13 22:01:00,0
PAY002619,TXN002619,SUCCESS,,1999.0,2026-06-14 07:47:00,0
PAY002620,TXN002620,SUCCESS,,1199.0,2026-08-25 07:30:00,0
PAY002621,TXN002621,SUCCESS,,1699.0,2026-07-20 20:46:00,0
PAY002622,TXN002622,FAILED,FRAUD_SUSPECTED,1699.0,2026-03-26 10:32:00,0
PAY002623,TXN002623,SUCCESS,,749.0,2026-08-25 22:46:00,0
PAY002624,TXN002624,SUCCESS,,3499.0,2026-06-05 01:44:00,0
PAY002625,TXN002625,SUCCESS,,4999.0,2026-07-05 13:15:00,0
PAY002626,TXN002626,SUCCESS,,3499.0,2026-08-26 16:37:00,0
PAY002627,TXN002627,SUCCESS,,749.0,2026-03-20 21:37:00,0
PAY002628,TXN002628,REFUNDED,,2499.0,2026-05-28 21:23:00,0
PAY002629,TXN002629,SUCCESS,,899.0,2026-05-15 06:45:00,0
PAY002630,TXN002630,SUCCESS,,1899.0,2026-05-04 23:00:00,0
PAY002631,TXN002631,SUCCESS,,3499.0,2026-04-22 08:58:00,0
PAY002632,TXN002632,SUCCESS,,799.0,2026-04-12 04:54:00,0
PAY002633,TXN002633,SUCCESS,,2499.0,2026-04-28 06:33:00,0
PAY002634,TXN002634,SUCCESS,,3499.0,2026-03-13 00:32:00,0
PAY002635,TXN002635,SUCCESS,,3499.0,2026-06-04 13:57:00,0
PAY002636,TXN002636,SUCCESS,,799.0,2026-05-08 08:45:00,0
PAY002637,TXN002637,FAILED,FRAUD_SUSPECTED,2499.0,2026-08-19 02:37:00,0
PAY002638,TXN002638,SUCCESS,,1499.0,2026-05-21 06:53:00,0
PAY002639,TXN002639,SUCCESS,,799.0,2026-07-16 00:26:00,0
PAY002640,TXN002640,SUCCESS,,799.0,2026-05-13 16:44:00,0
PAY002641,TXN002641,SUCCESS,,4999.0,2026-06-07 05:18:00,0
PAY002642,TXN002642,SUCCESS,,1999.0,2026-07-21 21:01:00,0
PAY002643,TXN002643,SUCCESS,,799.0,2026-07-24 09:38:00,0
PAY002644,TXN002644,REFUNDED,,1199.0,2026-03-04 20:59:00,0
PAY002645,TXN002645,SUCCESS,,799.0,2026-05-15 08:41:00,0
PAY002646,TXN002646,SUCCESS,,2499.0,2026-08-02 10:32:00,0
PAY002647,TXN002647,SUCCESS,,1899.0,2026-08-22 11:13:00,0
PAY002648,TXN002648,SUCCESS,,3899.0,2026-08-13 13:24:00,0
PAY002649,TXN002649,REFUNDED,,1899.0,2026-04-07 11:40:00,0
PAY002650,TXN002650,SUCCESS,,649.0,2026-07-18 10:44:00,0
PAY002651,TXN002651,SUCCESS,,749.0,2026-06-15 15:07:00,0
PAY002652,TXN002652,SUCCESS,,1999.0,2026-03-28 19:29:00,0
PAY002653,TXN002653,SUCCESS,,2999.0,2026-04-01 21:17:00,0
PAY002654,TXN002654,FAILED,CARD_EXPIRED,3899.0,2026-06-18 08:34:00,0
PAY002655,TXN002655,SUCCESS,,999.0,2026-06-19 10:29:00,0
PAY002656,TXN002656,SUCCESS,,2899.0,2026-06-09 22:49:00,0
PAY002657,TXN002657,SUCCESS,,749.0,2026-04-01 02:23:00,0
PAY002658,TXN002658,SUCCESS,,2999.0,2026-08-28 09:15:00,0
PAY002659,TXN002659,SUCCESS,,799.0,2026-03-15 07:59:00,0
PAY002660,TXN002660,SUCCESS,,3899.0,2026-07-19 08:55:00,0
PAY002661,TXN002661,SUCCESS,,4999.0,2026-03-22 14:20:00,0
PAY002662,TXN002662,SUCCESS,,3899.0,2026-08-10 04:37:00,0
PAY002663,TXN002663,SUCCESS,,849.0,2026-03-31 19:04:00,0
PAY002664,TXN002664,SUCCESS,,1199.0,2026-08-03 09:32:00,0
PAY002665,TXN002665,SUCCESS,,849.0,2026-03-23 17:42:00,0
PAY002666,TXN002666,SUCCESS,,2499.0,2026-04-13 23:03:00,0
PAY002667,TXN002667,FAILED,FRAUD_SUSPECTED,3499.0,2026-05-08 00:27:00,0
PAY002668,TXN002668,SUCCESS,,849.0,2026-05-27 21:01:00,0
PAY002669,TXN002669,SUCCESS,,4999.0,2026-06-25 18:58:00,0
PAY002670,TXN002670,SUCCESS,,2499.0,2026-07-16 05:36:00,0
PAY002671,TXN002671,SUCCESS,,2499.0,2026-03-18 14:55:00,0
PAY002672,TXN002672,SUCCESS,,749.0,2026-06-23 06:22:00,0
PAY002673,TXN002673,FAILED,FRAUD_SUSPECTED,1199.0,2026-05-04 12:12:00,0
PAY002674,TXN002674,SUCCESS,,699.0,2026-06-24 10:23:00,0
PAY002675,TXN002675,SUCCESS,,2499.0,2026-04-04 22:53:00,0
PAY002676,TXN002676,SUCCESS,,3899.0,2026-03-20 04:49:00,0
PAY002677,TXN002677,SUCCESS,,3899.0,2026-04-11 04:39:00,0
PAY002678,TXN002678,SUCCESS,,2999.0,2026-04-04 14:18:00,0
PAY002679,TXN002679,SUCCESS,,699.0,2026-03-29 22:16:00,0
PAY002680,TXN002680,SUCCESS,,1999.0,2026-04-14 04:14:00,0
PAY002681,TXN002681,SUCCESS,,1899.0,2026-05-07 19:41:00,0
PAY002682,TXN002682,REFUNDED,,3899.0,2026-06-06 08:36:00,0
PAY002683,TXN002683,SUCCESS,,749.0,2026-06-29 15:34:00,0
PAY002684,TXN002684,SUCCESS,,849.0,2026-04-07 04:43:00,0
PAY002685,TXN002685,REFUNDED,,1299.0,2026-03-27 10:04:00,0
PAY002686,TXN002686,SUCCESS,,999.0,2026-07-23 19:32:00,0
PAY002687,TXN002687,REFUNDED,,1699.0,2026-08-15 09:41:00,0
PAY002688,TXN002688,SUCCESS,,749.0,2026-06-29 00:18:00,0
PAY002689,TXN002689,SUCCESS,,2899.0,2026-07-09 13:34:00,0
PAY002690,TXN002690,SUCCESS,,799.0,2026-08-31 01:49:00,0
PAY002691,TXN002691,SUCCESS,,649.0,2026-04-10 19:54:00,0
PAY002692,TXN002692,SUCCESS,,4999.0,2026-07-20 00:02:00,0
PAY002693,TXN002693,SUCCESS,,1199.0,2026-06-25 08:21:00,0
PAY002694,TXN002694,SUCCESS,,1499.0,2026-03-06 02:43:00,0
PAY002695,TXN002695,FAILED,INSUFFICIENT_FUNDS,2499.0,2026-05-02 12:30:00,0
PAY002696,TXN002696,SUCCESS,,849.0,2026-07-29 13:44:00,0
PAY002697,TXN002697,SUCCESS,,699.0,2026-04-13 18:02:00,0
PAY002698,TXN002698,SUCCESS,,3899.0,2026-07-25 08:43:00,0
PAY002699,TXN002699,SUCCESS,,3499.0,2026-07-05 01:21:00,0
PAY002700,TXN002700,SUCCESS,,1899.0,2026-04-13 22:21:00,0
PAY002701,TXN002701,SUCCESS,,1299.0,2026-03-05 17:35:00,0
PAY002702,TXN002702,SUCCESS,,849.0,2026-05-25 17:41:00,0
PAY002703,TXN002703,SUCCESS,,649.0,2026-04-03 03:40:00,0
PAY002704,TXN002704,SUCCESS,,1699.0,2026-07-27 12:22:00,0
PAY002705,TXN002705,SUCCESS,,999.0,2026-05-31 04:16:00,0
PAY002706,TXN002706,SUCCESS,,1799.0,2026-08-02 09:30:00,0
PAY002707,TXN002707,SUCCESS,,1299.0,2026-03-31 18:12:00,0
PAY002708,TXN002708,SUCCESS,,799.0,2026-06-12 04:34:00,0
PAY002709,TXN002709,SUCCESS,,849.0,2026-04-05 03:40:00,0
PAY002710,TXN002710,SUCCESS,,4999.0,2026-08-19 11:22:00,0
PAY002711,TXN002711,SUCCESS,,1199.0,2026-06-15 19:23:00,0
PAY002712,TXN002712,FAILED,FRAUD_SUSPECTED,1999.0,2026-05-26 14:05:00,0
PAY002713,TXN002713,SUCCESS,,999.0,2026-05-18 10:40:00,0
PAY002714,TXN002714,SUCCESS,,899.0,2026-06-11 22:05:00,0
PAY002715,TXN002715,SUCCESS,,3899.0,2026-08-23 17:32:00,0
PAY002716,TXN002716,SUCCESS,,1299.0,2026-07-12 19:09:00,0
PAY002717,TXN002717,SUCCESS,,1799.0,2026-06-25 23:04:00,0
PAY002718,TXN002718,SUCCESS,,2899.0,2026-05-16 01:16:00,0
PAY002719,TXN002719,SUCCESS,,649.0,2026-03-29 16:38:00,0
PAY002720,TXN002720,SUCCESS,,799.0,2026-07-21 06:53:00,0
PAY002721,TXN002721,SUCCESS,,2999.0,2026-05-13 20:16:00,0
PAY002722,TXN002722,SUCCESS,,649.0,2026-03-28 09:36:00,0
PAY002723,TXN002723,SUCCESS,,3499.0,2026-08-08 00:02:00,0
PAY002724,TXN002724,SUCCESS,,1899.0,2026-04-16 19:20:00,0
PAY002725,TXN002725,REFUNDED,,3899.0,2026-08-28 08:30:00,0
PAY002726,TXN002726,SUCCESS,,999.0,2026-04-10 07:48:00,0
PAY002727,TXN002727,SUCCESS,,1799.0,2026-05-10 11:01:00,0
PAY002728,TXN002728,SUCCESS,,799.0,2026-06-25 06:20:00,0
PAY002729,TXN002729,SUCCESS,,3499.0,2026-07-20 10:47:00,0
PAY002730,TXN002730,SUCCESS,,999.0,2026-06-05 04:33:00,0
PAY002731,TXN002731,SUCCESS,,3899.0,2026-08-18 21:25:00,0
PAY002732,TXN002732,SUCCESS,,1799.0,2026-06-24 19:49:00,0
PAY002733,TXN002733,SUCCESS,,1299.0,2026-04-25 01:04:00,0
PAY002734,TXN002734,SUCCESS,,1899.0,2026-08-19 10:17:00,0
PAY002735,TXN002735,SUCCESS,,1799.0,2026-06-18 15:31:00,0
PAY002736,TXN002736,SUCCESS,,2499.0,2026-08-03 07:48:00,0
PAY002737,TXN002737,REFUNDED,,899.0,2026-04-15 16:12:00,0
PAY002738,TXN002738,SUCCESS,,1699.0,2026-08-09 21:32:00,0
PAY002739,TXN002739,SUCCESS,,1299.0,2026-03-14 02:19:00,0
PAY002740,TXN002740,SUCCESS,,2899.0,2026-08-24 05:05:00,0
PAY002741,TXN002741,SUCCESS,,2899.0,2026-08-12 20:38:00,0
PAY002742,TXN002742,SUCCESS,,2499.0,2026-03-28 23:45:00,0
PAY002743,TXN002743,REFUNDED,,1499.0,2026-08-22 23:22:00,0
PAY002744,TXN002744,SUCCESS,,3899.0,2026-04-25 07:43:00,0
PAY002745,TXN002745,SUCCESS,,1299.0,2026-06-14 11:58:00,0
PAY002746,TXN002746,SUCCESS,,3499.0,2026-04-22 09:15:00,0
PAY002747,TXN002747,REFUNDED,,899.0,2026-04-22 09:07:00,0
PAY002748,TXN002748,SUCCESS,,1899.0,2026-06-26 14:37:00,0
PAY002749,TXN002749,SUCCESS,,3899.0,2026-07-08 18:04:00,0
PAY002750,TXN002750,SUCCESS,,1699.0,2026-07-06 21:15:00,0
PAY002751,TXN002751,SUCCESS,,649.0,2026-06-30 15:22:00,0
PAY002752,TXN002752,SUCCESS,,849.0,2026-04-21 14:44:00,0
PAY002753,TXN002753,SUCCESS,,1699.0,2026-04-07 17:33:00,0
PAY002754,TXN002754,REFUNDED,,1199.0,2026-03-07 16:57:00,0
PAY002755,TXN002755,SUCCESS,,749.0,2026-03-05 07:07:00,0
PAY002756,TXN002756,SUCCESS,,1199.0,2026-06-27 23:46:00,0
PAY002757,TXN002757,SUCCESS,,1699.0,2026-04-14 12:36:00,0
PAY002758,TXN002758,SUCCESS,,1499.0,2026-04-10 15:46:00,0
PAY002759,TXN002759,REFUNDED,,1299.0,2026-04-08 08:51:00,0
PAY002760,TXN002760,SUCCESS,,3899.0,2026-04-26 11:35:00,0
PAY002761,TXN002761,FAILED,CARD_EXPIRED,749.0,2026-07-09 06:27:00,0
PAY002762,TXN002762,SUCCESS,,1199.0,2026-07-31 10:08:00,0
PAY002763,TXN002763,SUCCESS,,4999.0,2026-08-27 09:16:00,0
PAY002764,TXN002764,SUCCESS,,3499.0,2026-08-20 11:28:00,0
PAY002765,TXN002765,SUCCESS,,3899.0,2026-03-10 20:15:00,0
PAY002766,TXN002766,SUCCESS,,899.0,2026-07-14 00:36:00,0
PAY002767,TXN002767,SUCCESS,,1299.0,2026-04-12 02:01:00,0
PAY002768,TXN002768,SUCCESS,,2499.0,2026-04-02 19:12:00,0
PAY002769,TXN002769,SUCCESS,,3899.0,2026-03-20 07:48:00,0
PAY002770,TXN002770,SUCCESS,,649.0,2026-03-11 08:58:00,0
PAY002771,TXN002771,SUCCESS,,2999.0,2026-05-20 07:00:00,0
PAY002772,TXN002772,SUCCESS,,649.0,2026-04-02 23:32:00,0
PAY002773,TXN002773,SUCCESS,,699.0,2026-05-11 22:03:00,0
PAY002774,TXN002774,SUCCESS,,2499.0,2026-08-27 15:35:00,0
PAY002775,TXN002775,SUCCESS,,2499.0,2026-07-05 03:00:00,0
PAY002776,TXN002776,SUCCESS,,1999.0,2026-03-26 17:43:00,0
PAY002777,TXN002777,SUCCESS,,1699.0,2026-08-28 00:11:00,0
PAY002778,TXN002778,SUCCESS,,3899.0,2026-07-11 02:25:00,0
PAY002779,TXN002779,SUCCESS,,749.0,2026-03-24 23:50:00,0
PAY002780,TXN002780,SUCCESS,,849.0,2026-07-02 18:33:00,0
PAY002781,TXN002781,SUCCESS,,749.0,2026-07-31 20:27:00,0
PAY002782,TXN002782,SUCCESS,,1699.0,2026-08-13 00:59:00,0
PAY002783,TXN002783,SUCCESS,,1799.0,2026-05-07 09:24:00,0
PAY002784,TXN002784,SUCCESS,,1699.0,2026-07-02 07:59:00,0
PAY002785,TXN002785,SUCCESS,,1799.0,2026-05-06 15:27:00,0
PAY002786,TXN002786,SUCCESS,,1999.0,2026-08-28 02:55:00,0
PAY002787,TXN002787,SUCCESS,,749.0,2026-05-29 07:56:00,0
PAY002788,TXN002788,SUCCESS,,649.0,2026-07-31 21:29:00,0
PAY002789,TXN002789,SUCCESS,,1199.0,2026-04-29 02:36:00,0
PAY002790,TXN002790,SUCCESS,,3899.0,2026-03-11 15:25:00,0
PAY002791,TXN002791,SUCCESS,,749.0,2026-05-20 07:33:00,0
PAY002792,TXN002792,SUCCESS,,999.0,2026-06-06 19:23:00,0
PAY002793,TXN002793,SUCCESS,,1899.0,2026-05-30 03:02:00,0
PAY002794,TXN002794,SUCCESS,,899.0,2026-05-27 20:07:00,0
PAY002795,TXN002795,SUCCESS,,849.0,2026-07-30 11:06:00,0
PAY002796,TXN002796,FAILED,INSUFFICIENT_FUNDS,1799.0,2026-04-26 11:15:00,0
PAY002797,TXN002797,SUCCESS,,1999.0,2026-07-05 13:03:00,0
PAY002798,TXN002798,SUCCESS,,2999.0,2026-07-19 05:08:00,0
PAY002799,TXN002799,SUCCESS,,2899.0,2026-04-25 06:02:00,0
PAY002800,TXN002800,SUCCESS,,1899.0,2026-08-30 10:55:00,0
PAY002801,TXN002801,SUCCESS,,849.0,2026-07-16 06:16:00,0
PAY002802,TXN002802,SUCCESS,,1199.0,2026-05-16 09:36:00,0
PAY002803,TXN002803,SUCCESS,,1799.0,2026-08-29 20:56:00,0
PAY002804,TXN002804,SUCCESS,,699.0,2026-08-08 08:24:00,0
PAY002805,TXN002805,SUCCESS,,2999.0,2026-08-03 14:55:00,0
PAY002806,TXN002806,SUCCESS,,699.0,2026-05-31 04:08:00,0
PAY002807,TXN002807,SUCCESS,,749.0,2026-07-28 05:58:00,0
PAY002808,TXN002808,SUCCESS,,749.0,2026-06-11 15:00:00,0
PAY002809,TXN002809,SUCCESS,,2499.0,2026-04-23 17:10:00,0
PAY002810,TXN002810,SUCCESS,,899.0,2026-07-03 15:51:00,0
PAY002811,TXN002811,SUCCESS,,749.0,2026-04-10 17:47:00,0
PAY002812,TXN002812,SUCCESS,,1699.0,2026-06-27 03:30:00,0
PAY002813,TXN002813,REFUNDED,,2499.0,2026-03-24 12:28:00,0
PAY002814,TXN002814,SUCCESS,,899.0,2026-04-16 09:47:00,0
PAY002815,TXN002815,SUCCESS,,699.0,2026-06-26 01:58:00,0
PAY002816,TXN002816,SUCCESS,,1699.0,2026-05-20 04:17:00,0
PAY002817,TXN002817,SUCCESS,,1499.0,2026-05-30 21:44:00,0
PAY002818,TXN002818,SUCCESS,,649.0,2026-07-23 22:27:00,0
PAY002819,TXN002819,SUCCESS,,799.0,2026-08-21 12:33:00,0
PAY002820,TXN002820,SUCCESS,,1899.0,2026-06-15 18:28:00,0
PAY002821,TXN002821,FAILED,USER_ABORTED,649.0,2026-07-03 23:02:00,0
PAY002822,TXN002822,SUCCESS,,1199.0,2026-04-15 10:39:00,0
PAY002823,TXN002823,SUCCESS,,1899.0,2026-08-18 23:37:00,0
PAY002824,TXN002824,SUCCESS,,1799.0,2026-05-22 06:47:00,0
PAY002825,TXN002825,SUCCESS,,1699.0,2026-08-22 18:01:00,0
PAY002826,TXN002826,SUCCESS,,699.0,2026-04-26 15:16:00,0
PAY002827,TXN002827,SUCCESS,,3499.0,2026-07-03 08:55:00,0
PAY002828,TXN002828,SUCCESS,,1999.0,2026-08-06 16:17:00,0
PAY002829,TXN002829,SUCCESS,,2999.0,2026-03-09 23:57:00,0
PAY002830,TXN002830,SUCCESS,,4999.0,2026-05-19 13:21:00,0
PAY002831,TXN002831,SUCCESS,,1899.0,2026-03-06 09:17:00,0
PAY002832,TXN002832,SUCCESS,,1199.0,2026-07-15 21:03:00,0
PAY002833,TXN002833,SUCCESS,,1799.0,2026-08-16 11:50:00,0
PAY002834,TXN002834,SUCCESS,,699.0,2026-08-11 01:53:00,0
PAY002835,TXN002835,SUCCESS,,2899.0,2026-06-03 15:17:00,0
PAY002836,TXN002836,FAILED,FRAUD_SUSPECTED,1699.0,2026-06-06 10:32:00,0
PAY002837,TXN002837,SUCCESS,,2999.0,2026-07-14 07:31:00,0
PAY002838,TXN002838,SUCCESS,,749.0,2026-03-12 00:19:00,0
PAY002839,TXN002839,SUCCESS,,2499.0,2026-08-19 11:35:00,0
PAY002840,TXN002840,SUCCESS,,899.0,2026-08-28 05:16:00,0
PAY002841,TXN002841,SUCCESS,,1799.0,2026-07-30 10:04:00,0
PAY002842,TXN002842,SUCCESS,,899.0,2026-08-15 09:26:00,0
PAY002843,TXN002843,SUCCESS,,1299.0,2026-03-17 01:04:00,0
PAY002844,TXN002844,FAILED,USER_ABORTED,3899.0,2026-06-01 00:12:00,0
PAY002845,TXN002845,SUCCESS,,699.0,2026-05-30 23:56:00,0
PAY002846,TXN002846,SUCCESS,,749.0,2026-04-06 11:19:00,0
PAY002847,TXN002847,SUCCESS,,3899.0,2026-08-16 09:26:00,0
PAY002848,TXN002848,SUCCESS,,699.0,2026-03-06 04:30:00,0
PAY002849,TXN002849,SUCCESS,,1499.0,2026-03-15 05:24:00,0
PAY002850,TXN002850,SUCCESS,,1799.0,2026-07-05 12:00:00,0
PAY002851,TXN002851,SUCCESS,,2899.0,2026-06-07 02:00:00,0
PAY002852,TXN002852,SUCCESS,,4999.0,2026-08-12 20:47:00,0
PAY002853,TXN002853,SUCCESS,,1999.0,2026-07-15 02:54:00,0
PAY002854,TXN002854,SUCCESS,,699.0,2026-03-24 06:18:00,0
PAY002855,TXN002855,SUCCESS,,1299.0,2026-07-06 02:39:00,0
PAY002856,TXN002856,SUCCESS,,699.0,2026-04-07 10:19:00,0
PAY002857,TXN002857,FAILED,FRAUD_SUSPECTED,699.0,2026-06-01 05:00:00,0
PAY002858,TXN002858,SUCCESS,,1899.0,2026-06-30 11:51:00,0
PAY002859,TXN002859,FAILED,USER_ABORTED,1999.0,2026-05-10 04:10:00,0
PAY002860,TXN002860,SUCCESS,,649.0,2026-05-07 01:12:00,0
PAY002861,TXN002861,SUCCESS,,3899.0,2026-05-08 01:06:00,0
PAY002862,TXN002862,SUCCESS,,749.0,2026-04-01 22:41:00,0
PAY002863,TXN002863,SUCCESS,,1299.0,2026-05-15 14:09:00,0
PAY002864,TXN002864,SUCCESS,,1199.0,2026-05-06 00:38:00,0
PAY002865,TXN002865,FAILED,INSUFFICIENT_FUNDS,2999.0,2026-08-24 13:22:00,0
PAY002866,TXN002866,SUCCESS,,1799.0,2026-07-21 04:15:00,0
PAY002867,TXN002867,SUCCESS,,799.0,2026-03-05 06:54:00,0
PAY002868,TXN002868,SUCCESS,,2899.0,2026-08-14 00:02:00,0
PAY002869,TXN002869,SUCCESS,,749.0,2026-04-27 13:00:00,0
PAY002870,TXN002870,SUCCESS,,3499.0,2026-08-02 19:33:00,0
PAY002871,TXN002871,SUCCESS,,3899.0,2026-08-10 12:23:00,0
PAY002872,TXN002872,SUCCESS,,999.0,2026-07-19 13:16:00,0
PAY002873,TXN002873,SUCCESS,,699.0,2026-06-06 04:30:00,0
PAY002874,TXN002874,SUCCESS,,1499.0,2026-08-13 18:36:00,0
PAY002875,TXN002875,SUCCESS,,749.0,2026-05-01 06:09:00,0
PAY002876,TXN002876,SUCCESS,,899.0,2026-08-17 14:54:00,0
PAY002877,TXN002877,SUCCESS,,999.0,2026-07-21 11:57:00,0
PAY002878,TXN002878,SUCCESS,,3899.0,2026-07-29 15:01:00,0
PAY002879,TXN002879,SUCCESS,,1199.0,2026-08-16 03:55:00,0
PAY002880,TXN002880,SUCCESS,,1499.0,2026-07-28 12:05:00,0
PAY002881,TXN002881,SUCCESS,,1799.0,2026-04-05 16:15:00,0
PAY002882,TXN002882,SUCCESS,,4999.0,2026-07-30 10:20:00,0
PAY002883,TXN002883,SUCCESS,,1199.0,2026-07-06 07:52:00,0
PAY002884,TXN002884,SUCCESS,,1199.0,2026-03-06 08:45:00,0
PAY002885,TXN002885,SUCCESS,,1199.0,2026-04-25 09:34:00,0
PAY002886,TXN002886,SUCCESS,,1999.0,2026-07-12 11:17:00,0
PAY002887,TXN002887,SUCCESS,,1699.0,2026-07-02 21:31:00,0
PAY002888,TXN002888,SUCCESS,,3499.0,2026-03-27 18:46:00,0
PAY002889,TXN002889,SUCCESS,,2899.0,2026-03-31 09:34:00,0
PAY002890,TXN002890,SUCCESS,,2499.0,2026-05-03 02:36:00,0
PAY002891,TXN002891,FAILED,INSUFFICIENT_FUNDS,2899.0,2026-04-03 12:27:00,0
PAY002892,TXN002892,SUCCESS,,1299.0,2026-04-15 03:56:00,0
PAY002893,TXN002893,SUCCESS,,749.0,2026-08-11 05:53:00,0
PAY002894,TXN002894,SUCCESS,,1799.0,2026-05-19 18:04:00,0
PAY002895,TXN002895,SUCCESS,,1999.0,2026-05-06 10:36:00,0
PAY002896,TXN002896,SUCCESS,,2499.0,2026-04-06 19:09:00,0
PAY002897,TXN002897,SUCCESS,,749.0,2026-06-19 03:41:00,0
PAY002898,TXN002898,SUCCESS,,1999.0,2026-07-11 14:41:00,0
PAY002899,TXN002899,SUCCESS,,749.0,2026-05-17 01:00:00,0
PAY002900,TXN002900,SUCCESS,,2999.0,2026-07-14 07:06:00,0
PAY002901,TXN002901,SUCCESS,,3499.0,2026-08-09 02:51:00,0
PAY002902,TXN002902,SUCCESS,,1199.0,2026-06-04 15:25:00,0
PAY002903,TXN002903,SUCCESS,,3499.0,2026-03-10 19:06:00,0
PAY002904,TXN002904,SUCCESS,,3899.0,2026-04-26 16:17:00,0
PAY002905,TXN002905,FAILED,INSUFFICIENT_FUNDS,799.0,2026-07-24 15:45:00,0
PAY002906,TXN002906,SUCCESS,,1699.0,2026-04-06 14:36:00,0
PAY002907,TXN002907,REFUNDED,,1299.0,2026-07-27 12:42:00,0
PAY002908,TXN002908,SUCCESS,,1799.0,2026-03-14 10:37:00,0
PAY002909,TXN002909,SUCCESS,,1499.0,2026-08-22 13:45:00,0
PAY002910,TXN002910,SUCCESS,,849.0,2026-04-25 23:59:00,0
PAY002911,TXN002911,SUCCESS,,2999.0,2026-05-23 13:24:00,0
PAY002912,TXN002912,SUCCESS,,2999.0,2026-05-20 17:15:00,0
PAY002913,TXN002913,SUCCESS,,649.0,2026-07-11 00:45:00,0
PAY002914,TXN002914,SUCCESS,,1899.0,2026-05-22 23:01:00,0
PAY002915,TXN002915,SUCCESS,,2499.0,2026-05-13 05:03:00,0
PAY002916,TXN002916,SUCCESS,,899.0,2026-05-29 11:26:00,0
PAY002917,TXN002917,SUCCESS,,1699.0,2026-06-13 19:55:00,0
PAY002918,TXN002918,SUCCESS,,1699.0,2026-07-26 01:10:00,0
PAY002919,TXN002919,SUCCESS,,899.0,2026-05-09 06:53:00,0
PAY002920,TXN002920,SUCCESS,,1899.0,2026-07-28 04:37:00,0
PAY002921,TXN002921,SUCCESS,,1899.0,2026-07-15 23:53:00,0
PAY002922,TXN002922,SUCCESS,,1899.0,2026-03-17 18:23:00,0
PAY002923,TXN002923,SUCCESS,,799.0,2026-08-02 02:11:00,0
PAY002924,TXN002924,SUCCESS,,699.0,2026-05-07 17:34:00,0
PAY002925,TXN002925,SUCCESS,,3499.0,2026-03-10 11:59:00,0
PAY002926,TXN002926,FAILED,INSUFFICIENT_FUNDS,999.0,2026-04-18 00:02:00,0
PAY002927,TXN002927,SUCCESS,,3899.0,2026-05-09 09:02:00,0
PAY002928,TXN002928,SUCCESS,,1499.0,2026-05-30 14:43:00,0
PAY002929,TXN002929,SUCCESS,,849.0,2026-05-06 03:43:00,0
PAY002930,TXN002930,FAILED,INSUFFICIENT_FUNDS,999.0,2026-08-19 08:29:00,0
PAY002931,TXN002931,SUCCESS,,849.0,2026-05-18 01:04:00,0
PAY002932,TXN002932,SUCCESS,,2999.0,2026-05-04 21:52:00,0
PAY002933,TXN002933,SUCCESS,,799.0,2026-07-14 05:31:00,0
PAY002934,TXN002934,SUCCESS,,699.0,2026-03-22 13:38:00,0
PAY002935,TXN002935,SUCCESS,,3899.0,2026-08-15 11:01:00,0
PAY002936,TXN002936,SUCCESS,,699.0,2026-08-22 11:02:00,0
PAY002937,TXN002937,SUCCESS,,1199.0,2026-08-15 02:49:00,0
PAY002938,TXN002938,SUCCESS,,1499.0,2026-07-31 22:59:00,0
PAY002939,TXN002939,SUCCESS,,3499.0,2026-07-06 23:27:00,0
PAY002940,TXN002940,SUCCESS,,2899.0,2026-08-23 05:53:00,0
PAY002941,TXN002941,SUCCESS,,1199.0,2026-04-20 23:49:00,0
PAY002942,TXN002942,SUCCESS,,2899.0,2026-04-05 12:20:00,0
PAY002943,TXN002943,SUCCESS,,1199.0,2026-05-27 16:38:00,0
PAY002944,TXN002944,SUCCESS,,1499.0,2026-07-02 07:50:00,0
PAY002945,TXN002945,SUCCESS,,2999.0,2026-07-03 13:21:00,0
PAY002946,TXN002946,SUCCESS,,2899.0,2026-08-31 02:37:00,0
PAY002947,TXN002947,SUCCESS,,1299.0,2026-06-02 04:52:00,0
PAY002948,TXN002948,SUCCESS,,1799.0,2026-08-22 20:35:00,0
PAY002949,TXN002949,SUCCESS,,2999.0,2026-08-19 19:49:00,0
PAY002950,TXN002950,SUCCESS,,3499.0,2026-04-24 06:07:00,0
PAY002951,TXN002951,SUCCESS,,4999.0,2026-04-28 08:51:00,0
PAY002952,TXN002952,FAILED,INSUFFICIENT_FUNDS,3899.0,2026-07-05 18:17:00,0
PAY002953,TXN002953,SUCCESS,,999.0,2026-03-13 15:33:00,0
PAY002954,TXN002954,SUCCESS,,1899.0,2026-05-19 20:48:00,0
PAY002955,TXN002955,SUCCESS,,1199.0,2026-07-09 05:16:00,0
PAY002956,TXN002956,SUCCESS,,849.0,2026-08-26 15:54:00,0
PAY002957,TXN002957,SUCCESS,,1799.0,2026-04-09 14:06:00,0
PAY002958,TXN002958,SUCCESS,,2899.0,2026-07-16 12:38:00,0
PAY002959,TXN002959,FAILED,CARD_EXPIRED,1699.0,2026-06-06 05:37:00,0
PAY002960,TXN002960,SUCCESS,,999.0,2026-06-30 09:06:00,0
PAY002961,TXN002961,SUCCESS,,1999.0,2026-03-08 20:43:00,0
PAY002962,TXN002962,SUCCESS,,649.0,2026-07-03 18:41:00,0
PAY002963,TXN002963,SUCCESS,,1199.0,2026-08-27 14:56:00,0
PAY002964,TXN002964,SUCCESS,,699.0,2026-04-23 02:18:00,0
PAY002965,TXN002965,SUCCESS,,999.0,2026-03-16 00:36:00,0
PAY002966,TXN002966,SUCCESS,,999.0,2026-08-20 00:40:00,0
PAY002967,TXN002967,SUCCESS,,2499.0,2026-05-29 09:33:00,0
PAY002968,TXN002968,SUCCESS,,749.0,2026-03-12 01:39:00,0
PAY002969,TXN002969,SUCCESS,,2499.0,2026-04-05 12:36:00,0
PAY002970,TXN002970,SUCCESS,,2999.0,2026-04-12 20:38:00,0
PAY002971,TXN002971,REFUNDED,,4999.0,2026-07-27 11:44:00,0
PAY002972,TXN002972,SUCCESS,,4999.0,2026-08-12 16:05:00,0
PAY002973,TXN002973,SUCCESS,,2499.0,2026-07-24 02:56:00,0
PAY002974,TXN002974,SUCCESS,,799.0,2026-03-25 23:31:00,0
PAY002975,TXN002975,SUCCESS,,699.0,2026-04-08 19:30:00,0
PAY002976,TXN002976,SUCCESS,,999.0,2026-07-03 09:09:00,0
PAY002977,TXN002977,SUCCESS,,2999.0,2026-03-17 23:17:00,0
PAY002978,TXN002978,SUCCESS,,749.0,2026-04-17 18:21:00,0
PAY002979,TXN002979,FAILED,USER_ABORTED,1299.0,2026-03-21 05:20:00,0
PAY002980,TXN002980,SUCCESS,,3499.0,2026-03-30 09:20:00,0
PAY002981,TXN002981,SUCCESS,,4999.0,2026-04-21 14:14:00,0
PAY002982,TXN002982,SUCCESS,,1299.0,2026-07-31 07:58:00,0
PAY002983,TXN002983,REFUNDED,,4999.0,2026-06-02 20:09:00,0
PAY002984,TXN002984,SUCCESS,,2999.0,2026-06-19 21:00:00,0
PAY002985,TXN002985,SUCCESS,,3899.0,2026-05-04 23:41:00,0
PAY002986,TXN002986,SUCCESS,,999.0,2026-05-21 02:24:00,0
PAY002987,TXN002987,SUCCESS,,2499.0,2026-05-16 05:36:00,0
PAY002988,TXN002988,SUCCESS,,1899.0,2026-06-08 10:59:00,0
PAY002989,TXN002989,SUCCESS,,1299.0,2026-05-03 05:58:00,0
PAY002990,TXN002990,SUCCESS,,749.0,2026-05-13 16:49:00,0
PAY002991,TXN002991,SUCCESS,,749.0,2026-03-18 00:52:00,0
PAY002992,TXN002992,SUCCESS,,1499.0,2026-08-18 13:37:00,0
PAY002993,TXN002993,SUCCESS,,1799.0,2026-06-03 08:50:00,0
PAY002994,TXN002994,SUCCESS,,1499.0,2026-05-14 02:45:00,0
PAY002995,TXN002995,SUCCESS,,899.0,2026-04-18 16:06:00,0
PAY002996,TXN002996,SUCCESS,,1699.0,2026-05-23 00:01:00,0
PAY002997,TXN002997,FAILED,CARD_EXPIRED,899.0,2026-06-08 03:05:00,0
PAY002998,TXN002998,SUCCESS,,1899.0,2026-08-13 02:21:00,0
PAY002999,TXN002999,FAILED,USER_ABORTED,749.0,2026-06-29 16:45:00,0
PAY003000,TXN003000,SUCCESS,,749.0,2026-05-08 02:46:00,0
PAY003001,TXN003001,SUCCESS,,1899.0,2026-08-26 19:12:00,0
PAY003002,TXN003002,SUCCESS,,2899.0,2026-07-25 04:57:00,0
PAY003003,TXN003003,SUCCESS,,1699.0,2026-04-30 12:01:00,0
PAY003004,TXN003004,SUCCESS,,3899.0,2026-03-19 19:23:00,0
PAY003005,TXN003005,SUCCESS,,2899.0,2026-08-05 11:03:00,0
PAY003006,TXN003006,SUCCESS,,2899.0,2026-08-01 20:12:00,0
PAY003007,TXN003007,SUCCESS,,849.0,2026-06-03 05:42:00,0
PAY003008,TXN003008,SUCCESS,,649.0,2026-05-02 17:52:00,0
PAY003009,TXN003009,SUCCESS,,4999.0,2026-08-21 02:43:00,0
PAY003010,TXN003010,SUCCESS,,2499.0,2026-07-24 12:21:00,0
PAY003011,TXN003011,SUCCESS,,1199.0,2026-06-01 08:52:00,0
PAY003012,TXN003012,SUCCESS,,2999.0,2026-06-06 23:05:00,0
PAY003013,TXN003013,SUCCESS,,1499.0,2026-06-07 17:39:00,0
PAY003014,TXN003014,SUCCESS,,4999.0,2026-04-10 22:09:00,0
PAY003015,TXN003015,SUCCESS,,2499.0,2026-06-25 13:37:00,0
PAY003016,TXN003016,SUCCESS,,649.0,2026-05-21 23:46:00,0
PAY003017,TXN003017,SUCCESS,,3899.0,2026-05-29 10:04:00,0
PAY003018,TXN003018,SUCCESS,,799.0,2026-07-21 14:13:00,0
PAY003019,TXN003019,SUCCESS,,899.0,2026-05-06 02:49:00,0
PAY003020,TXN003020,SUCCESS,,4999.0,2026-06-15 04:18:00,0
PAY003021,TXN003021,FAILED,USER_ABORTED,1999.0,2026-04-15 11:58:00,0
PAY003022,TXN003022,FAILED,CARD_EXPIRED,1199.0,2026-04-08 03:36:00,0
PAY003023,TXN003023,SUCCESS,,2499.0,2026-03-18 14:29:00,0
PAY003024,TXN003024,SUCCESS,,1899.0,2026-07-14 10:41:00,0
PAY003025,TXN003025,SUCCESS,,1299.0,2026-04-16 00:57:00,0
PAY003026,TXN003026,SUCCESS,,1899.0,2026-05-14 23:39:00,0
PAY003027,TXN003027,SUCCESS,,2899.0,2026-07-12 05:52:00,0
PAY003028,TXN003028,SUCCESS,,1299.0,2026-08-29 07:59:00,0
PAY003029,TXN003029,SUCCESS,,1499.0,2026-07-10 11:46:00,0
PAY003030,TXN003030,SUCCESS,,2999.0,2026-05-11 09:14:00,0
PAY003031,TXN003031,SUCCESS,,2999.0,2026-05-30 11:32:00,0
PAY003032,TXN003032,SUCCESS,,1699.0,2026-03-28 00:12:00,0
PAY003033,TXN003033,SUCCESS,,699.0,2026-07-18 03:19:00,0
PAY003034,TXN003034,SUCCESS,,2899.0,2026-07-02 12:23:00,0
PAY003035,TXN003035,FAILED,CARD_EXPIRED,2899.0,2026-07-02 11:47:00,0
PAY003036,TXN003036,REFUNDED,,1199.0,2026-04-15 02:31:00,0
PAY003037,TXN003037,SUCCESS,,4999.0,2026-08-07 21:15:00,0
PAY003038,TXN003038,SUCCESS,,1199.0,2026-06-18 10:04:00,0
PAY003039,TXN003039,SUCCESS,,799.0,2026-06-25 14:04:00,0
PAY003040,TXN003040,SUCCESS,,3499.0,2026-05-01 15:20:00,0
PAY003041,TXN003041,FAILED,CARD_EXPIRED,799.0,2026-08-03 16:10:00,0
PAY003042,TXN003042,SUCCESS,,1899.0,2026-08-18 23:37:00,0
PAY003043,TXN003043,SUCCESS,,2999.0,2026-07-22 14:30:00,0
PAY003044,TXN003044,SUCCESS,,2499.0,2026-07-16 07:40:00,0
PAY003045,TXN003045,SUCCESS,,649.0,2026-05-24 23:12:00,0
PAY003046,TXN003046,SUCCESS,,849.0,2026-07-25 04:29:00,0
PAY003047,TXN003047,REFUNDED,,2499.0,2026-07-15 08:52:00,0
PAY003048,TXN003048,SUCCESS,,849.0,2026-05-05 19:58:00,0
PAY003049,TXN003049,FAILED,INSUFFICIENT_FUNDS,3899.0,2026-05-16 12:21:00,0
PAY003050,TXN003050,SUCCESS,,699.0,2026-04-29 02:16:00,0
PAY003051,TXN003051,SUCCESS,,1699.0,2026-07-24 00:54:00,0
PAY003052,TXN003052,SUCCESS,,1799.0,2026-07-16 16:40:00,0
PAY003053,TXN003053,SUCCESS,,999.0,2026-08-05 06:49:00,0
PAY003054,TXN003054,SUCCESS,,1899.0,2026-06-29 04:25:00,0
PAY003055,TXN003055,SUCCESS,,899.0,2026-07-24 07:53:00,0
PAY003056,TXN003056,SUCCESS,,1899.0,2026-04-01 15:36:00,0
PAY003057,TXN003057,REFUNDED,,4999.0,2026-03-06 18:08:00,0
PAY003058,TXN003058,SUCCESS,,899.0,2026-05-10 11:41:00,0
PAY003059,TXN003059,SUCCESS,,1699.0,2026-04-05 02:00:00,0
PAY003060,TXN003060,SUCCESS,,4999.0,2026-05-27 16:17:00,0
PAY003061,TXN003061,SUCCESS,,2499.0,2026-03-28 01:48:00,0
PAY003062,TXN003062,SUCCESS,,1699.0,2026-03-05 06:35:00,0
PAY003063,TXN003063,SUCCESS,,1699.0,2026-06-10 22:46:00,0
PAY003064,TXN003064,SUCCESS,,999.0,2026-06-11 06:50:00,0
PAY003065,TXN003065,SUCCESS,,799.0,2026-08-10 23:38:00,0
PAY003066,TXN003066,FAILED,CARD_EXPIRED,1199.0,2026-08-23 15:37:00,0
PAY003067,TXN003067,FAILED,FRAUD_SUSPECTED,899.0,2026-08-02 09:40:00,0
PAY003068,TXN003068,SUCCESS,,699.0,2026-07-23 17:40:00,0
PAY003069,TXN003069,SUCCESS,,1999.0,2026-07-02 22:45:00,0
PAY003070,TXN003070,SUCCESS,,799.0,2026-07-17 16:14:00,0
PAY003071,TXN003071,SUCCESS,,699.0,2026-05-12 23:56:00,0
PAY003072,TXN003072,SUCCESS,,4999.0,2026-03-18 14:25:00,0
PAY003073,TXN003073,SUCCESS,,3499.0,2026-07-04 15:26:00,0
PAY003074,TXN003074,SUCCESS,,749.0,2026-04-17 04:15:00,0
PAY003075,TXN003075,SUCCESS,,2499.0,2026-07-17 07:54:00,0
PAY003076,TXN003076,SUCCESS,,1799.0,2026-06-16 19:18:00,0
PAY003077,TXN003077,SUCCESS,,3899.0,2026-07-22 22:26:00,0
PAY003078,TXN003078,SUCCESS,,899.0,2026-08-29 08:12:00,0
PAY003079,TXN003079,SUCCESS,,3899.0,2026-04-16 10:36:00,0
PAY003080,TXN003080,SUCCESS,,4999.0,2026-08-20 23:49:00,0
PAY003081,TXN003081,SUCCESS,,999.0,2026-05-09 15:27:00,0
PAY003082,TXN003082,SUCCESS,,649.0,2026-05-23 15:35:00,0
PAY003083,TXN003083,SUCCESS,,899.0,2026-07-31 16:33:00,0
PAY003084,TXN003084,SUCCESS,,2899.0,2026-08-02 16:51:00,0
PAY003085,TXN003085,SUCCESS,,2899.0,2026-08-12 05:49:00,0
PAY003086,TXN003086,SUCCESS,,899.0,2026-07-20 16:44:00,0
PAY003087,TXN003087,SUCCESS,,899.0,2026-04-28 19:02:00,0
PAY003088,TXN003088,SUCCESS,,3499.0,2026-08-07 20:05:00,0
PAY003089,TXN003089,SUCCESS,,799.0,2026-04-02 16:22:00,0
PAY003090,TXN003090,SUCCESS,,849.0,2026-08-06 15:50:00,0
PAY003091,TXN003091,SUCCESS,,3899.0,2026-08-26 10:46:00,0
PAY003092,TXN003092,SUCCESS,,2899.0,2026-08-31 11:00:00,0
PAY003093,TXN003093,SUCCESS,,3899.0,2026-06-06 05:26:00,0
PAY003094,TXN003094,SUCCESS,,649.0,2026-03-23 10:40:00,0
PAY003095,TXN003095,SUCCESS,,849.0,2026-07-01 18:15:00,0
PAY003096,TXN003096,SUCCESS,,2899.0,2026-05-16 16:50:00,0
PAY003097,TXN003097,SUCCESS,,699.0,2026-08-15 21:35:00,0
PAY003098,TXN003098,SUCCESS,,2999.0,2026-05-12 04:06:00,0
PAY003099,TXN003099,SUCCESS,,1499.0,2026-04-24 16:03:00,0
PAY003100,TXN003100,SUCCESS,,1499.0,2026-07-07 20:34:00,0
PAY003101,TXN003101,SUCCESS,,3499.0,2026-03-22 18:02:00,0
PAY003102,TXN003102,SUCCESS,,2899.0,2026-05-21 21:54:00,0
PAY003103,TXN003103,SUCCESS,,3499.0,2026-08-31 09:48:00,0
PAY003104,TXN003104,SUCCESS,,1499.0,2026-07-04 13:22:00,0
PAY003105,TXN003105,SUCCESS,,849.0,2026-07-05 00:03:00,0
PAY003106,TXN003106,SUCCESS,,2499.0,2026-04-17 20:40:00,0
PAY003107,TXN003107,SUCCESS,,4999.0,2026-05-19 20:29:00,0
PAY003108,TXN003108,FAILED,INSUFFICIENT_FUNDS,1799.0,2026-04-05 07:00:00,0
PAY003109,TXN003109,SUCCESS,,1899.0,2026-06-29 09:21:00,0
PAY003110,TXN003110,SUCCESS,,799.0,2026-08-01 21:02:00,0
PAY003111,TXN003111,SUCCESS,,749.0,2026-05-15 17:06:00,0
PAY003112,TXN003112,SUCCESS,,899.0,2026-06-02 14:29:00,0
PAY003113,TXN003113,FAILED,FRAUD_SUSPECTED,1199.0,2026-03-04 23:36:00,0
PAY003114,TXN003114,SUCCESS,,1999.0,2026-07-18 16:05:00,0
PAY003115,TXN003115,SUCCESS,,649.0,2026-05-09 05:41:00,0
PAY003116,TXN003116,SUCCESS,,2899.0,2026-06-05 01:46:00,0
PAY003117,TXN003117,SUCCESS,,4999.0,2026-05-09 12:41:00,0
PAY003118,TXN003118,SUCCESS,,4999.0,2026-05-10 03:20:00,0
PAY003119,TXN003119,SUCCESS,,799.0,2026-04-02 02:56:00,0
PAY003120,TXN003120,SUCCESS,,999.0,2026-08-25 19:00:00,0
PAY003121,TXN003121,SUCCESS,,999.0,2026-06-26 18:38:00,0
PAY003122,TXN003122,SUCCESS,,1999.0,2026-06-22 09:28:00,0
PAY003123,TXN003123,SUCCESS,,899.0,2026-08-02 22:31:00,0
PAY003124,TXN003124,SUCCESS,,649.0,2026-07-09 23:14:00,0
PAY003125,TXN003125,SUCCESS,,1999.0,2026-06-17 17:26:00,0
PAY003126,TXN003126,SUCCESS,,1699.0,2026-07-19 14:20:00,0
PAY003127,TXN003127,SUCCESS,,649.0,2026-07-19 08:07:00,0
PAY003128,TXN003128,SUCCESS,,1199.0,2026-05-06 10:35:00,0
PAY003129,TXN003129,SUCCESS,,699.0,2026-08-26 18:49:00,0
PAY003130,TXN003130,SUCCESS,,849.0,2026-08-05 05:00:00,0
PAY003131,TXN003131,SUCCESS,,1499.0,2026-03-14 10:39:00,0
PAY003132,TXN003132,SUCCESS,,3899.0,2026-07-01 16:22:00,0
PAY003133,TXN003133,SUCCESS,,3499.0,2026-04-12 00:34:00,0
PAY003134,TXN003134,SUCCESS,,2999.0,2026-05-29 11:57:00,0
PAY003135,TXN003135,SUCCESS,,1999.0,2026-03-10 23:54:00,0
PAY003136,TXN003136,FAILED,FRAUD_SUSPECTED,1799.0,2026-03-19 05:59:00,0
PAY003137,TXN003137,SUCCESS,,3499.0,2026-04-11 03:11:00,0
PAY003138,TXN003138,SUCCESS,,899.0,2026-05-12 21:24:00,0
PAY003139,TXN003139,SUCCESS,,4999.0,2026-03-17 08:27:00,0
PAY003140,TXN003140,SUCCESS,,699.0,2026-08-24 08:20:00,0
PAY003141,TXN003141,SUCCESS,,3499.0,2026-08-19 04:43:00,0
PAY003142,TXN003142,SUCCESS,,1899.0,2026-07-28 16:22:00,0
PAY003143,TXN003143,SUCCESS,,649.0,2026-05-14 18:03:00,0
PAY003144,TXN003144,SUCCESS,,2899.0,2026-06-15 10:36:00,0
PAY003145,TXN003145,SUCCESS,,649.0,2026-06-03 16:22:00,0
PAY003146,TXN003146,SUCCESS,,799.0,2026-07-17 06:06:00,0
PAY003147,TXN003147,SUCCESS,,1299.0,2026-07-06 15:19:00,0
PAY003148,TXN003148,SUCCESS,,1899.0,2026-04-26 02:30:00,0
PAY003149,TXN003149,SUCCESS,,649.0,2026-05-27 16:46:00,0
PAY003150,TXN003150,SUCCESS,,1299.0,2026-04-17 04:40:00,0
PAY003151,TXN003151,SUCCESS,,1199.0,2026-06-19 01:14:00,0
PAY003152,TXN003152,SUCCESS,,1699.0,2026-08-17 11:13:00,0
PAY003153,TXN003153,FAILED,CARD_EXPIRED,2499.0,2026-08-13 13:11:00,0
PAY003154,TXN003154,SUCCESS,,2999.0,2026-04-27 06:33:00,0
PAY003155,TXN003155,SUCCESS,,1299.0,2026-03-26 00:25:00,0
PAY003156,TXN003156,SUCCESS,,649.0,2026-07-19 06:23:00,0
PAY003157,TXN003157,SUCCESS,,1799.0,2026-07-26 13:06:00,0
PAY003158,TXN003158,SUCCESS,,649.0,2026-04-28 00:21:00,0
PAY003159,TXN003159,SUCCESS,,699.0,2026-04-17 15:57:00,0
PAY003160,TXN003160,SUCCESS,,2999.0,2026-05-07 02:43:00,0
PAY003161,TXN003161,SUCCESS,,1499.0,2026-06-01 07:41:00,0
PAY003162,TXN003162,SUCCESS,,899.0,2026-08-02 21:53:00,0
PAY003163,TXN003163,FAILED,CARD_EXPIRED,749.0,2026-05-06 05:44:00,0
PAY003164,TXN003164,SUCCESS,,649.0,2026-07-02 20:28:00,0
PAY003165,TXN003165,SUCCESS,,849.0,2026-07-06 22:55:00,0
PAY003166,TXN003166,SUCCESS,,1299.0,2026-03-19 19:02:00,0
PAY003167,TXN003167,SUCCESS,,699.0,2026-04-21 20:28:00,0
PAY003168,TXN003168,SUCCESS,,3899.0,2026-08-14 00:10:00,0
PAY003169,TXN003169,SUCCESS,,4999.0,2026-06-18 18:33:00,0
PAY003170,TXN003170,SUCCESS,,2899.0,2026-07-30 21:16:00,0
PAY003171,TXN003171,SUCCESS,,1499.0,2026-06-08 12:46:00,0
PAY003172,TXN003172,SUCCESS,,699.0,2026-08-05 19:24:00,0
PAY003173,TXN003173,SUCCESS,,999.0,2026-07-14 02:43:00,0
PAY003174,TXN003174,SUCCESS,,999.0,2026-05-09 12:36:00,0
PAY003175,TXN003175,SUCCESS,,749.0,2026-08-15 02:46:00,0
PAY003176,TXN003176,SUCCESS,,1699.0,2026-04-06 03:04:00,0
PAY003177,TXN003177,SUCCESS,,649.0,2026-08-17 16:23:00,0
PAY003178,TXN003178,SUCCESS,,699.0,2026-08-03 10:26:00,0
PAY003179,TXN003179,FAILED,USER_ABORTED,749.0,2026-08-26 18:03:00,0
PAY003180,TXN003180,SUCCESS,,3499.0,2026-08-09 18:22:00,0
PAY003181,TXN003181,SUCCESS,,899.0,2026-07-18 15:42:00,0
PAY003182,TXN003182,SUCCESS,,849.0,2026-06-15 16:12:00,0
PAY003183,TXN003183,FAILED,USER_ABORTED,2999.0,2026-04-04 00:32:00,0
PAY003184,TXN003184,SUCCESS,,999.0,2026-06-07 15:15:00,0
PAY003185,TXN003185,SUCCESS,,849.0,2026-08-02 17:57:00,0
PAY003186,TXN003186,SUCCESS,,749.0,2026-05-04 12:26:00,0
PAY003187,TXN003187,SUCCESS,,2499.0,2026-07-27 02:27:00,0
PAY003188,TXN003188,SUCCESS,,2999.0,2026-08-10 22:00:00,0
PAY003189,TXN003189,SUCCESS,,899.0,2026-06-25 01:09:00,0
PAY003190,TXN003190,SUCCESS,,1499.0,2026-05-14 20:12:00,0
PAY003191,TXN003191,SUCCESS,,849.0,2026-08-05 09:49:00,0
PAY003192,TXN003192,SUCCESS,,849.0,2026-04-25 01:12:00,0
PAY003193,TXN003193,SUCCESS,,2499.0,2026-04-06 04:21:00,0
PAY003194,TXN003194,SUCCESS,,2499.0,2026-06-22 01:24:00,0
PAY003195,TXN003195,SUCCESS,,1699.0,2026-03-15 12:24:00,0
PAY003196,TXN003196,SUCCESS,,2999.0,2026-05-03 17:57:00,0
PAY003197,TXN003197,SUCCESS,,799.0,2026-05-14 17:47:00,0
PAY003198,TXN003198,SUCCESS,,649.0,2026-04-23 18:12:00,0
PAY003199,TXN003199,SUCCESS,,4999.0,2026-03-13 01:48:00,0
PAY003200,TXN003200,SUCCESS,,3499.0,2026-07-30 17:45:00,0
PAY003201,TXN003201,SUCCESS,,3899.0,2026-07-29 17:30:00,0
PAY003202,TXN003202,SUCCESS,,1799.0,2026-07-31 04:14:00,0
PAY003203,TXN003203,SUCCESS,,849.0,2026-06-08 18:09:00,0
PAY003204,TXN003204,SUCCESS,,699.0,2026-06-20 01:57:00,0
PAY003205,TXN003205,FAILED,FRAUD_SUSPECTED,2999.0,2026-07-09 23:56:00,0
PAY003206,TXN003206,SUCCESS,,1999.0,2026-05-21 07:02:00,0
PAY003207,TXN003207,SUCCESS,,849.0,2026-03-30 23:24:00,0
PAY003208,TXN003208,SUCCESS,,1699.0,2026-08-15 14:00:00,0
PAY003209,TXN003209,SUCCESS,,799.0,2026-08-08 00:20:00,0
PAY003210,TXN003210,SUCCESS,,2499.0,2026-03-18 01:05:00,0
PAY003211,TXN003211,SUCCESS,,999.0,2026-04-08 06:38:00,0
PAY003212,TXN003212,SUCCESS,,1999.0,2026-06-18 04:35:00,0
PAY003213,TXN003213,SUCCESS,,1199.0,2026-04-23 04:30:00,0
PAY003214,TXN003214,SUCCESS,,2899.0,2026-04-13 16:34:00,0
PAY003215,TXN003215,SUCCESS,,4999.0,2026-06-05 04:42:00,0
PAY003216,TXN003216,SUCCESS,,1899.0,2026-06-27 09:08:00,0
PAY003217,TXN003217,SUCCESS,,3499.0,2026-03-24 13:31:00,0
PAY003218,TXN003218,FAILED,FRAUD_SUSPECTED,1499.0,2026-06-06 18:05:00,0
PAY003219,TXN003219,SUCCESS,,1899.0,2026-08-21 00:53:00,0
PAY003220,TXN003220,SUCCESS,,4999.0,2026-07-27 20:47:00,0
PAY003221,TXN003221,SUCCESS,,1499.0,2026-05-15 07:01:00,0
PAY003222,TXN003222,SUCCESS,,1899.0,2026-03-11 03:31:00,0
PAY003223,TXN003223,SUCCESS,,749.0,2026-06-11 05:01:00,0
PAY003224,TXN003224,SUCCESS,,699.0,2026-05-15 20:35:00,0
PAY003225,TXN003225,SUCCESS,,1699.0,2026-03-23 13:02:00,0
PAY003226,TXN003226,SUCCESS,,3899.0,2026-06-20 16:28:00,0
PAY003227,TXN003227,SUCCESS,,1799.0,2026-08-02 13:45:00,0
PAY003228,TXN003228,SUCCESS,,2999.0,2026-07-27 20:53:00,0
PAY003229,TXN003229,SUCCESS,,799.0,2026-04-11 18:53:00,0
PAY003230,TXN003230,SUCCESS,,1899.0,2026-08-23 05:41:00,0
PAY003231,TXN003231,SUCCESS,,849.0,2026-08-14 19:29:00,0
PAY003232,TXN003232,SUCCESS,,1799.0,2026-04-22 04:14:00,0
PAY003233,TXN003233,SUCCESS,,999.0,2026-05-08 11:07:00,0
PAY003234,TXN003234,FAILED,CARD_EXPIRED,1699.0,2026-08-27 16:02:00,0
PAY003235,TXN003235,SUCCESS,,799.0,2026-08-26 06:26:00,0
PAY003236,TXN003236,SUCCESS,,2899.0,2026-08-21 03:56:00,0
PAY003237,TXN003237,SUCCESS,,1299.0,2026-08-09 16:58:00,0
PAY003238,TXN003238,SUCCESS,,1199.0,2026-08-30 03:12:00,0
PAY003239,TXN003239,SUCCESS,,999.0,2026-03-07 17:07:00,0
PAY003240,TXN003240,SUCCESS,,2899.0,2026-06-23 00:11:00,0
PAY003241,TXN003241,SUCCESS,,699.0,2026-03-24 20:15:00,0
PAY003242,TXN003242,SUCCESS,,1199.0,2026-07-26 03:26:00,0
PAY003243,TXN003243,SUCCESS,,3899.0,2026-05-02 07:13:00,0
PAY003244,TXN003244,SUCCESS,,749.0,2026-05-19 05:49:00,0
PAY003245,TXN003245,SUCCESS,,899.0,2026-07-26 06:42:00,0
PAY003246,TXN003246,SUCCESS,,1499.0,2026-07-17 22:54:00,0
PAY003247,TXN003247,SUCCESS,,699.0,2026-07-13 02:36:00,0
PAY003248,TXN003248,SUCCESS,,1499.0,2026-08-18 21:00:00,0
PAY003249,TXN003249,SUCCESS,,2899.0,2026-08-17 07:11:00,0
PAY003250,TXN003250,SUCCESS,,1299.0,2026-05-22 22:14:00,0
PAY003251,TXN003251,SUCCESS,,799.0,2026-04-13 17:59:00,0
PAY003252,TXN003252,SUCCESS,,649.0,2026-08-24 10:54:00,0
PAY003253,TXN003253,SUCCESS,,749.0,2026-08-28 11:09:00,0
PAY003254,TXN003254,SUCCESS,,1499.0,2026-08-22 15:32:00,0
PAY003255,TXN003255,SUCCESS,,3899.0,2026-05-25 17:58:00,0
PAY003256,TXN003256,SUCCESS,,1999.0,2026-04-27 07:49:00,0
PAY003257,TXN003257,REFUNDED,,649.0,2026-06-20 12:34:00,0
PAY003258,TXN003258,SUCCESS,,749.0,2026-07-19 18:09:00,0
PAY003259,TXN003259,SUCCESS,,4999.0,2026-05-07 03:41:00,0
PAY003260,TXN003260,FAILED,CARD_EXPIRED,1299.0,2026-06-15 02:06:00,0
PAY003261,TXN003261,SUCCESS,,1199.0,2026-08-07 15:35:00,0
PAY003262,TXN003262,FAILED,INSUFFICIENT_FUNDS,749.0,2026-06-23 09:51:00,0
PAY003263,TXN003263,SUCCESS,,1899.0,2026-06-13 12:08:00,0
PAY003264,TXN003264,SUCCESS,,2899.0,2026-05-26 16:59:00,0
PAY003265,TXN003265,SUCCESS,,1799.0,2026-06-12 08:46:00,0
PAY003266,TXN003266,REFUNDED,,2999.0,2026-03-30 02:14:00,0
PAY003267,TXN003267,SUCCESS,,1199.0,2026-06-23 00:08:00,0
PAY003268,TXN003268,SUCCESS,,3499.0,2026-05-26 10:52:00,0
PAY003269,TXN003269,SUCCESS,,649.0,2026-04-15 17:01:00,0
PAY003270,TXN003270,SUCCESS,,3899.0,2026-05-19 13:42:00,0
PAY003271,TXN003271,SUCCESS,,799.0,2026-06-26 20:25:00,0
PAY003272,TXN003272,SUCCESS,,799.0,2026-07-30 05:31:00,0
PAY003273,TXN003273,SUCCESS,,849.0,2026-04-19 03:41:00,0
PAY003274,TXN003274,REFUNDED,,1299.0,2026-05-10 14:25:00,0
PAY003275,TXN003275,SUCCESS,,749.0,2026-08-22 20:42:00,0
PAY003276,TXN003276,SUCCESS,,799.0,2026-06-16 10:57:00,0
PAY003277,TXN003277,SUCCESS,,849.0,2026-07-10 23:22:00,0
PAY003278,TXN003278,SUCCESS,,1499.0,2026-06-09 04:43:00,0
PAY003279,TXN003279,SUCCESS,,2999.0,2026-08-20 19:50:00,0
PAY003280,TXN003280,SUCCESS,,799.0,2026-06-11 03:33:00,0
PAY003281,TXN003281,SUCCESS,,2899.0,2026-08-15 06:48:00,0
PAY003282,TXN003282,SUCCESS,,1199.0,2026-08-28 00:03:00,0
PAY003283,TXN003283,SUCCESS,,1499.0,2026-08-31 10:59:00,0
PAY003284,TXN003284,SUCCESS,,899.0,2026-05-19 21:45:00,0
PAY003285,TXN003285,REFUNDED,,849.0,2026-04-19 17:11:00,0
PAY003286,TXN003286,SUCCESS,,1899.0,2026-07-31 23:09:00,0
PAY003287,TXN003287,SUCCESS,,2499.0,2026-05-24 17:12:00,0
PAY003288,TXN003288,SUCCESS,,1199.0,2026-03-08 20:48:00,0
PAY003289,TXN003289,SUCCESS,,3899.0,2026-04-05 12:31:00,0
PAY003290,TXN003290,REFUNDED,,4999.0,2026-04-14 12:39:00,0
PAY003291,TXN003291,SUCCESS,,2499.0,2026-04-12 22:30:00,0
PAY003292,TXN003292,SUCCESS,,699.0,2026-08-25 16:08:00,0
PAY003293,TXN003293,SUCCESS,,1299.0,2026-06-28 22:53:00,0
PAY003294,TXN003294,SUCCESS,,2999.0,2026-08-10 08:27:00,0
PAY003295,TXN003295,SUCCESS,,1699.0,2026-04-10 15:37:00,0
PAY003296,TXN003296,SUCCESS,,749.0,2026-06-13 07:59:00,0
PAY003297,TXN003297,SUCCESS,,4999.0,2026-08-14 00:47:00,0
PAY003298,TXN003298,SUCCESS,,799.0,2026-08-23 21:40:00,0
PAY003299,TXN003299,SUCCESS,,1899.0,2026-06-19 17:04:00,0
PAY003300,TXN003300,SUCCESS,,2999.0,2026-07-24 13:57:00,0
PAY003301,TXN003301,SUCCESS,,4999.0,2026-07-26 13:11:00,0
PAY003302,TXN003302,SUCCESS,,1199.0,2026-07-26 15:46:00,0
PAY003303,TXN003303,SUCCESS,,899.0,2026-08-31 07:03:00,0
PAY003304,TXN003304,FAILED,FRAUD_SUSPECTED,849.0,2026-08-13 20:44:00,0
PAY003305,TXN003305,FAILED,CARD_EXPIRED,1799.0,2026-03-21 05:34:00,0
PAY003306,TXN003306,SUCCESS,,2999.0,2026-08-27 11:42:00,0
PAY003307,TXN003307,SUCCESS,,3899.0,2026-07-26 18:16:00,0
PAY003308,TXN003308,REFUNDED,,799.0,2026-08-13 15:49:00,0
PAY003309,TXN003309,SUCCESS,,749.0,2026-08-27 02:18:00,0
PAY003310,TXN003310,SUCCESS,,699.0,2026-08-15 21:22:00,0
PAY003311,TXN003311,SUCCESS,,799.0,2026-08-25 10:55:00,0
PAY003312,TXN003312,SUCCESS,,2999.0,2026-08-09 11:55:00,0
PAY003313,TXN003313,SUCCESS,,1499.0,2026-07-29 17:13:00,0
PAY003314,TXN003314,SUCCESS,,1799.0,2026-08-09 07:59:00,0
PAY003315,TXN003315,SUCCESS,,1799.0,2026-08-28 20:13:00,0
PAY003316,TXN003316,SUCCESS,,1899.0,2026-06-12 23:14:00,0
PAY003317,TXN003317,SUCCESS,,2899.0,2026-07-25 21:34:00,0
PAY003318,TXN003318,SUCCESS,,1999.0,2026-08-25 08:21:00,0
PAY003319,TXN003319,SUCCESS,,999.0,2026-03-24 05:14:00,0
PAY003320,TXN003320,REFUNDED,,1299.0,2026-06-02 18:34:00,0
PAY003321,TXN003321,SUCCESS,,2899.0,2026-07-21 01:12:00,0
PAY003322,TXN003322,SUCCESS,,2999.0,2026-03-13 06:35:00,0
PAY003323,TXN003323,SUCCESS,,799.0,2026-05-24 00:01:00,0
PAY003324,TXN003324,SUCCESS,,1199.0,2026-06-22 09:01:00,0
PAY003325,TXN003325,SUCCESS,,3899.0,2026-05-09 19:06:00,0
PAY003326,TXN003326,SUCCESS,,999.0,2026-05-04 09:18:00,0
PAY003327,TXN003327,SUCCESS,,1799.0,2026-08-28 10:34:00,0
PAY003328,TXN003328,REFUNDED,,899.0,2026-04-24 17:30:00,0
PAY003329,TXN003329,SUCCESS,,1299.0,2026-06-12 03:09:00,0
PAY003330,TXN003330,SUCCESS,,799.0,2026-05-26 18:51:00,0
PAY003331,TXN003331,SUCCESS,,799.0,2026-06-27 16:13:00,0
PAY003332,TXN003332,SUCCESS,,749.0,2026-07-18 11:35:00,0
PAY003333,TXN003333,SUCCESS,,2499.0,2026-07-31 08:18:00,0
PAY003334,TXN003334,SUCCESS,,3899.0,2026-04-13 09:27:00,0
PAY003335,TXN003335,SUCCESS,,799.0,2026-07-03 02:46:00,0
PAY003336,TXN003336,SUCCESS,,849.0,2026-04-25 06:14:00,0
PAY003337,TXN003337,SUCCESS,,799.0,2026-04-16 11:35:00,0
PAY003338,TXN003338,SUCCESS,,1799.0,2026-08-06 08:58:00,0
PAY003339,TXN003339,SUCCESS,,1799.0,2026-06-13 05:18:00,0
PAY003340,TXN003340,SUCCESS,,2899.0,2026-06-29 11:53:00,0
PAY003341,TXN003341,SUCCESS,,849.0,2026-05-15 11:08:00,0
PAY003342,TXN003342,SUCCESS,,849.0,2026-05-25 10:57:00,0
PAY003343,TXN003343,SUCCESS,,1499.0,2026-08-04 16:32:00,0
PAY003344,TXN003344,FAILED,CARD_EXPIRED,699.0,2026-08-11 09:09:00,0
PAY003345,TXN003345,SUCCESS,,999.0,2026-08-02 04:54:00,0
PAY003346,TXN003346,SUCCESS,,749.0,2026-05-03 15:25:00,0
PAY003347,TXN003347,REFUNDED,,1999.0,2026-07-23 00:17:00,0
PAY003348,TXN003348,SUCCESS,,849.0,2026-06-26 08:23:00,0
PAY003349,TXN003349,SUCCESS,,2999.0,2026-04-19 01:05:00,0
PAY003350,TXN003350,SUCCESS,,2499.0,2026-07-09 21:39:00,0
PAY003351,TXN003351,SUCCESS,,3499.0,2026-08-25 20:01:00,0
PAY003352,TXN003352,SUCCESS,,2999.0,2026-04-19 13:00:00,0
PAY003353,TXN003353,SUCCESS,,699.0,2026-07-03 21:53:00,0
PAY003354,TXN003354,SUCCESS,,3899.0,2026-03-07 19:53:00,0
PAY003355,TXN003355,SUCCESS,,1199.0,2026-07-29 05:17:00,0
PAY003356,TXN003356,SUCCESS,,1999.0,2026-06-27 20:29:00,0
PAY003357,TXN003357,SUCCESS,,649.0,2026-07-04 10:32:00,0
PAY003358,TXN003358,SUCCESS,,4999.0,2026-07-16 02:25:00,0
PAY003359,TXN003359,SUCCESS,,1799.0,2026-06-01 21:05:00,0
PAY003360,TXN003360,SUCCESS,,1899.0,2026-03-13 02:48:00,0
PAY003361,TXN003361,SUCCESS,,1999.0,2026-07-15 06:08:00,0
PAY003362,TXN003362,SUCCESS,,1999.0,2026-03-29 14:12:00,0
PAY003363,TXN003363,SUCCESS,,1899.0,2026-05-21 14:30:00,0
PAY003364,TXN003364,SUCCESS,,1799.0,2026-08-14 22:21:00,0
PAY003365,TXN003365,SUCCESS,,1799.0,2026-03-05 12:04:00,0
PAY003366,TXN003366,SUCCESS,,3499.0,2026-05-19 02:08:00,0
PAY003367,TXN003367,FAILED,USER_ABORTED,4999.0,2026-07-07 05:37:00,0
PAY003368,TXN003368,SUCCESS,,2899.0,2026-06-20 05:16:00,0
PAY003369,TXN003369,SUCCESS,,1299.0,2026-04-06 07:42:00,0
PAY003370,TXN003370,SUCCESS,,1299.0,2026-08-25 11:41:00,0
PAY003371,TXN003371,SUCCESS,,2499.0,2026-08-28 01:06:00,0
PAY003372,TXN003372,SUCCESS,,2499.0,2026-05-26 20:14:00,0
PAY003373,TXN003373,SUCCESS,,1999.0,2026-03-06 02:35:00,0
PAY003374,TXN003374,SUCCESS,,1699.0,2026-06-08 04:41:00,0
PAY003375,TXN003375,SUCCESS,,4999.0,2026-08-01 03:02:00,0
PAY003376,TXN003376,FAILED,USER_ABORTED,999.0,2026-04-23 17:10:00,0
PAY003377,TXN003377,FAILED,INSUFFICIENT_FUNDS,1299.0,2026-04-12 01:40:00,0
PAY003378,TXN003378,SUCCESS,,3899.0,2026-08-11 21:02:00,0
PAY003379,TXN003379,SUCCESS,,1299.0,2026-04-02 00:12:00,0
PAY003380,TXN003380,SUCCESS,,1799.0,2026-06-26 07:36:00,0
PAY003381,TXN003381,SUCCESS,,1699.0,2026-05-05 06:46:00,0
PAY003382,TXN003382,SUCCESS,,899.0,2026-05-11 12:07:00,0
PAY003383,TXN003383,SUCCESS,,2999.0,2026-05-04 07:58:00,0
PAY003384,TXN003384,SUCCESS,,2999.0,2026-07-10 10:08:00,0
PAY003385,TXN003385,SUCCESS,,1899.0,2026-03-17 20:26:00,0
PAY003386,TXN003386,REFUNDED,,699.0,2026-07-07 08:29:00,0
PAY003387,TXN003387,SUCCESS,,4999.0,2026-07-14 21:42:00,0
PAY003388,TXN003388,SUCCESS,,649.0,2026-05-05 14:49:00,0
PAY003389,TXN003389,REFUNDED,,649.0,2026-06-25 23:17:00,0
PAY003390,TXN003390,REFUNDED,,2999.0,2026-07-14 18:27:00,0
PAY003391,TXN003391,SUCCESS,,799.0,2026-05-14 03:52:00,0
PAY003392,TXN003392,SUCCESS,,1499.0,2026-07-25 20:56:00,0
PAY003393,TXN003393,SUCCESS,,649.0,2026-07-08 12:25:00,0
PAY003394,TXN003394,SUCCESS,,1199.0,2026-05-31 16:52:00,0
PAY003395,TXN003395,SUCCESS,,849.0,2026-05-01 16:57:00,0
PAY003396,TXN003396,SUCCESS,,1899.0,2026-04-20 19:35:00,0
PAY003397,TXN003397,SUCCESS,,649.0,2026-05-29 04:44:00,0
PAY003398,TXN003398,SUCCESS,,849.0,2026-03-30 07:30:00,0
PAY003399,TXN003399,SUCCESS,,649.0,2026-03-31 21:33:00,0
PAY003400,TXN003400,SUCCESS,,1499.0,2026-03-09 15:13:00,0
PAY003401,TXN003401,SUCCESS,,999.0,2026-04-24 16:04:00,0
PAY003402,TXN003402,SUCCESS,,1899.0,2026-07-21 22:06:00,0
PAY003403,TXN003403,SUCCESS,,1299.0,2026-04-19 03:51:00,0
PAY003404,TXN003404,SUCCESS,,1999.0,2026-07-28 21:14:00,0
PAY003405,TXN003405,SUCCESS,,2899.0,2026-03-20 07:30:00,0
PAY003406,TXN003406,SUCCESS,,2999.0,2026-05-28 15:04:00,0
PAY003407,TXN003407,SUCCESS,,999.0,2026-08-03 22:50:00,0
PAY003408,TXN003408,SUCCESS,,3899.0,2026-05-28 08:42:00,0
PAY003409,TXN003409,SUCCESS,,3899.0,2026-07-03 10:37:00,0
PAY003410,TXN003410,SUCCESS,,749.0,2026-08-29 05:23:00,0
PAY003411,TXN003411,SUCCESS,,2899.0,2026-05-17 17:10:00,0
PAY003412,TXN003412,SUCCESS,,1899.0,2026-07-14 14:35:00,0
PAY003413,TXN003413,SUCCESS,,799.0,2026-04-14 11:05:00,0
PAY003414,TXN003414,SUCCESS,,4999.0,2026-07-07 09:35:00,0
PAY003415,TXN003415,SUCCESS,,699.0,2026-06-04 15:00:00,0
PAY003416,TXN003416,SUCCESS,,1499.0,2026-07-14 22:07:00,0
PAY003417,TXN003417,SUCCESS,,1999.0,2026-04-06 04:06:00,0
PAY003418,TXN003418,FAILED,INSUFFICIENT_FUNDS,749.0,2026-06-20 21:33:00,0
PAY003419,TXN003419,FAILED,USER_ABORTED,1299.0,2026-04-09 10:13:00,0
PAY003420,TXN003420,REFUNDED,,2899.0,2026-06-02 16:14:00,0
PAY003421,TXN003421,SUCCESS,,3499.0,2026-03-05 16:46:00,0
PAY003422,TXN003422,SUCCESS,,2899.0,2026-04-27 06:26:00,0
PAY003423,TXN003423,SUCCESS,,3499.0,2026-05-24 04:38:00,0
PAY003424,TXN003424,SUCCESS,,749.0,2026-05-14 10:52:00,0
PAY003425,TXN003425,SUCCESS,,1999.0,2026-03-19 01:08:00,0
PAY003426,TXN003426,SUCCESS,,899.0,2026-06-01 05:23:00,0
PAY003427,TXN003427,SUCCESS,,749.0,2026-05-28 11:32:00,0
PAY003428,TXN003428,REFUNDED,,799.0,2026-06-15 11:34:00,0
PAY003429,TXN003429,SUCCESS,,799.0,2026-08-26 06:58:00,0
PAY003430,TXN003430,SUCCESS,,3499.0,2026-04-09 06:22:00,0
PAY003431,TXN003431,SUCCESS,,1799.0,2026-06-16 04:21:00,0
PAY003432,TXN003432,SUCCESS,,699.0,2026-04-04 04:49:00,0
PAY003433,TXN003433,SUCCESS,,1299.0,2026-07-10 07:00:00,0
PAY003434,TXN003434,SUCCESS,,699.0,2026-07-23 00:03:00,0
PAY003435,TXN003435,REFUNDED,,699.0,2026-08-01 16:04:00,0
PAY003436,TXN003436,SUCCESS,,649.0,2026-03-10 10:46:00,0
PAY003437,TXN003437,SUCCESS,,3899.0,2026-04-10 02:16:00,0
PAY003438,TXN003438,SUCCESS,,1299.0,2026-07-13 06:42:00,0
PAY003439,TXN003439,SUCCESS,,749.0,2026-05-14 08:00:00,0
PAY003440,TXN003440,FAILED,USER_ABORTED,3899.0,2026-03-19 04:53:00,0
PAY003441,TXN003441,SUCCESS,,1899.0,2026-08-08 06:04:00,0
PAY003442,TXN003442,SUCCESS,,1699.0,2026-05-23 01:02:00,0
PAY003443,TXN003443,SUCCESS,,699.0,2026-08-01 07:45:00,0
PAY003444,TXN003444,SUCCESS,,999.0,2026-05-06 02:23:00,0
PAY003445,TXN003445,SUCCESS,,4999.0,2026-05-25 06:22:00,0
PAY003446,TXN003446,SUCCESS,,749.0,2026-07-09 21:39:00,0
PAY003447,TXN003447,SUCCESS,,1199.0,2026-07-15 23:32:00,0
PAY003448,TXN003448,SUCCESS,,1799.0,2026-07-02 12:35:00,0
PAY003449,TXN003449,SUCCESS,,1899.0,2026-05-02 01:51:00,0
PAY003450,TXN003450,SUCCESS,,1999.0,2026-06-27 23:54:00,0
PAY003451,TXN003451,SUCCESS,,1699.0,2026-05-15 08:32:00,0
PAY003452,TXN003452,SUCCESS,,749.0,2026-04-02 06:18:00,0
PAY003453,TXN003453,SUCCESS,,649.0,2026-07-27 03:57:00,0
PAY003454,TXN003454,SUCCESS,,1799.0,2026-03-08 04:05:00,0
PAY003455,TXN003455,SUCCESS,,1899.0,2026-07-08 12:11:00,0
PAY003456,TXN003456,SUCCESS,,899.0,2026-07-01 14:07:00,0
PAY003457,TXN003457,SUCCESS,,749.0,2026-05-04 15:52:00,0
PAY003458,TXN003458,SUCCESS,,1799.0,2026-03-06 12:44:00,0
PAY003459,TXN003459,SUCCESS,,849.0,2026-04-14 04:15:00,0
PAY003460,TXN003460,SUCCESS,,649.0,2026-03-04 18:10:00,0
PAY003461,TXN003461,SUCCESS,,4999.0,2026-06-14 18:30:00,0
PAY003462,TXN003462,SUCCESS,,1999.0,2026-04-06 05:47:00,0
PAY003463,TXN003463,SUCCESS,,749.0,2026-04-10 22:38:00,0
PAY003464,TXN003464,SUCCESS,,699.0,2026-07-20 01:31:00,0
PAY003465,TXN003465,SUCCESS,,799.0,2026-06-22 10:04:00,0
PAY003466,TXN003466,SUCCESS,,1799.0,2026-04-18 19:48:00,0
PAY003467,TXN003467,SUCCESS,,649.0,2026-03-04 22:15:00,0
PAY003468,TXN003468,SUCCESS,,2899.0,2026-08-26 12:28:00,0
PAY003469,TXN003469,SUCCESS,,749.0,2026-07-19 00:41:00,0
PAY003470,TXN003470,SUCCESS,,649.0,2026-05-28 09:10:00,0
PAY003471,TXN003471,SUCCESS,,2899.0,2026-07-16 01:00:00,0
PAY003472,TXN003472,SUCCESS,,1999.0,2026-07-19 02:32:00,0
PAY003473,TXN003473,FAILED,CARD_EXPIRED,1899.0,2026-07-15 16:00:00,0
PAY003474,TXN003474,SUCCESS,,1899.0,2026-08-09 02:24:00,0
PAY003475,TXN003475,SUCCESS,,4999.0,2026-03-28 13:19:00,0
PAY003476,TXN003476,SUCCESS,,2999.0,2026-08-21 07:34:00,0
PAY003477,TXN003477,SUCCESS,,649.0,2026-08-17 17:37:00,0
PAY003478,TXN003478,SUCCESS,,899.0,2026-03-19 10:59:00,0
PAY003479,TXN003479,SUCCESS,,2499.0,2026-04-06 04:45:00,0
PAY003480,TXN003480,SUCCESS,,2899.0,2026-07-28 06:41:00,0
PAY003481,TXN003481,SUCCESS,,749.0,2026-07-05 23:06:00,0
PAY003482,TXN003482,SUCCESS,,4999.0,2026-04-18 07:31:00,0
PAY003483,TXN003483,SUCCESS,,1899.0,2026-05-21 08:01:00,0
PAY003484,TXN003484,SUCCESS,,699.0,2026-05-01 22:05:00,0
PAY003485,TXN003485,SUCCESS,,849.0,2026-06-02 12:00:00,0
PAY003486,TXN003486,SUCCESS,,1499.0,2026-06-22 22:55:00,0
PAY003487,TXN003487,SUCCESS,,1299.0,2026-03-12 08:47:00,0
PAY003488,TXN003488,SUCCESS,,799.0,2026-08-02 11:19:00,0
PAY003489,TXN003489,SUCCESS,,2499.0,2026-05-12 02:52:00,0
PAY003490,TXN003490,SUCCESS,,1799.0,2026-06-22 02:53:00,0
PAY003491,TXN003491,SUCCESS,,2999.0,2026-05-02 14:03:00,0
PAY003492,TXN003492,SUCCESS,,799.0,2026-08-22 22:06:00,0
PAY003493,TXN003493,SUCCESS,,899.0,2026-07-15 16:58:00,0
PAY003494,TXN003494,SUCCESS,,2499.0,2026-05-02 01:06:00,0
PAY003495,TXN003495,SUCCESS,,4999.0,2026-08-08 20:21:00,0
PAY003496,TXN003496,SUCCESS,,2899.0,2026-08-21 06:42:00,0
PAY003497,TXN003497,SUCCESS,,1899.0,2026-08-11 20:50:00,0
PAY003498,TXN003498,SUCCESS,,649.0,2026-07-11 19:08:00,0
PAY003499,TXN003499,SUCCESS,,4999.0,2026-07-20 00:05:00,0
PAY003500,TXN003500,SUCCESS,,1299.0,2026-05-27 07:34:00,0
PAY003501,TXN003501,SUCCESS,,2999.0,2026-07-18 05:27:00,0
PAY003502,TXN003502,SUCCESS,,4999.0,2026-08-30 16:39:00,0
PAY003503,TXN003503,SUCCESS,,649.0,2026-04-29 12:43:00,0
PAY003504,TXN003504,SUCCESS,,1299.0,2026-06-09 17:22:00,0
PAY003505,TXN003505,SUCCESS,,1299.0,2026-04-30 18:56:00,0
PAY003506,TXN003506,SUCCESS,,999.0,2026-03-18 15:34:00,0
PAY003507,TXN003507,SUCCESS,,849.0,2026-04-20 03:43:00,0
PAY003508,TXN003508,SUCCESS,,1999.0,2026-08-09 18:12:00,0
PAY003509,TXN003509,SUCCESS,,1799.0,2026-05-17 03:03:00,0
PAY003510,TXN003510,FAILED,INSUFFICIENT_FUNDS,1999.0,2026-07-02 23:25:00,0
PAY003511,TXN003511,SUCCESS,,899.0,2026-03-07 09:27:00,0
PAY003512,TXN003512,FAILED,CARD_EXPIRED,749.0,2026-08-23 10:51:00,0
PAY003513,TXN003513,SUCCESS,,3499.0,2026-08-28 19:41:00,0
PAY003514,TXN003514,SUCCESS,,3899.0,2026-05-25 11:42:00,0
PAY003515,TXN003515,SUCCESS,,799.0,2026-08-23 01:03:00,0
PAY003516,TXN003516,SUCCESS,,1899.0,2026-05-14 17:28:00,0
PAY003517,TXN003517,SUCCESS,,2999.0,2026-03-14 05:59:00,0
PAY003518,TXN003518,SUCCESS,,3499.0,2026-04-13 07:49:00,0
PAY003519,TXN003519,SUCCESS,,999.0,2026-04-05 15:43:00,0
PAY003520,TXN003520,SUCCESS,,849.0,2026-05-07 19:19:00,0
PAY003521,TXN003521,SUCCESS,,649.0,2026-03-10 16:09:00,0
PAY003522,TXN003522,SUCCESS,,1499.0,2026-04-06 22:47:00,0
PAY003523,TXN003523,SUCCESS,,849.0,2026-03-06 16:05:00,0
PAY003524,TXN003524,SUCCESS,,4999.0,2026-06-11 15:40:00,0
PAY003525,TXN003525,SUCCESS,,899.0,2026-04-07 07:52:00,0
PAY003526,TXN003526,SUCCESS,,1899.0,2026-03-18 18:33:00,0
PAY003527,TXN003527,SUCCESS,,1999.0,2026-03-09 12:32:00,0
PAY003528,TXN003528,FAILED,INSUFFICIENT_FUNDS,699.0,2026-08-13 23:12:00,0
PAY003529,TXN003529,SUCCESS,,1499.0,2026-04-04 17:49:00,0
PAY003530,TXN003530,SUCCESS,,2499.0,2026-03-11 17:08:00,0
PAY003531,TXN003531,SUCCESS,,3899.0,2026-07-22 22:16:00,0
PAY003532,TXN003532,FAILED,FRAUD_SUSPECTED,1299.0,2026-05-05 09:31:00,0
PAY003533,TXN003533,SUCCESS,,899.0,2026-03-28 03:50:00,0
PAY003534,TXN003534,SUCCESS,,1499.0,2026-03-05 17:26:00,0
PAY003535,TXN003535,REFUNDED,,2499.0,2026-03-12 04:40:00,0
PAY003536,TXN003536,SUCCESS,,4999.0,2026-08-03 02:38:00,0
PAY003537,TXN003537,SUCCESS,,2999.0,2026-08-24 23:22:00,0
PAY003538,TXN003538,REFUNDED,,3899.0,2026-05-11 06:00:00,0
PAY003539,TXN003539,SUCCESS,,2899.0,2026-06-23 04:25:00,0
PAY003540,TXN003540,SUCCESS,,1299.0,2026-08-17 13:51:00,0
PAY003541,TXN003541,SUCCESS,,2499.0,2026-05-03 12:26:00,0
PAY003542,TXN003542,SUCCESS,,4999.0,2026-05-24 15:36:00,0
PAY003543,TXN003543,SUCCESS,,3499.0,2026-06-04 15:27:00,0
PAY003544,TXN003544,SUCCESS,,699.0,2026-08-04 23:19:00,0
PAY003545,TXN003545,SUCCESS,,1199.0,2026-03-16 19:55:00,0
PAY003546,TXN003546,REFUNDED,,699.0,2026-08-01 20:57:00,0
PAY003547,TXN003547,SUCCESS,,899.0,2026-08-20 21:04:00,0
PAY003548,TXN003548,FAILED,INSUFFICIENT_FUNDS,3899.0,2026-08-22 19:20:00,0
PAY003549,TXN003549,FAILED,CARD_EXPIRED,2899.0,2026-05-21 07:27:00,0
PAY003550,TXN003550,SUCCESS,,899.0,2026-06-15 19:40:00,0
PAY003551,TXN003551,SUCCESS,,4999.0,2026-05-06 07:27:00,0
PAY003552,TXN003552,SUCCESS,,749.0,2026-07-14 15:19:00,0
PAY003553,TXN003553,SUCCESS,,799.0,2026-04-15 11:33:00,0
PAY003554,TXN003554,SUCCESS,,1699.0,2026-05-25 08:50:00,0
PAY003555,TXN003555,SUCCESS,,4999.0,2026-04-11 10:27:00,0
PAY003556,TXN003556,SUCCESS,,3499.0,2026-05-07 10:20:00,0
PAY003557,TXN003557,SUCCESS,,799.0,2026-07-12 14:03:00,0
PAY003558,TXN003558,SUCCESS,,649.0,2026-03-31 23:20:00,0
PAY003559,TXN003559,SUCCESS,,849.0,2026-03-09 20:03:00,0
PAY003560,TXN003560,SUCCESS,,899.0,2026-03-14 14:51:00,0
PAY003561,TXN003561,FAILED,CARD_EXPIRED,1499.0,2026-05-18 16:59:00,0
PAY003562,TXN003562,SUCCESS,,1299.0,2026-05-06 00:45:00,0
PAY003563,TXN003563,SUCCESS,,749.0,2026-05-07 23:08:00,0
PAY003564,TXN003564,SUCCESS,,1699.0,2026-05-26 15:12:00,0
PAY003565,TXN003565,SUCCESS,,899.0,2026-06-29 23:40:00,0
PAY003566,TXN003566,SUCCESS,,899.0,2026-08-21 00:38:00,0
PAY003567,TXN003567,SUCCESS,,849.0,2026-08-10 13:26:00,0
PAY003568,TXN003568,SUCCESS,,1899.0,2026-03-11 11:45:00,0
PAY003569,TXN003569,SUCCESS,,849.0,2026-04-14 07:53:00,0
PAY003570,TXN003570,SUCCESS,,999.0,2026-06-28 19:37:00,0
PAY003571,TXN003571,SUCCESS,,1199.0,2026-07-12 07:46:00,0
PAY003572,TXN003572,SUCCESS,,2999.0,2026-03-29 16:27:00,0
PAY003573,TXN003573,FAILED,CARD_EXPIRED,1799.0,2026-04-05 02:24:00,0
PAY003574,TXN003574,SUCCESS,,699.0,2026-06-27 06:22:00,0
PAY003575,TXN003575,SUCCESS,,799.0,2026-04-08 16:52:00,0
PAY003576,TXN003576,SUCCESS,,2999.0,2026-04-07 17:34:00,0
PAY003577,TXN003577,SUCCESS,,1699.0,2026-04-01 16:18:00,0
PAY003578,TXN003578,SUCCESS,,1699.0,2026-04-13 04:47:00,0
PAY003579,TXN003579,SUCCESS,,1999.0,2026-04-10 19:31:00,0
PAY003580,TXN003580,SUCCESS,,1799.0,2026-05-12 11:41:00,0
PAY003581,TXN003581,SUCCESS,,699.0,2026-04-20 03:03:00,0
PAY003582,TXN003582,SUCCESS,,1499.0,2026-03-29 19:13:00,0
PAY003583,TXN003583,SUCCESS,,1199.0,2026-07-30 00:00:00,0
PAY003584,TXN003584,FAILED,CARD_EXPIRED,899.0,2026-08-18 15:18:00,0
PAY003585,TXN003585,SUCCESS,,1699.0,2026-08-14 02:13:00,0
PAY003586,TXN003586,SUCCESS,,899.0,2026-04-09 09:47:00,0
PAY003587,TXN003587,SUCCESS,,749.0,2026-04-27 01:51:00,0
PAY003588,TXN003588,SUCCESS,,1199.0,2026-08-22 17:21:00,0
PAY003589,TXN003589,FAILED,CARD_EXPIRED,1999.0,2026-06-16 06:13:00,0
PAY003590,TXN003590,SUCCESS,,4999.0,2026-06-07 16:15:00,0
PAY003591,TXN003591,SUCCESS,,1299.0,2026-06-06 04:59:00,0
PAY003592,TXN003592,SUCCESS,,799.0,2026-03-29 08:21:00,0
PAY003593,TXN003593,FAILED,INSUFFICIENT_FUNDS,1999.0,2026-07-29 17:08:00,0
PAY003594,TXN003594,SUCCESS,,1799.0,2026-05-20 18:52:00,0
PAY003595,TXN003595,SUCCESS,,1799.0,2026-06-29 15:01:00,0
PAY003596,TXN003596,SUCCESS,,3499.0,2026-04-18 22:24:00,0
PAY003597,TXN003597,SUCCESS,,899.0,2026-08-30 02:45:00,0
PAY003598,TXN003598,SUCCESS,,3499.0,2026-07-21 01:46:00,0
PAY003599,TXN003599,SUCCESS,,1699.0,2026-06-11 23:54:00,0
PAY003600,TXN003600,REFUNDED,,1499.0,2026-03-20 06:56:00,0
PAY003601,TXN003601,SUCCESS,,1299.0,2026-05-16 09:12:00,0
PAY003602,TXN003602,SUCCESS,,699.0,2026-07-24 13:39:00,0
PAY003603,TXN003603,SUCCESS,,1699.0,2026-08-12 17:48:00,0
PAY003604,TXN003604,SUCCESS,,699.0,2026-07-14 02:14:00,0
PAY003605,TXN003605,SUCCESS,,1899.0,2026-05-09 02:25:00,0
PAY003606,TXN003606,SUCCESS,,799.0,2026-08-24 21:13:00,0
PAY003607,TXN003607,SUCCESS,,1299.0,2026-06-12 09:01:00,0
PAY003608,TXN003608,SUCCESS,,999.0,2026-05-18 01:56:00,0
PAY003609,TXN003609,SUCCESS,,999.0,2026-03-23 10:02:00,0
PAY003610,TXN003610,SUCCESS,,1799.0,2026-08-08 20:16:00,0
PAY003611,TXN003611,SUCCESS,,3899.0,2026-04-02 00:55:00,0
PAY003612,TXN003612,SUCCESS,,1899.0,2026-08-21 16:08:00,0
PAY003613,TXN003613,SUCCESS,,4999.0,2026-06-04 00:26:00,0
PAY003614,TXN003614,SUCCESS,,3499.0,2026-06-09 21:44:00,0
PAY003615,TXN003615,SUCCESS,,1799.0,2026-06-28 16:18:00,0
PAY003616,TXN003616,SUCCESS,,999.0,2026-05-02 11:57:00,0
PAY003617,TXN003617,SUCCESS,,4999.0,2026-06-13 01:03:00,0
PAY003618,TXN003618,SUCCESS,,1299.0,2026-03-29 13:26:00,0
PAY003619,TXN003619,SUCCESS,,4999.0,2026-03-10 05:23:00,0
PAY003620,TXN003620,SUCCESS,,699.0,2026-06-30 19:37:00,0
PAY003621,TXN003621,SUCCESS,,1899.0,2026-03-23 13:13:00,0
PAY003622,TXN003622,SUCCESS,,4999.0,2026-07-23 23:40:00,0
PAY003623,TXN003623,SUCCESS,,1999.0,2026-06-19 13:33:00,0
PAY003624,TXN003624,SUCCESS,,1299.0,2026-06-04 12:34:00,0
PAY003625,TXN003625,SUCCESS,,1699.0,2026-05-04 02:44:00,0
PAY003626,TXN003626,FAILED,FRAUD_SUSPECTED,699.0,2026-05-12 20:58:00,0
PAY003627,TXN003627,SUCCESS,,699.0,2026-04-01 06:58:00,0
PAY003628,TXN003628,SUCCESS,,1699.0,2026-08-07 18:07:00,0
PAY003629,TXN003629,SUCCESS,,899.0,2026-07-06 09:55:00,0
PAY003630,TXN003630,SUCCESS,,1999.0,2026-05-27 08:54:00,0
PAY003631,TXN003631,SUCCESS,,3899.0,2026-08-19 01:50:00,0
PAY003632,TXN003632,SUCCESS,,3499.0,2026-08-02 16:19:00,0
PAY003633,TXN003633,FAILED,INSUFFICIENT_FUNDS,2899.0,2026-07-25 11:40:00,0
PAY003634,TXN003634,SUCCESS,,999.0,2026-06-23 00:15:00,0
PAY003635,TXN003635,SUCCESS,,699.0,2026-04-16 14:03:00,0
PAY003636,TXN003636,SUCCESS,,1499.0,2026-08-10 21:12:00,0
PAY003637,TXN003637,SUCCESS,,1699.0,2026-04-07 01:14:00,0
PAY003638,TXN003638,SUCCESS,,999.0,2026-05-23 22:52:00,0
PAY003639,TXN003639,SUCCESS,,749.0,2026-05-27 11:37:00,0
PAY003640,TXN003640,SUCCESS,,1999.0,2026-08-12 12:26:00,0
PAY003641,TXN003641,SUCCESS,,3899.0,2026-05-09 11:47:00,0
PAY003642,TXN003642,SUCCESS,,649.0,2026-08-17 23:45:00,0
PAY003643,TXN003643,SUCCESS,,4999.0,2026-05-29 10:52:00,0
PAY003644,TXN003644,SUCCESS,,799.0,2026-06-24 11:21:00,0
PAY003645,TXN003645,SUCCESS,,1499.0,2026-04-03 10:23:00,0
PAY003646,TXN003646,SUCCESS,,1299.0,2026-03-21 11:51:00,0
PAY003647,TXN003647,SUCCESS,,649.0,2026-07-21 13:48:00,0
PAY003648,TXN003648,SUCCESS,,749.0,2026-05-03 13:22:00,0
PAY003649,TXN003649,SUCCESS,,2899.0,2026-05-23 10:57:00,0
PAY003650,TXN003650,SUCCESS,,1199.0,2026-05-05 00:02:00,0
PAY003651,TXN003651,SUCCESS,,649.0,2026-06-27 03:20:00,0
PAY003652,TXN003652,FAILED,CARD_EXPIRED,899.0,2026-04-10 16:42:00,0
PAY003653,TXN003653,SUCCESS,,2499.0,2026-07-30 18:59:00,0
PAY003654,TXN003654,SUCCESS,,1699.0,2026-05-24 00:20:00,0
PAY003655,TXN003655,SUCCESS,,899.0,2026-06-07 23:35:00,0
PAY003656,TXN003656,SUCCESS,,1799.0,2026-07-24 08:29:00,0
PAY003657,TXN003657,SUCCESS,,799.0,2026-05-26 11:45:00,0
PAY003658,TXN003658,SUCCESS,,799.0,2026-07-27 02:26:00,0
PAY003659,TXN003659,FAILED,INSUFFICIENT_FUNDS,2999.0,2026-03-21 07:12:00,0
PAY003660,TXN003660,SUCCESS,,1499.0,2026-06-02 09:37:00,0
PAY003661,TXN003661,SUCCESS,,1499.0,2026-03-10 11:56:00,0
PAY003662,TXN003662,SUCCESS,,2499.0,2026-05-14 20:09:00,0
PAY003663,TXN003663,SUCCESS,,849.0,2026-05-10 17:57:00,0
PAY003664,TXN003664,SUCCESS,,2499.0,2026-07-09 04:23:00,0
PAY003665,TXN003665,SUCCESS,,699.0,2026-05-27 03:14:00,0
PAY003666,TXN003666,SUCCESS,,649.0,2026-03-06 21:23:00,0
PAY003667,TXN003667,SUCCESS,,749.0,2026-08-10 15:01:00,0
PAY003668,TXN003668,SUCCESS,,799.0,2026-06-15 13:35:00,0
PAY003669,TXN003669,SUCCESS,,3499.0,2026-04-12 04:48:00,0
PAY003670,TXN003670,SUCCESS,,1899.0,2026-03-23 14:25:00,0
PAY003671,TXN003671,REFUNDED,,1799.0,2026-03-08 21:57:00,0
PAY003672,TXN003672,SUCCESS,,999.0,2026-05-01 12:55:00,0
PAY003673,TXN003673,SUCCESS,,3499.0,2026-04-09 06:50:00,0
PAY003674,TXN003674,SUCCESS,,1299.0,2026-07-07 05:06:00,0
PAY003675,TXN003675,REFUNDED,,999.0,2026-07-07 14:52:00,0
PAY003676,TXN003676,FAILED,USER_ABORTED,899.0,2026-06-26 10:49:00,0
PAY003677,TXN003677,SUCCESS,,2899.0,2026-05-21 21:36:00,0
PAY003678,TXN003678,SUCCESS,,1899.0,2026-07-19 21:30:00,0
PAY003679,TXN003679,SUCCESS,,2899.0,2026-07-04 12:26:00,0
PAY003680,TXN003680,SUCCESS,,1199.0,2026-06-30 14:49:00,0
PAY003681,TXN003681,SUCCESS,,4999.0,2026-08-14 22:21:00,0
PAY003682,TXN003682,SUCCESS,,849.0,2026-06-21 02:52:00,0
PAY003683,TXN003683,SUCCESS,,2499.0,2026-03-29 17:27:00,0
PAY003684,TXN003684,SUCCESS,,999.0,2026-06-08 01:05:00,0
PAY003685,TXN003685,SUCCESS,,649.0,2026-07-29 23:57:00,0
PAY003686,TXN003686,SUCCESS,,749.0,2026-03-07 16:21:00,0
PAY003687,TXN003687,SUCCESS,,3499.0,2026-08-24 11:15:00,0
PAY003688,TXN003688,SUCCESS,,1499.0,2026-03-12 07:49:00,0
PAY003689,TXN003689,SUCCESS,,1199.0,2026-07-29 20:32:00,0
PAY003690,TXN003690,SUCCESS,,2499.0,2026-05-16 12:28:00,0
PAY003691,TXN003691,SUCCESS,,1999.0,2026-06-15 12:30:00,0
PAY003692,TXN003692,SUCCESS,,1499.0,2026-04-11 00:57:00,0
PAY003693,TXN003693,SUCCESS,,1699.0,2026-06-12 06:21:00,0
PAY003694,TXN003694,SUCCESS,,899.0,2026-08-09 12:08:00,0
PAY003695,TXN003695,SUCCESS,,899.0,2026-08-18 07:03:00,0
PAY003696,TXN003696,SUCCESS,,799.0,2026-05-02 00:28:00,0
PAY003697,TXN003697,SUCCESS,,1799.0,2026-04-08 11:07:00,0
PAY003698,TXN003698,SUCCESS,,699.0,2026-06-29 13:35:00,0
PAY003699,TXN003699,SUCCESS,,1999.0,2026-06-24 22:14:00,0
PAY003700,TXN003700,SUCCESS,,649.0,2026-03-31 20:19:00,0
PAY003701,TXN003701,SUCCESS,,1499.0,2026-04-02 13:11:00,0
PAY003702,TXN003702,SUCCESS,,3899.0,2026-06-20 16:10:00,0
PAY003703,TXN003703,SUCCESS,,849.0,2026-05-14 10:23:00,0
PAY003704,TXN003704,SUCCESS,,649.0,2026-08-28 02:22:00,0
PAY003705,TXN003705,SUCCESS,,799.0,2026-05-12 02:47:00,0
PAY003706,TXN003706,SUCCESS,,749.0,2026-06-26 23:54:00,0
PAY003707,TXN003707,FAILED,USER_ABORTED,749.0,2026-04-16 15:56:00,0
PAY003708,TXN003708,SUCCESS,,899.0,2026-04-10 01:46:00,0
PAY003709,TXN003709,REFUNDED,,2899.0,2026-03-08 21:33:00,0
PAY003710,TXN003710,SUCCESS,,2899.0,2026-07-27 05:08:00,0
PAY003711,TXN003711,FAILED,CARD_EXPIRED,899.0,2026-04-26 02:49:00,0
PAY003712,TXN003712,SUCCESS,,1999.0,2026-05-04 12:28:00,0
PAY003713,TXN003713,SUCCESS,,849.0,2026-04-19 07:02:00,0
PAY003714,TXN003714,SUCCESS,,3899.0,2026-03-17 20:57:00,0
PAY003715,TXN003715,SUCCESS,,899.0,2026-08-13 23:27:00,0
PAY003716,TXN003716,SUCCESS,,1499.0,2026-03-05 12:44:00,0
PAY003717,TXN003717,FAILED,FRAUD_SUSPECTED,2999.0,2026-04-05 16:26:00,0
PAY003718,TXN003718,SUCCESS,,649.0,2026-04-21 22:17:00,0
PAY003719,TXN003719,SUCCESS,,1999.0,2026-07-12 14:26:00,0
PAY003720,TXN003720,SUCCESS,,2999.0,2026-07-23 05:35:00,0
PAY003721,TXN003721,SUCCESS,,699.0,2026-04-07 07:34:00,0
PAY003722,TXN003722,SUCCESS,,3499.0,2026-05-16 01:38:00,0
PAY003723,TXN003723,FAILED,FRAUD_SUSPECTED,849.0,2026-05-19 03:39:00,0
PAY003724,TXN003724,FAILED,USER_ABORTED,649.0,2026-05-31 20:38:00,0
PAY003725,TXN003725,SUCCESS,,799.0,2026-06-22 12:00:00,0
PAY003726,TXN003726,SUCCESS,,849.0,2026-05-16 19:06:00,0
PAY003727,TXN003727,SUCCESS,,2499.0,2026-05-16 23:38:00,0
PAY003728,TXN003728,SUCCESS,,1899.0,2026-06-15 03:56:00,0
PAY003729,TXN003729,SUCCESS,,899.0,2026-08-30 07:09:00,0
PAY003730,TXN003730,SUCCESS,,799.0,2026-04-16 22:59:00,0
PAY003731,TXN003731,FAILED,FRAUD_SUSPECTED,999.0,2026-08-20 12:56:00,0
PAY003732,TXN003732,SUCCESS,,699.0,2026-03-25 02:09:00,0
PAY003733,TXN003733,SUCCESS,,849.0,2026-03-19 22:57:00,0
PAY003734,TXN003734,SUCCESS,,699.0,2026-04-14 16:13:00,0
PAY003735,TXN003735,SUCCESS,,1899.0,2026-08-14 05:43:00,0
PAY003736,TXN003736,SUCCESS,,799.0,2026-03-21 09:08:00,0
PAY003737,TXN003737,REFUNDED,,749.0,2026-04-29 07:07:00,0
PAY003738,TXN003738,SUCCESS,,1899.0,2026-08-03 05:37:00,0
PAY003739,TXN003739,SUCCESS,,899.0,2026-06-11 10:31:00,0
PAY003740,TXN003740,SUCCESS,,999.0,2026-06-15 20:00:00,0
PAY003741,TXN003741,SUCCESS,,1299.0,2026-04-07 03:17:00,0
PAY003742,TXN003742,SUCCESS,,3899.0,2026-08-20 07:18:00,0
PAY003743,TXN003743,SUCCESS,,1699.0,2026-06-28 03:51:00,0
PAY003744,TXN003744,REFUNDED,,1299.0,2026-08-08 00:02:00,0
PAY003745,TXN003745,SUCCESS,,649.0,2026-04-20 03:21:00,0
PAY003746,TXN003746,SUCCESS,,899.0,2026-07-23 10:46:00,0
PAY003747,TXN003747,SUCCESS,,2999.0,2026-05-03 02:26:00,0
PAY003748,TXN003748,SUCCESS,,3499.0,2026-03-16 02:56:00,0
PAY003749,TXN003749,SUCCESS,,849.0,2026-07-22 06:00:00,0
PAY003750,TXN003750,SUCCESS,,1699.0,2026-06-10 15:27:00,0
PAY003751,TXN003751,SUCCESS,,1899.0,2026-08-03 17:34:00,0
PAY003752,TXN003752,SUCCESS,,2899.0,2026-05-14 11:13:00,0
PAY003753,TXN003753,SUCCESS,,1699.0,2026-06-21 06:31:00,0
PAY003754,TXN003754,SUCCESS,,849.0,2026-07-09 08:06:00,0
PAY003755,TXN003755,SUCCESS,,1999.0,2026-05-20 06:07:00,0
PAY003756,TXN003756,SUCCESS,,2499.0,2026-05-28 09:09:00,0
PAY003757,TXN003757,SUCCESS,,2499.0,2026-05-03 18:28:00,0
PAY003758,TXN003758,SUCCESS,,1999.0,2026-05-31 01:24:00,0
PAY003759,TXN003759,SUCCESS,,4999.0,2026-05-16 07:45:00,0
PAY003760,TXN003760,SUCCESS,,999.0,2026-07-31 21:21:00,0
PAY003761,TXN003761,SUCCESS,,2899.0,2026-07-03 20:17:00,0
PAY003762,TXN003762,SUCCESS,,799.0,2026-06-12 03:05:00,0
PAY003763,TXN003763,SUCCESS,,2999.0,2026-08-16 14:04:00,0
PAY003764,TXN003764,SUCCESS,,749.0,2026-06-09 13:44:00,0
PAY003765,TXN003765,SUCCESS,,999.0,2026-06-12 01:48:00,0
PAY003766,TXN003766,SUCCESS,,3899.0,2026-04-14 16:17:00,0
PAY003767,TXN003767,SUCCESS,,2999.0,2026-04-22 09:38:00,0
PAY003768,TXN003768,REFUNDED,,699.0,2026-04-10 17:41:00,0
PAY003769,TXN003769,SUCCESS,,1999.0,2026-07-19 23:08:00,0
PAY003770,TXN003770,SUCCESS,,849.0,2026-05-09 22:47:00,0
PAY003771,TXN003771,SUCCESS,,4999.0,2026-03-08 20:35:00,0
PAY003772,TXN003772,SUCCESS,,3499.0,2026-07-16 08:01:00,0
PAY003773,TXN003773,SUCCESS,,649.0,2026-08-08 18:04:00,0
PAY003774,TXN003774,SUCCESS,,749.0,2026-03-18 18:27:00,0
PAY003775,TXN003775,SUCCESS,,3499.0,2026-04-23 07:08:00,0
PAY003776,TXN003776,FAILED,INSUFFICIENT_FUNDS,4999.0,2026-05-20 23:15:00,0
PAY003777,TXN003777,SUCCESS,,3499.0,2026-08-18 21:23:00,0
PAY003778,TXN003778,SUCCESS,,749.0,2026-04-11 07:36:00,0
PAY003779,TXN003779,SUCCESS,,1899.0,2026-04-22 14:01:00,0
PAY003780,TXN003780,SUCCESS,,2999.0,2026-08-20 04:15:00,0
PAY003781,TXN003781,SUCCESS,,2999.0,2026-04-22 16:34:00,0
PAY003782,TXN003782,SUCCESS,,1299.0,2026-07-14 01:38:00,0
PAY003783,TXN003783,SUCCESS,,2999.0,2026-07-01 12:54:00,0
PAY003784,TXN003784,SUCCESS,,1499.0,2026-08-06 01:39:00,0
PAY003785,TXN003785,SUCCESS,,649.0,2026-05-10 14:03:00,0
PAY003786,TXN003786,SUCCESS,,849.0,2026-04-30 16:22:00,0
PAY003787,TXN003787,REFUNDED,,1899.0,2026-06-21 03:58:00,0
PAY003788,TXN003788,SUCCESS,,1499.0,2026-08-05 09:41:00,0
PAY003789,TXN003789,FAILED,USER_ABORTED,699.0,2026-03-17 13:54:00,0
PAY003790,TXN003790,SUCCESS,,699.0,2026-07-11 23:26:00,0
PAY003791,TXN003791,SUCCESS,,1999.0,2026-04-16 16:56:00,0
PAY003792,TXN003792,SUCCESS,,2999.0,2026-03-25 21:26:00,0
PAY003793,TXN003793,SUCCESS,,899.0,2026-03-24 03:38:00,0
PAY003794,TXN003794,REFUNDED,,999.0,2026-04-06 02:59:00,0
PAY003795,TXN003795,SUCCESS,,799.0,2026-05-14 02:08:00,0
PAY003796,TXN003796,SUCCESS,,1199.0,2026-03-28 01:30:00,0
PAY003797,TXN003797,SUCCESS,,1499.0,2026-08-01 00:23:00,0
PAY003798,TXN003798,SUCCESS,,2899.0,2026-03-30 13:18:00,0
PAY003799,TXN003799,SUCCESS,,849.0,2026-05-22 18:11:00,0
PAY003800,TXN003800,SUCCESS,,749.0,2026-08-09 01:25:00,0
PAY003801,TXN003801,SUCCESS,,2899.0,2026-07-04 04:49:00,0
PAY003802,TXN003802,SUCCESS,,1799.0,2026-08-13 18:38:00,0
PAY003803,TXN003803,FAILED,USER_ABORTED,749.0,2026-05-12 23:59:00,0
PAY003804,TXN003804,SUCCESS,,1999.0,2026-05-02 13:44:00,0
PAY003805,TXN003805,FAILED,FRAUD_SUSPECTED,749.0,2026-05-31 18:42:00,0
PAY003806,TXN003806,SUCCESS,,1699.0,2026-08-01 22:56:00,0
PAY003807,TXN003807,SUCCESS,,2899.0,2026-07-20 09:28:00,0
PAY003808,TXN003808,SUCCESS,,2499.0,2026-03-19 02:03:00,0
PAY003809,TXN003809,SUCCESS,,899.0,2026-06-21 14:30:00,0
PAY003810,TXN003810,SUCCESS,,749.0,2026-06-26 18:47:00,0
PAY003811,TXN003811,SUCCESS,,4999.0,2026-07-29 17:09:00,0
PAY003812,TXN003812,SUCCESS,,899.0,2026-03-13 15:45:00,0
PAY003813,TXN003813,SUCCESS,,1199.0,2026-05-14 15:38:00,0
PAY003814,TXN003814,SUCCESS,,749.0,2026-05-24 13:08:00,0
PAY003815,TXN003815,SUCCESS,,799.0,2026-05-26 21:31:00,0
PAY003816,TXN003816,SUCCESS,,799.0,2026-05-12 10:00:00,0
PAY003817,TXN003817,SUCCESS,,1299.0,2026-06-21 06:09:00,0
PAY003818,TXN003818,SUCCESS,,1199.0,2026-07-27 14:16:00,0
PAY003819,TXN003819,SUCCESS,,3899.0,2026-08-21 09:03:00,0
PAY003820,TXN003820,SUCCESS,,799.0,2026-04-12 04:03:00,0
PAY003821,TXN003821,SUCCESS,,4999.0,2026-08-06 20:05:00,0
PAY003822,TXN003822,SUCCESS,,899.0,2026-06-21 23:53:00,0
PAY003823,TXN003823,SUCCESS,,1499.0,2026-06-30 00:56:00,0
PAY003824,TXN003824,SUCCESS,,1799.0,2026-05-12 02:52:00,0
PAY003825,TXN003825,SUCCESS,,3499.0,2026-04-12 23:45:00,0
PAY003826,TXN003826,SUCCESS,,2499.0,2026-04-07 17:10:00,0
PAY003827,TXN003827,SUCCESS,,1999.0,2026-03-27 15:39:00,0
PAY003828,TXN003828,SUCCESS,,2899.0,2026-04-28 14:32:00,0
PAY003829,TXN003829,FAILED,USER_ABORTED,2499.0,2026-06-15 16:58:00,0
PAY003830,TXN003830,REFUNDED,,2899.0,2026-06-07 01:56:00,0
PAY003831,TXN003831,SUCCESS,,1899.0,2026-06-18 14:44:00,0
PAY003832,TXN003832,SUCCESS,,2899.0,2026-04-16 18:46:00,0
PAY003833,TXN003833,SUCCESS,,1299.0,2026-07-03 09:44:00,0
PAY003834,TXN003834,SUCCESS,,2499.0,2026-05-27 14:30:00,0
PAY003835,TXN003835,SUCCESS,,1799.0,2026-08-08 08:44:00,0
PAY003836,TXN003836,SUCCESS,,849.0,2026-05-03 17:08:00,0
PAY003837,TXN003837,SUCCESS,,4999.0,2026-06-18 11:23:00,0
PAY003838,TXN003838,SUCCESS,,799.0,2026-05-15 08:28:00,0
PAY003839,TXN003839,SUCCESS,,1799.0,2026-04-25 10:57:00,0
PAY003840,TXN003840,SUCCESS,,1299.0,2026-08-10 02:47:00,0
PAY003841,TXN003841,SUCCESS,,2499.0,2026-06-28 04:33:00,0
PAY003842,TXN003842,SUCCESS,,3499.0,2026-08-27 20:09:00,0
PAY003843,TXN003843,SUCCESS,,699.0,2026-03-26 14:35:00,0
PAY003844,TXN003844,SUCCESS,,1199.0,2026-06-07 21:07:00,0
PAY003845,TXN003845,SUCCESS,,4999.0,2026-07-25 22:08:00,0
PAY003846,TXN003846,SUCCESS,,2499.0,2026-05-28 03:49:00,0
PAY003847,TXN003847,FAILED,FRAUD_SUSPECTED,699.0,2026-08-18 06:48:00,0
PAY003848,TXN003848,SUCCESS,,649.0,2026-03-18 13:39:00,0
PAY003849,TXN003849,SUCCESS,,1199.0,2026-07-19 02:13:00,0
PAY003850,TXN003850,SUCCESS,,4999.0,2026-05-19 22:30:00,0
PAY003851,TXN003851,REFUNDED,,649.0,2026-04-02 17:51:00,0
PAY003852,TXN003852,SUCCESS,,799.0,2026-06-29 05:06:00,0
PAY003853,TXN003853,SUCCESS,,1199.0,2026-06-21 10:58:00,0
PAY003854,TXN003854,SUCCESS,,1199.0,2026-07-14 14:49:00,0
PAY003855,TXN003855,SUCCESS,,4999.0,2026-08-06 14:13:00,0
PAY003856,TXN003856,SUCCESS,,3499.0,2026-07-09 03:26:00,0
PAY003857,TXN003857,SUCCESS,,1499.0,2026-07-03 15:49:00,0
PAY003858,TXN003858,SUCCESS,,3499.0,2026-07-08 06:45:00,0
PAY003859,TXN003859,SUCCESS,,799.0,2026-03-11 02:39:00,0
PAY003860,TXN003860,SUCCESS,,1999.0,2026-06-16 02:21:00,0
PAY003861,TXN003861,SUCCESS,,1899.0,2026-04-03 19:33:00,0
PAY003862,TXN003862,SUCCESS,,699.0,2026-04-04 00:45:00,0
PAY003863,TXN003863,SUCCESS,,999.0,2026-03-24 04:43:00,0
PAY003864,TXN003864,SUCCESS,,1799.0,2026-07-16 16:30:00,0
PAY003865,TXN003865,REFUNDED,,2499.0,2026-06-06 13:49:00,0
PAY003866,TXN003866,SUCCESS,,1799.0,2026-06-06 17:06:00,0
PAY003867,TXN003867,SUCCESS,,1999.0,2026-07-22 00:10:00,0
PAY003868,TXN003868,SUCCESS,,1699.0,2026-05-16 22:41:00,0
PAY003869,TXN003869,SUCCESS,,1299.0,2026-06-28 23:06:00,0
PAY003870,TXN003870,SUCCESS,,2999.0,2026-06-22 23:33:00,0
PAY003871,TXN003871,FAILED,CARD_EXPIRED,1499.0,2026-04-09 17:16:00,0
PAY003872,TXN003872,SUCCESS,,749.0,2026-04-12 01:13:00,0
PAY003873,TXN003873,SUCCESS,,1999.0,2026-04-26 17:51:00,0
PAY003874,TXN003874,FAILED,CARD_EXPIRED,2899.0,2026-03-19 21:05:00,0
PAY003875,TXN003875,SUCCESS,,3899.0,2026-07-05 01:43:00,0
PAY003876,TXN003876,SUCCESS,,3899.0,2026-06-07 19:13:00,0
PAY003877,TXN003877,SUCCESS,,799.0,2026-08-05 23:14:00,0
PAY003878,TXN003878,SUCCESS,,749.0,2026-03-21 04:21:00,0
PAY003879,TXN003879,SUCCESS,,2499.0,2026-05-17 08:38:00,0
PAY003880,TXN003880,SUCCESS,,2499.0,2026-08-05 23:03:00,0
PAY003881,TXN003881,SUCCESS,,2999.0,2026-08-09 11:45:00,0
PAY003882,TXN003882,SUCCESS,,1199.0,2026-05-26 10:30:00,0
PAY003883,TXN003883,SUCCESS,,4999.0,2026-08-07 03:26:00,0
PAY003884,TXN003884,SUCCESS,,3899.0,2026-08-26 18:03:00,0
PAY003885,TXN003885,SUCCESS,,1499.0,2026-08-01 07:53:00,0
PAY003886,TXN003886,SUCCESS,,749.0,2026-06-15 21:35:00,0
PAY003887,TXN003887,SUCCESS,,1199.0,2026-04-04 15:50:00,0
PAY003888,TXN003888,SUCCESS,,1999.0,2026-07-10 05:22:00,0
PAY003889,TXN003889,SUCCESS,,749.0,2026-04-02 15:03:00,0
PAY003890,TXN003890,REFUNDED,,749.0,2026-06-24 19:06:00,0
PAY003891,TXN003891,SUCCESS,,2899.0,2026-03-19 22:16:00,0
PAY003892,TXN003892,SUCCESS,,2999.0,2026-08-08 16:34:00,0
PAY003893,TXN003893,SUCCESS,,3899.0,2026-07-05 05:39:00,0
PAY003894,TXN003894,SUCCESS,,1999.0,2026-08-04 06:38:00,0
PAY003895,TXN003895,SUCCESS,,1999.0,2026-06-28 17:22:00,0
PAY003896,TXN003896,SUCCESS,,2499.0,2026-07-13 04:46:00,0
PAY003897,TXN003897,SUCCESS,,799.0,2026-04-29 14:09:00,0
PAY003898,TXN003898,SUCCESS,,3499.0,2026-06-20 10:08:00,0
PAY003899,TXN003899,SUCCESS,,2499.0,2026-08-16 09:05:00,0
PAY003900,TXN003900,SUCCESS,,2499.0,2026-06-27 18:55:00,0
PAY003901,TXN003901,SUCCESS,,749.0,2026-03-16 13:23:00,0
PAY003902,TXN003902,SUCCESS,,699.0,2026-06-12 15:03:00,0
PAY003903,TXN003903,SUCCESS,,1199.0,2026-04-17 18:07:00,0
PAY003904,TXN003904,SUCCESS,,3499.0,2026-05-19 18:58:00,0
PAY003905,TXN003905,FAILED,CARD_EXPIRED,1699.0,2026-08-21 04:42:00,0
PAY003906,TXN003906,SUCCESS,,849.0,2026-06-08 02:25:00,0
PAY003907,TXN003907,SUCCESS,,1499.0,2026-06-11 05:56:00,0
PAY003908,TXN003908,SUCCESS,,3499.0,2026-04-28 17:54:00,0
PAY003909,TXN003909,SUCCESS,,2499.0,2026-06-09 20:54:00,0
PAY003910,TXN003910,SUCCESS,,999.0,2026-08-02 05:04:00,0
PAY003911,TXN003911,SUCCESS,,899.0,2026-08-27 07:41:00,0
PAY003912,TXN003912,SUCCESS,,2899.0,2026-04-19 18:09:00,0
PAY003913,TXN003913,SUCCESS,,1199.0,2026-04-16 21:06:00,0
PAY003914,TXN003914,SUCCESS,,999.0,2026-03-06 09:11:00,0
PAY003915,TXN003915,SUCCESS,,999.0,2026-04-23 00:29:00,0
PAY003916,TXN003916,SUCCESS,,1699.0,2026-08-13 04:25:00,0
PAY003917,TXN003917,SUCCESS,,999.0,2026-06-14 16:53:00,0
PAY003918,TXN003918,SUCCESS,,749.0,2026-06-19 06:45:00,0
PAY003919,TXN003919,SUCCESS,,699.0,2026-08-11 13:45:00,0
PAY003920,TXN003920,SUCCESS,,699.0,2026-05-17 16:18:00,0
PAY003921,TXN003921,SUCCESS,,2499.0,2026-05-18 18:44:00,0
PAY003922,TXN003922,SUCCESS,,2899.0,2026-03-16 20:13:00,0
PAY003923,TXN003923,FAILED,FRAUD_SUSPECTED,1799.0,2026-06-19 20:14:00,0
PAY003924,TXN003924,SUCCESS,,3899.0,2026-03-31 13:21:00,0
PAY003925,TXN003925,SUCCESS,,1799.0,2026-05-13 23:22:00,0
PAY003926,TXN003926,SUCCESS,,1699.0,2026-07-06 10:59:00,0
PAY003927,TXN003927,FAILED,CARD_EXPIRED,649.0,2026-05-12 21:38:00,0
PAY003928,TXN003928,REFUNDED,,1799.0,2026-04-24 02:04:00,0
PAY003929,TXN003929,SUCCESS,,2499.0,2026-05-07 07:36:00,0
PAY003930,TXN003930,SUCCESS,,1999.0,2026-05-30 11:44:00,0
PAY003931,TXN003931,FAILED,INSUFFICIENT_FUNDS,699.0,2026-08-10 02:06:00,0
PAY003932,TXN003932,FAILED,CARD_EXPIRED,1299.0,2026-08-29 23:28:00,0
PAY003933,TXN003933,SUCCESS,,699.0,2026-03-04 19:32:00,0
PAY003934,TXN003934,SUCCESS,,4999.0,2026-03-20 22:34:00,0
PAY003935,TXN003935,SUCCESS,,3499.0,2026-04-29 07:26:00,0
PAY003936,TXN003936,SUCCESS,,1499.0,2026-04-24 12:53:00,0
PAY003937,TXN003937,SUCCESS,,2899.0,2026-07-27 04:51:00,0
PAY003938,TXN003938,SUCCESS,,1199.0,2026-06-20 11:26:00,0
PAY003939,TXN003939,SUCCESS,,849.0,2026-07-13 00:22:00,0
PAY003940,TXN003940,SUCCESS,,1899.0,2026-08-08 10:14:00,0
PAY003941,TXN003941,SUCCESS,,3499.0,2026-07-04 00:04:00,0
PAY003942,TXN003942,FAILED,USER_ABORTED,1299.0,2026-06-03 14:59:00,0
PAY003943,TXN003943,SUCCESS,,649.0,2026-05-10 07:50:00,0
PAY003944,TXN003944,FAILED,USER_ABORTED,4999.0,2026-05-12 02:53:00,0
PAY003945,TXN003945,SUCCESS,,999.0,2026-04-11 10:22:00,0
PAY003946,TXN003946,SUCCESS,,1199.0,2026-04-15 11:06:00,0
PAY003947,TXN003947,SUCCESS,,1699.0,2026-06-18 13:39:00,0
PAY003948,TXN003948,SUCCESS,,1199.0,2026-04-23 08:01:00,0
PAY003949,TXN003949,SUCCESS,,799.0,2026-05-07 02:14:00,0
PAY003950,TXN003950,FAILED,CARD_EXPIRED,2899.0,2026-08-09 15:28:00,0
PAY003951,TXN003951,SUCCESS,,1999.0,2026-07-06 00:29:00,0
PAY003952,TXN003952,SUCCESS,,4999.0,2026-03-12 04:31:00,0
PAY003953,TXN003953,SUCCESS,,1199.0,2026-08-07 04:08:00,0
PAY003954,TXN003954,SUCCESS,,2999.0,2026-06-28 04:08:00,0
PAY003955,TXN003955,FAILED,USER_ABORTED,649.0,2026-06-07 18:40:00,0
PAY003956,TXN003956,SUCCESS,,749.0,2026-06-13 13:11:00,0
PAY003957,TXN003957,SUCCESS,,749.0,2026-08-30 22:22:00,0
PAY003958,TXN003958,SUCCESS,,899.0,2026-06-01 07:27:00,0
PAY003959,TXN003959,SUCCESS,,1999.0,2026-08-13 12:57:00,0
PAY003960,TXN003960,SUCCESS,,1299.0,2026-05-08 03:37:00,0
PAY003961,TXN003961,SUCCESS,,649.0,2026-07-25 21:34:00,0
PAY003962,TXN003962,SUCCESS,,3899.0,2026-08-14 02:23:00,0
PAY003963,TXN003963,SUCCESS,,1299.0,2026-03-22 11:28:00,0
PAY003964,TXN003964,SUCCESS,,1699.0,2026-03-27 06:20:00,0
PAY003965,TXN003965,SUCCESS,,899.0,2026-05-05 20:05:00,0
PAY003966,TXN003966,SUCCESS,,4999.0,2026-04-17 02:17:00,0
PAY003967,TXN003967,SUCCESS,,1899.0,2026-07-18 05:41:00,0
PAY003968,TXN003968,SUCCESS,,2499.0,2026-05-06 13:52:00,0
PAY003969,TXN003969,SUCCESS,,1299.0,2026-05-21 16:54:00,0
PAY003970,TXN003970,SUCCESS,,899.0,2026-04-04 11:36:00,0
PAY003971,TXN003971,SUCCESS,,1999.0,2026-08-28 06:43:00,0
PAY003972,TXN003972,SUCCESS,,1499.0,2026-07-05 14:51:00,0
PAY003973,TXN003973,SUCCESS,,899.0,2026-06-01 06:01:00,0
PAY003974,TXN003974,SUCCESS,,3899.0,2026-07-26 19:36:00,0
PAY003975,TXN003975,SUCCESS,,1199.0,2026-03-29 22:35:00,0
PAY003976,TXN003976,SUCCESS,,1699.0,2026-08-07 21:50:00,0
PAY003977,TXN003977,SUCCESS,,1699.0,2026-07-27 07:59:00,0
PAY003978,TXN003978,SUCCESS,,2899.0,2026-08-01 00:17:00,0
PAY003979,TXN003979,SUCCESS,,1999.0,2026-03-30 05:30:00,0
PAY003980,TXN003980,SUCCESS,,1299.0,2026-07-30 00:12:00,0
PAY003981,TXN003981,SUCCESS,,1299.0,2026-04-03 06:28:00,0
PAY003982,TXN003982,SUCCESS,,1799.0,2026-08-30 06:51:00,0
PAY003983,TXN003983,SUCCESS,,699.0,2026-08-03 17:45:00,0
PAY003984,TXN003984,SUCCESS,,1299.0,2026-04-27 16:29:00,0
PAY003985,TXN003985,SUCCESS,,4999.0,2026-07-14 13:23:00,0
PAY003986,TXN003986,SUCCESS,,1199.0,2026-07-15 01:36:00,0
PAY003987,TXN003987,FAILED,USER_ABORTED,999.0,2026-08-14 19:13:00,0
PAY003988,TXN003988,SUCCESS,,2999.0,2026-04-04 16:09:00,0
PAY003989,TXN003989,FAILED,FRAUD_SUSPECTED,1799.0,2026-07-07 07:13:00,0
PAY003990,TXN003990,SUCCESS,,3899.0,2026-08-12 02:39:00,0
PAY003991,TXN003991,SUCCESS,,1299.0,2026-05-10 11:10:00,0
PAY003992,TXN003992,SUCCESS,,1799.0,2026-07-11 14:21:00,0
PAY003993,TXN003993,SUCCESS,,2999.0,2026-04-25 22:34:00,0
PAY003994,TXN003994,SUCCESS,,2899.0,2026-03-15 20:19:00,0
PAY003995,TXN003995,SUCCESS,,4999.0,2026-04-06 06:25:00,0
PAY003996,TXN003996,SUCCESS,,999.0,2026-04-13 10:34:00,0
PAY003997,TXN003997,SUCCESS,,699.0,2026-07-23 07:45:00,0
PAY003998,TXN003998,SUCCESS,,3899.0,2026-03-09 21:59:00,0
PAY003999,TXN003999,SUCCESS,,799.0,2026-07-10 01:45:00,0
PAY004000,TXN004000,SUCCESS,,3499.0,2026-04-15 00:23:00,0
PAY004001,TXN004001,SUCCESS,,849.0,2026-06-19 15:28:00,0
PAY004002,TXN004002,SUCCESS,,2499.0,2026-08-10 02:06:00,0
PAY004003,TXN004003,SUCCESS,,699.0,2026-08-23 12:45:00,0
PAY004004,TXN004004,SUCCESS,,1299.0,2026-04-07 18:24:00,0
PAY004005,TXN004005,SUCCESS,,2499.0,2026-07-09 07:44:00,0
PAY004006,TXN004006,REFUNDED,,849.0,2026-05-25 23:21:00,0
PAY004007,TXN004007,SUCCESS,,3899.0,2026-06-26 08:29:00,0
PAY004008,TXN004008,REFUNDED,,999.0,2026-05-18 01:24:00,0
PAY004009,TXN004009,SUCCESS,,1499.0,2026-04-19 07:58:00,0
PAY004010,TXN004010,SUCCESS,,4999.0,2026-05-24 00:50:00,0
PAY004011,TXN004011,SUCCESS,,799.0,2026-05-10 04:05:00,0
PAY004012,TXN004012,SUCCESS,,999.0,2026-07-16 03:40:00,0
PAY004013,TXN004013,FAILED,FRAUD_SUSPECTED,1299.0,2026-04-28 00:17:00,0
PAY004014,TXN004014,SUCCESS,,999.0,2026-05-18 03:27:00,0
PAY004015,TXN004015,SUCCESS,,2899.0,2026-07-20 03:08:00,0
PAY004016,TXN004016,SUCCESS,,3499.0,2026-08-26 02:34:00,0
PAY004017,TXN004017,SUCCESS,,799.0,2026-04-05 07:24:00,0
PAY004018,TXN004018,SUCCESS,,649.0,2026-08-03 07:08:00,0
PAY004019,TXN004019,SUCCESS,,1199.0,2026-05-08 22:15:00,0
PAY004020,TXN004020,SUCCESS,,649.0,2026-03-05 11:21:00,0
PAY004021,TXN004021,SUCCESS,,1899.0,2026-07-27 09:52:00,0
PAY004022,TXN004022,SUCCESS,,1799.0,2026-08-30 06:51:00,0
PAY004023,TXN004023,SUCCESS,,2999.0,2026-04-12 13:01:00,0
PAY004024,TXN004024,SUCCESS,,4999.0,2026-06-19 00:29:00,0
PAY004025,TXN004025,SUCCESS,,1199.0,2026-05-28 08:05:00,0
PAY004026,TXN004026,SUCCESS,,2999.0,2026-08-25 05:46:00,0
PAY004027,TXN004027,FAILED,CARD_EXPIRED,899.0,2026-05-07 18:17:00,0
PAY004028,TXN004028,SUCCESS,,1299.0,2026-07-12 21:19:00,0
PAY004029,TXN004029,SUCCESS,,749.0,2026-03-05 13:43:00,0
PAY004030,TXN004030,SUCCESS,,999.0,2026-05-20 12:32:00,0
PAY004031,TXN004031,REFUNDED,,1299.0,2026-03-13 07:06:00,0
PAY004032,TXN004032,SUCCESS,,799.0,2026-07-11 11:53:00,0
PAY004033,TXN004033,SUCCESS,,1199.0,2026-08-25 10:03:00,0
PAY004034,TXN004034,SUCCESS,,849.0,2026-06-24 07:36:00,0
PAY004035,TXN004035,SUCCESS,,3899.0,2026-07-10 05:12:00,0
PAY004036,TXN004036,FAILED,FRAUD_SUSPECTED,749.0,2026-05-26 11:10:00,0
PAY004037,TXN004037,SUCCESS,,2499.0,2026-03-06 05:36:00,0
PAY004038,TXN004038,FAILED,CARD_EXPIRED,1899.0,2026-03-29 02:03:00,0
PAY004039,TXN004039,SUCCESS,,3899.0,2026-05-28 22:43:00,0
PAY004040,TXN004040,SUCCESS,,1499.0,2026-07-25 03:21:00,0
PAY004041,TXN004041,FAILED,INSUFFICIENT_FUNDS,749.0,2026-07-07 00:57:00,0
PAY004042,TXN004042,SUCCESS,,3499.0,2026-06-08 02:35:00,0
PAY004043,TXN004043,SUCCESS,,849.0,2026-03-07 13:19:00,0
PAY004044,TXN004044,SUCCESS,,849.0,2026-04-22 17:20:00,0
PAY004045,TXN004045,SUCCESS,,1899.0,2026-03-21 09:57:00,0
PAY004046,TXN004046,SUCCESS,,1799.0,2026-05-19 23:03:00,0
PAY004047,TXN004047,SUCCESS,,649.0,2026-07-13 19:20:00,0
PAY004048,TXN004048,SUCCESS,,1499.0,2026-05-01 02:31:00,0
PAY004049,TXN004049,SUCCESS,,699.0,2026-03-24 16:00:00,0
PAY004050,TXN004050,SUCCESS,,649.0,2026-05-26 02:32:00,0
PAY004051,TXN004051,SUCCESS,,3899.0,2026-06-25 10:55:00,0
PAY004052,TXN004052,SUCCESS,,2999.0,2026-03-16 08:35:00,0
PAY004053,TXN004053,SUCCESS,,1499.0,2026-04-29 13:54:00,0
PAY004054,TXN004054,SUCCESS,,1999.0,2026-05-14 19:33:00,0
PAY004055,TXN004055,SUCCESS,,1999.0,2026-05-11 00:23:00,0
PAY004056,TXN004056,SUCCESS,,1499.0,2026-07-21 22:56:00,0
PAY004057,TXN004057,SUCCESS,,4999.0,2026-06-06 18:47:00,0
PAY004058,TXN004058,SUCCESS,,3899.0,2026-08-13 17:38:00,0
PAY004059,TXN004059,REFUNDED,,3899.0,2026-05-29 04:37:00,0
PAY004060,TXN004060,SUCCESS,,749.0,2026-04-23 06:42:00,0
PAY004061,TXN004061,SUCCESS,,3499.0,2026-05-03 13:30:00,0
PAY004062,TXN004062,SUCCESS,,649.0,2026-04-15 03:01:00,0
PAY004063,TXN004063,SUCCESS,,1499.0,2026-08-30 06:00:00,0
PAY004064,TXN004064,SUCCESS,,2899.0,2026-05-05 06:30:00,0
PAY004065,TXN004065,SUCCESS,,1299.0,2026-06-27 01:56:00,0
PAY004066,TXN004066,SUCCESS,,699.0,2026-07-20 01:52:00,0
PAY004067,TXN004067,SUCCESS,,799.0,2026-08-04 05:00:00,0
PAY004068,TXN004068,SUCCESS,,4999.0,2026-04-15 17:01:00,0
PAY004069,TXN004069,SUCCESS,,4999.0,2026-03-20 21:12:00,0
PAY004070,TXN004070,SUCCESS,,2899.0,2026-04-29 20:30:00,0
PAY004071,TXN004071,SUCCESS,,3499.0,2026-07-31 19:42:00,0
PAY004072,TXN004072,SUCCESS,,999.0,2026-03-16 19:02:00,0
PAY004073,TXN004073,SUCCESS,,699.0,2026-08-28 21:02:00,0
PAY004074,TXN004074,SUCCESS,,1199.0,2026-06-21 07:48:00,0
PAY004075,TXN004075,SUCCESS,,699.0,2026-06-02 12:18:00,0
PAY004076,TXN004076,FAILED,FRAUD_SUSPECTED,2999.0,2026-05-03 08:12:00,0
PAY004077,TXN004077,SUCCESS,,3499.0,2026-03-10 17:23:00,0
PAY004078,TXN004078,SUCCESS,,1699.0,2026-05-12 00:11:00,0
PAY004079,TXN004079,SUCCESS,,899.0,2026-08-20 16:21:00,0
PAY004080,TXN004080,SUCCESS,,1299.0,2026-07-13 02:11:00,0
PAY004081,TXN004081,SUCCESS,,1799.0,2026-07-24 06:01:00,0
PAY004082,TXN004082,SUCCESS,,1999.0,2026-03-09 13:37:00,0
PAY004083,TXN004083,SUCCESS,,2899.0,2026-07-30 09:23:00,0
PAY004084,TXN004084,SUCCESS,,4999.0,2026-05-06 11:37:00,0
PAY004085,TXN004085,SUCCESS,,799.0,2026-08-19 08:39:00,0
PAY004086,TXN004086,SUCCESS,,2499.0,2026-06-08 10:13:00,0
PAY004087,TXN004087,SUCCESS,,1199.0,2026-05-16 11:59:00,0
PAY004088,TXN004088,SUCCESS,,3899.0,2026-04-06 13:47:00,0
PAY004089,TXN004089,SUCCESS,,649.0,2026-03-30 21:05:00,0
PAY004090,TXN004090,SUCCESS,,649.0,2026-06-18 19:28:00,0
PAY004091,TXN004091,SUCCESS,,2499.0,2026-03-31 06:54:00,0
PAY004092,TXN004092,SUCCESS,,2499.0,2026-06-27 23:45:00,0
PAY004093,TXN004093,SUCCESS,,799.0,2026-03-21 23:06:00,0
PAY004094,TXN004094,FAILED,CARD_EXPIRED,1199.0,2026-08-26 05:55:00,0
PAY004095,TXN004095,SUCCESS,,799.0,2026-05-15 00:51:00,0
PAY004096,TXN004096,FAILED,FRAUD_SUSPECTED,3899.0,2026-06-07 03:06:00,0
PAY004097,TXN004097,SUCCESS,,1199.0,2026-06-18 11:58:00,0
PAY004098,TXN004098,SUCCESS,,1199.0,2026-08-25 18:35:00,0
PAY004099,TXN004099,SUCCESS,,1999.0,2026-08-27 01:55:00,0
PAY004100,TXN004100,SUCCESS,,1899.0,2026-07-09 07:29:00,0
PAY004101,TXN004101,REFUNDED,,1499.0,2026-08-16 15:16:00,0
PAY004102,TXN004102,SUCCESS,,799.0,2026-03-17 05:36:00,0
PAY004103,TXN004103,SUCCESS,,1499.0,2026-08-28 09:02:00,0
PAY004104,TXN004104,SUCCESS,,699.0,2026-04-18 16:23:00,0
PAY004105,TXN004105,FAILED,CARD_EXPIRED,3499.0,2026-08-31 02:06:00,0
PAY004106,TXN004106,SUCCESS,,1299.0,2026-06-06 13:43:00,0
PAY004107,TXN004107,SUCCESS,,1699.0,2026-07-15 16:17:00,0
PAY004108,TXN004108,SUCCESS,,1899.0,2026-07-05 15:32:00,0
PAY004109,TXN004109,SUCCESS,,799.0,2026-05-23 06:26:00,0
PAY004110,TXN004110,SUCCESS,,2499.0,2026-07-27 07:17:00,0
PAY004111,TXN004111,SUCCESS,,749.0,2026-06-14 21:03:00,0
PAY004112,TXN004112,SUCCESS,,4999.0,2026-06-03 13:46:00,0
PAY004113,TXN004113,SUCCESS,,699.0,2026-06-02 14:25:00,0
PAY004114,TXN004114,SUCCESS,,1299.0,2026-08-28 16:33:00,0
PAY004115,TXN004115,SUCCESS,,1699.0,2026-04-25 02:52:00,0
PAY004116,TXN004116,SUCCESS,,899.0,2026-07-26 14:33:00,0
PAY004117,TXN004117,SUCCESS,,1799.0,2026-03-19 11:12:00,0
PAY004118,TXN004118,SUCCESS,,799.0,2026-04-30 13:05:00,0
PAY004119,TXN004119,SUCCESS,,1199.0,2026-03-15 19:26:00,0
PAY004120,TXN004120,SUCCESS,,1299.0,2026-05-12 18:27:00,0
PAY004121,TXN004121,SUCCESS,,2499.0,2026-03-16 23:04:00,0
PAY004122,TXN004122,SUCCESS,,1999.0,2026-07-17 17:50:00,0
PAY004123,TXN004123,SUCCESS,,849.0,2026-03-07 20:00:00,0
PAY004124,TXN004124,SUCCESS,,1999.0,2026-08-09 23:08:00,0
PAY004125,TXN004125,SUCCESS,,1699.0,2026-03-10 13:26:00,0
PAY004126,TXN004126,SUCCESS,,749.0,2026-04-04 04:09:00,0
PAY004127,TXN004127,SUCCESS,,649.0,2026-06-04 16:30:00,0
PAY004128,TXN004128,SUCCESS,,1699.0,2026-04-26 23:42:00,0
PAY004129,TXN004129,SUCCESS,,3899.0,2026-05-28 12:26:00,0
PAY004130,TXN004130,SUCCESS,,899.0,2026-07-30 21:54:00,0
PAY004131,TXN004131,FAILED,CARD_EXPIRED,999.0,2026-04-11 17:48:00,0
PAY004132,TXN004132,SUCCESS,,1799.0,2026-05-22 00:09:00,0
PAY004133,TXN004133,SUCCESS,,3499.0,2026-06-13 19:33:00,0
PAY004134,TXN004134,SUCCESS,,699.0,2026-08-29 13:22:00,0
PAY004135,TXN004135,SUCCESS,,2899.0,2026-04-19 21:25:00,0
PAY004136,TXN004136,SUCCESS,,2999.0,2026-08-18 15:46:00,0
PAY004137,TXN004137,SUCCESS,,1499.0,2026-08-27 08:54:00,0
PAY004138,TXN004138,SUCCESS,,4999.0,2026-08-14 15:28:00,0
PAY004139,TXN004139,SUCCESS,,1899.0,2026-07-18 17:12:00,0
PAY004140,TXN004140,SUCCESS,,1699.0,2026-06-04 07:49:00,0
PAY004141,TXN004141,SUCCESS,,1699.0,2026-07-09 08:20:00,0
PAY004142,TXN004142,FAILED,USER_ABORTED,699.0,2026-08-27 20:20:00,0
PAY004143,TXN004143,SUCCESS,,2899.0,2026-05-24 15:15:00,0
PAY004144,TXN004144,SUCCESS,,749.0,2026-05-08 00:45:00,0
PAY004145,TXN004145,SUCCESS,,899.0,2026-08-24 13:09:00,0
PAY004146,TXN004146,SUCCESS,,2499.0,2026-03-20 03:41:00,0
PAY004147,TXN004147,SUCCESS,,1799.0,2026-05-18 14:11:00,0
PAY004148,TXN004148,SUCCESS,,1999.0,2026-04-14 20:10:00,0
PAY004149,TXN004149,SUCCESS,,1799.0,2026-07-06 03:39:00,0
PAY004150,TXN004150,SUCCESS,,799.0,2026-04-12 18:18:00,0
PAY004151,TXN004151,SUCCESS,,849.0,2026-07-11 14:13:00,0
PAY004152,TXN004152,FAILED,USER_ABORTED,899.0,2026-04-09 12:06:00,0
PAY004153,TXN004153,SUCCESS,,3899.0,2026-05-13 15:50:00,0
PAY004154,TXN004154,SUCCESS,,799.0,2026-05-23 02:27:00,0
PAY004155,TXN004155,FAILED,USER_ABORTED,2999.0,2026-05-02 00:27:00,0
PAY004156,TXN004156,SUCCESS,,2899.0,2026-03-17 22:11:00,0
PAY004157,TXN004157,SUCCESS,,1899.0,2026-06-16 04:05:00,0
PAY004158,TXN004158,SUCCESS,,649.0,2026-04-16 10:38:00,0
PAY004159,TXN004159,SUCCESS,,649.0,2026-08-16 00:14:00,0
PAY004160,TXN004160,SUCCESS,,1999.0,2026-05-05 06:14:00,0
PAY004161,TXN004161,SUCCESS,,1899.0,2026-07-17 16:12:00,0
PAY004162,TXN004162,SUCCESS,,2999.0,2026-07-03 12:29:00,0
PAY004163,TXN004163,SUCCESS,,649.0,2026-06-22 15:10:00,0
PAY004164,TXN004164,SUCCESS,,4999.0,2026-06-30 18:01:00,0
PAY004165,TXN004165,SUCCESS,,3899.0,2026-06-03 08:38:00,0
PAY004166,TXN004166,FAILED,INSUFFICIENT_FUNDS,4999.0,2026-06-16 01:59:00,0
PAY004167,TXN004167,FAILED,USER_ABORTED,1499.0,2026-06-05 04:04:00,0
PAY004168,TXN004168,SUCCESS,,1299.0,2026-07-04 20:21:00,0
PAY004169,TXN004169,SUCCESS,,2499.0,2026-08-06 08:51:00,0
PAY004170,TXN004170,SUCCESS,,1899.0,2026-07-19 23:38:00,0
PAY004171,TXN004171,FAILED,USER_ABORTED,1199.0,2026-04-11 22:07:00,0
PAY004172,TXN004172,SUCCESS,,699.0,2026-04-19 00:29:00,0
PAY004173,TXN004173,SUCCESS,,1799.0,2026-06-03 02:39:00,0
PAY004174,TXN004174,SUCCESS,,799.0,2026-08-20 16:08:00,0
PAY004175,TXN004175,FAILED,USER_ABORTED,649.0,2026-08-07 09:30:00,0
PAY004176,TXN004176,SUCCESS,,1799.0,2026-06-11 14:46:00,0
PAY004177,TXN004177,SUCCESS,,799.0,2026-07-27 20:49:00,0
PAY004178,TXN004178,REFUNDED,,1499.0,2026-06-28 21:44:00,0
PAY004179,TXN004179,FAILED,CARD_EXPIRED,2499.0,2026-03-14 01:07:00,0
PAY004180,TXN004180,SUCCESS,,799.0,2026-06-27 08:49:00,0
PAY004181,TXN004181,SUCCESS,,849.0,2026-07-31 19:10:00,0
PAY004182,TXN004182,SUCCESS,,749.0,2026-03-25 10:33:00,0
PAY004183,TXN004183,FAILED,USER_ABORTED,799.0,2026-07-01 11:10:00,0
PAY004184,TXN004184,SUCCESS,,2499.0,2026-05-11 12:29:00,0
PAY004185,TXN004185,SUCCESS,,649.0,2026-03-26 17:26:00,0
PAY004186,TXN004186,FAILED,CARD_EXPIRED,799.0,2026-05-11 04:17:00,0
PAY004187,TXN004187,SUCCESS,,1299.0,2026-04-17 18:27:00,0
PAY004188,TXN004188,SUCCESS,,2499.0,2026-03-16 02:19:00,0
PAY004189,TXN004189,SUCCESS,,1299.0,2026-05-21 02:37:00,0
PAY004190,TXN004190,SUCCESS,,2899.0,2026-07-02 08:45:00,0
PAY004191,TXN004191,SUCCESS,,1799.0,2026-05-09 23:31:00,0
PAY004192,TXN004192,SUCCESS,,649.0,2026-06-17 17:59:00,0
PAY004193,TXN004193,SUCCESS,,2499.0,2026-04-19 13:48:00,0
PAY004194,TXN004194,SUCCESS,,1699.0,2026-05-28 04:02:00,0
PAY004195,TXN004195,SUCCESS,,2899.0,2026-03-13 17:30:00,0
PAY004196,TXN004196,SUCCESS,,649.0,2026-08-26 22:51:00,0
PAY004197,TXN004197,FAILED,INSUFFICIENT_FUNDS,2999.0,2026-03-30 07:36:00,0
PAY004198,TXN004198,SUCCESS,,2999.0,2026-07-08 06:28:00,0
PAY004199,TXN004199,SUCCESS,,1699.0,2026-08-09 12:57:00,0
PAY004200,TXN004200,SUCCESS,,1699.0,2026-07-23 06:54:00,0
PAY004201,TXN004201,SUCCESS,,2499.0,2026-06-09 21:47:00,0
PAY004202,TXN004202,SUCCESS,,3499.0,2026-08-25 00:52:00,0
PAY004203,TXN004203,SUCCESS,,4999.0,2026-05-09 15:42:00,0
PAY004204,TXN004204,SUCCESS,,2499.0,2026-05-28 05:57:00,0
PAY004205,TXN004205,SUCCESS,,2899.0,2026-08-30 07:11:00,0
PAY004206,TXN004206,SUCCESS,,1299.0,2026-04-09 20:25:00,0
PAY004207,TXN004207,SUCCESS,,899.0,2026-03-21 00:04:00,0
PAY004208,TXN004208,SUCCESS,,1999.0,2026-05-07 23:57:00,0
PAY004209,TXN004209,SUCCESS,,4999.0,2026-03-29 12:10:00,0
PAY004210,TXN004210,SUCCESS,,2999.0,2026-03-11 00:41:00,0
PAY004211,TXN004211,SUCCESS,,1199.0,2026-06-30 22:26:00,0
PAY004212,TXN004212,SUCCESS,,1299.0,2026-04-12 14:52:00,0
PAY004213,TXN004213,SUCCESS,,649.0,2026-08-06 04:45:00,0
PAY004214,TXN004214,SUCCESS,,899.0,2026-07-22 08:00:00,0
PAY004215,TXN004215,SUCCESS,,2899.0,2026-05-31 04:49:00,0
PAY004216,TXN004216,SUCCESS,,2499.0,2026-03-11 23:27:00,0
PAY004217,TXN004217,SUCCESS,,1299.0,2026-05-17 11:45:00,0
PAY004218,TXN004218,SUCCESS,,2499.0,2026-03-17 13:30:00,0
PAY004219,TXN004219,SUCCESS,,4999.0,2026-05-03 12:28:00,0
PAY004220,TXN004220,SUCCESS,,799.0,2026-04-30 06:58:00,0
PAY004221,TXN004221,FAILED,INSUFFICIENT_FUNDS,1899.0,2026-03-05 13:54:00,0
PAY004222,TXN004222,SUCCESS,,3499.0,2026-05-12 04:43:00,0
PAY004223,TXN004223,SUCCESS,,3899.0,2026-03-29 01:54:00,0
PAY004224,TXN004224,SUCCESS,,1799.0,2026-08-11 08:04:00,0
PAY004225,TXN004225,SUCCESS,,1899.0,2026-03-20 02:37:00,0
PAY004226,TXN004226,SUCCESS,,999.0,2026-07-25 16:35:00,0
PAY004227,TXN004227,SUCCESS,,1699.0,2026-07-14 21:33:00,0
PAY004228,TXN004228,SUCCESS,,3499.0,2026-03-07 14:28:00,0
PAY004229,TXN004229,SUCCESS,,799.0,2026-06-30 17:38:00,0
PAY004230,TXN004230,SUCCESS,,1999.0,2026-05-10 18:46:00,0
PAY004231,TXN004231,SUCCESS,,1499.0,2026-05-06 08:48:00,0
PAY004232,TXN004232,SUCCESS,,899.0,2026-08-20 06:14:00,0
PAY004233,TXN004233,SUCCESS,,899.0,2026-03-13 23:56:00,0
PAY004234,TXN004234,SUCCESS,,1999.0,2026-07-16 20:33:00,0
PAY004235,TXN004235,SUCCESS,,3499.0,2026-08-12 21:34:00,0
PAY004236,TXN004236,SUCCESS,,3499.0,2026-05-28 06:42:00,0
PAY004237,TXN004237,SUCCESS,,3899.0,2026-05-16 05:04:00,0
PAY004238,TXN004238,SUCCESS,,1899.0,2026-05-24 01:36:00,0
PAY004239,TXN004239,SUCCESS,,849.0,2026-04-30 11:47:00,0
PAY004240,TXN004240,SUCCESS,,1299.0,2026-08-31 11:43:00,0
PAY004241,TXN004241,SUCCESS,,1299.0,2026-05-20 12:46:00,0
PAY004242,TXN004242,SUCCESS,,749.0,2026-07-15 12:51:00,0
PAY004243,TXN004243,FAILED,FRAUD_SUSPECTED,1699.0,2026-08-01 14:19:00,0
PAY004244,TXN004244,SUCCESS,,1699.0,2026-07-05 03:56:00,0
PAY004245,TXN004245,SUCCESS,,1199.0,2026-04-05 08:55:00,0
PAY004246,TXN004246,SUCCESS,,2899.0,2026-06-20 20:53:00,0
PAY004247,TXN004247,FAILED,INSUFFICIENT_FUNDS,3499.0,2026-05-08 13:23:00,0
PAY004248,TXN004248,SUCCESS,,999.0,2026-06-06 14:32:00,0
PAY004249,TXN004249,SUCCESS,,849.0,2026-03-17 03:07:00,0
PAY004250,TXN004250,SUCCESS,,1699.0,2026-05-08 16:22:00,0
PAY004251,TXN004251,SUCCESS,,1199.0,2026-08-03 20:53:00,0
PAY004252,TXN004252,SUCCESS,,649.0,2026-05-17 00:27:00,0
PAY004253,TXN004253,SUCCESS,,3499.0,2026-08-28 22:56:00,0
PAY004254,TXN004254,SUCCESS,,649.0,2026-05-19 04:54:00,0
PAY004255,TXN004255,SUCCESS,,2899.0,2026-03-31 21:37:00,0
PAY004256,TXN004256,SUCCESS,,799.0,2026-08-04 22:22:00,0
PAY004257,TXN004257,SUCCESS,,3899.0,2026-04-24 09:55:00,0
PAY004258,TXN004258,SUCCESS,,749.0,2026-03-18 17:04:00,0
PAY004259,TXN004259,SUCCESS,,2899.0,2026-03-06 10:53:00,0
PAY004260,TXN004260,SUCCESS,,999.0,2026-08-11 22:29:00,0
PAY004261,TXN004261,SUCCESS,,2899.0,2026-08-01 23:46:00,0
PAY004262,TXN004262,SUCCESS,,3499.0,2026-07-01 09:30:00,0
PAY004263,TXN004263,SUCCESS,,749.0,2026-08-22 10:41:00,0
PAY004264,TXN004264,SUCCESS,,999.0,2026-03-12 06:22:00,0
PAY004265,TXN004265,FAILED,CARD_EXPIRED,649.0,2026-04-25 04:39:00,0
PAY004266,TXN004266,SUCCESS,,1699.0,2026-04-02 18:12:00,0
PAY004267,TXN004267,FAILED,USER_ABORTED,1899.0,2026-07-06 16:20:00,0
PAY004268,TXN004268,SUCCESS,,2999.0,2026-06-23 09:07:00,0
PAY004269,TXN004269,FAILED,USER_ABORTED,3899.0,2026-08-13 15:13:00,0
PAY004270,TXN004270,SUCCESS,,999.0,2026-05-16 06:03:00,0
PAY004271,TXN004271,SUCCESS,,1499.0,2026-05-20 10:53:00,0
PAY004272,TXN004272,SUCCESS,,1699.0,2026-06-26 00:44:00,0
PAY004273,TXN004273,SUCCESS,,3899.0,2026-06-28 01:46:00,0
PAY004274,TXN004274,SUCCESS,,699.0,2026-03-30 05:00:00,0
PAY004275,TXN004275,FAILED,INSUFFICIENT_FUNDS,1999.0,2026-04-19 14:13:00,0
PAY004276,TXN004276,SUCCESS,,749.0,2026-05-13 13:18:00,0
PAY004277,TXN004277,SUCCESS,,3899.0,2026-05-05 07:20:00,0
PAY004278,TXN004278,SUCCESS,,1699.0,2026-03-30 06:16:00,0
PAY004279,TXN004279,SUCCESS,,1499.0,2026-06-07 15:12:00,0
PAY004280,TXN004280,SUCCESS,,2499.0,2026-08-14 05:47:00,0
PAY004281,TXN004281,SUCCESS,,799.0,2026-05-08 11:30:00,0
PAY004282,TXN004282,SUCCESS,,1299.0,2026-06-17 11:15:00,0
PAY004283,TXN004283,SUCCESS,,2899.0,2026-03-19 06:13:00,0
PAY004284,TXN004284,SUCCESS,,1699.0,2026-04-18 12:46:00,0
PAY004285,TXN004285,SUCCESS,,1299.0,2026-07-14 12:45:00,0
PAY004286,TXN004286,SUCCESS,,3499.0,2026-04-14 08:19:00,0
PAY004287,TXN004287,SUCCESS,,899.0,2026-04-12 03:51:00,0
PAY004288,TXN004288,SUCCESS,,1899.0,2026-06-30 01:00:00,0
PAY004289,TXN004289,SUCCESS,,1799.0,2026-03-05 09:53:00,0
PAY004290,TXN004290,SUCCESS,,2499.0,2026-06-05 22:43:00,0
PAY004291,TXN004291,SUCCESS,,3499.0,2026-06-12 20:38:00,0
PAY004292,TXN004292,SUCCESS,,2499.0,2026-07-12 21:58:00,0
PAY004293,TXN004293,SUCCESS,,899.0,2026-06-09 09:17:00,0
PAY004294,TXN004294,SUCCESS,,2899.0,2026-05-25 09:18:00,0
PAY004295,TXN004295,SUCCESS,,1499.0,2026-06-10 23:40:00,0
PAY004296,TXN004296,SUCCESS,,749.0,2026-07-18 10:20:00,0
PAY004297,TXN004297,SUCCESS,,1999.0,2026-05-12 17:18:00,0
PAY004298,TXN004298,SUCCESS,,2899.0,2026-04-08 00:46:00,0
PAY004299,TXN004299,SUCCESS,,1899.0,2026-08-08 09:20:00,0
PAY004300,TXN004300,SUCCESS,,1699.0,2026-03-11 11:07:00,0
PAY004301,TXN004301,SUCCESS,,899.0,2026-07-30 03:19:00,0
PAY004302,TXN004302,SUCCESS,,1999.0,2026-05-14 14:49:00,0
PAY004303,TXN004303,SUCCESS,,1499.0,2026-07-11 02:17:00,0
PAY004304,TXN004304,FAILED,FRAUD_SUSPECTED,1299.0,2026-06-27 05:30:00,0
PAY004305,TXN004305,SUCCESS,,1699.0,2026-06-26 12:58:00,0
PAY004306,TXN004306,SUCCESS,,899.0,2026-07-18 02:45:00,0
PAY004307,TXN004307,SUCCESS,,1699.0,2026-07-27 18:39:00,0
PAY004308,TXN004308,REFUNDED,,649.0,2026-08-25 17:05:00,0
PAY004309,TXN004309,SUCCESS,,3899.0,2026-03-21 19:09:00,0
PAY004310,TXN004310,SUCCESS,,999.0,2026-03-23 11:45:00,0
PAY004311,TXN004311,SUCCESS,,799.0,2026-06-20 01:47:00,0
PAY004312,TXN004312,SUCCESS,,999.0,2026-05-20 01:58:00,0
PAY004313,TXN004313,SUCCESS,,849.0,2026-07-11 11:58:00,0
PAY004314,TXN004314,SUCCESS,,1899.0,2026-07-27 18:28:00,0
PAY004315,TXN004315,SUCCESS,,899.0,2026-03-27 15:35:00,0
PAY004316,TXN004316,SUCCESS,,799.0,2026-05-07 17:26:00,0
PAY004317,TXN004317,SUCCESS,,799.0,2026-03-05 08:31:00,0
PAY004318,TXN004318,SUCCESS,,799.0,2026-04-04 10:55:00,0
PAY004319,TXN004319,SUCCESS,,2499.0,2026-08-11 11:12:00,0
PAY004320,TXN004320,SUCCESS,,2999.0,2026-08-05 01:35:00,0
PAY004321,TXN004321,SUCCESS,,649.0,2026-08-30 15:39:00,0
PAY004322,TXN004322,SUCCESS,,4999.0,2026-03-09 08:36:00,0
PAY004323,TXN004323,FAILED,FRAUD_SUSPECTED,2899.0,2026-07-10 02:16:00,0
PAY004324,TXN004324,FAILED,USER_ABORTED,849.0,2026-06-09 11:04:00,0
PAY004325,TXN004325,SUCCESS,,4999.0,2026-03-19 01:10:00,0
PAY004326,TXN004326,SUCCESS,,1299.0,2026-04-29 01:41:00,0
PAY004327,TXN004327,SUCCESS,,1899.0,2026-07-16 18:33:00,0
PAY004328,TXN004328,SUCCESS,,749.0,2026-07-20 01:09:00,0
PAY004329,TXN004329,SUCCESS,,1199.0,2026-06-08 10:05:00,0
PAY004330,TXN004330,SUCCESS,,999.0,2026-05-13 12:49:00,0
PAY004331,TXN004331,SUCCESS,,849.0,2026-08-12 15:34:00,0
PAY004332,TXN004332,SUCCESS,,899.0,2026-04-07 04:12:00,0
PAY004333,TXN004333,SUCCESS,,699.0,2026-03-12 23:48:00,0
PAY004334,TXN004334,SUCCESS,,2499.0,2026-08-26 09:06:00,0
PAY004335,TXN004335,SUCCESS,,1999.0,2026-03-31 01:55:00,0
PAY004336,TXN004336,SUCCESS,,4999.0,2026-06-16 15:02:00,0
PAY004337,TXN004337,SUCCESS,,999.0,2026-05-06 00:27:00,0
PAY004338,TXN004338,FAILED,FRAUD_SUSPECTED,1499.0,2026-05-24 01:34:00,0
PAY004339,TXN004339,SUCCESS,,1899.0,2026-06-14 14:42:00,0
PAY004340,TXN004340,SUCCESS,,849.0,2026-03-30 23:13:00,0
PAY004341,TXN004341,SUCCESS,,3899.0,2026-08-12 14:51:00,0
PAY004342,TXN004342,FAILED,FRAUD_SUSPECTED,799.0,2026-08-08 20:15:00,0
PAY004343,TXN004343,SUCCESS,,1299.0,2026-07-30 21:41:00,0
PAY004344,TXN004344,SUCCESS,,799.0,2026-07-17 14:34:00,0
PAY004345,TXN004345,SUCCESS,,1999.0,2026-05-09 18:40:00,0
PAY004346,TXN004346,SUCCESS,,3899.0,2026-03-29 20:08:00,0
PAY004347,TXN004347,SUCCESS,,1799.0,2026-03-28 03:17:00,0
PAY004348,TXN004348,SUCCESS,,849.0,2026-06-07 07:23:00,0
PAY004349,TXN004349,SUCCESS,,2999.0,2026-06-28 11:12:00,0
PAY004350,TXN004350,SUCCESS,,799.0,2026-04-10 20:42:00,0
PAY004351,TXN004351,SUCCESS,,999.0,2026-05-15 21:38:00,0
PAY004352,TXN004352,SUCCESS,,1499.0,2026-06-16 09:56:00,0
PAY004353,TXN004353,SUCCESS,,1499.0,2026-08-15 16:23:00,0
PAY004354,TXN004354,SUCCESS,,699.0,2026-04-07 03:13:00,0
PAY004355,TXN004355,SUCCESS,,1799.0,2026-04-24 07:45:00,0
PAY004356,TXN004356,SUCCESS,,1299.0,2026-04-19 01:19:00,0
PAY004357,TXN004357,SUCCESS,,2899.0,2026-07-10 14:52:00,0
PAY004358,TXN004358,REFUNDED,,4999.0,2026-08-22 03:31:00,0
PAY004359,TXN004359,SUCCESS,,2499.0,2026-08-14 10:13:00,0
PAY004360,TXN004360,SUCCESS,,1799.0,2026-05-16 09:55:00,0
PAY004361,TXN004361,REFUNDED,,749.0,2026-04-01 12:35:00,0
PAY004362,TXN004362,SUCCESS,,3899.0,2026-08-04 14:04:00,0
PAY004363,TXN004363,SUCCESS,,2999.0,2026-06-21 23:33:00,0
PAY004364,TXN004364,SUCCESS,,2999.0,2026-05-15 09:28:00,0
PAY004365,TXN004365,SUCCESS,,999.0,2026-03-13 11:43:00,0
PAY004366,TXN004366,SUCCESS,,1999.0,2026-03-12 15:06:00,0
PAY004367,TXN004367,SUCCESS,,1199.0,2026-03-27 11:13:00,0
PAY004368,TXN004368,SUCCESS,,649.0,2026-03-30 17:37:00,0
PAY004369,TXN004369,SUCCESS,,1899.0,2026-07-19 13:46:00,0
PAY004370,TXN004370,SUCCESS,,749.0,2026-07-14 20:33:00,0
PAY004371,TXN004371,SUCCESS,,1899.0,2026-04-29 14:45:00,0
PAY004372,TXN004372,SUCCESS,,1199.0,2026-08-14 03:57:00,0
PAY004373,TXN004373,SUCCESS,,3899.0,2026-05-23 23:58:00,0
PAY004374,TXN004374,SUCCESS,,1299.0,2026-07-07 18:23:00,0
PAY004375,TXN004375,SUCCESS,,849.0,2026-06-06 06:44:00,0
PAY004376,TXN004376,SUCCESS,,1199.0,2026-08-31 05:40:00,0
PAY004377,TXN004377,SUCCESS,,2899.0,2026-07-04 19:30:00,0
PAY004378,TXN004378,SUCCESS,,3899.0,2026-03-09 13:12:00,0
PAY004379,TXN004379,FAILED,USER_ABORTED,999.0,2026-05-01 02:54:00,0
PAY004380,TXN004380,SUCCESS,,849.0,2026-03-12 06:00:00,0
PAY004381,TXN004381,SUCCESS,,1899.0,2026-05-16 01:26:00,0
PAY004382,TXN004382,SUCCESS,,1699.0,2026-04-18 18:37:00,0
PAY004383,TXN004383,SUCCESS,,3899.0,2026-03-30 01:39:00,0
PAY004384,TXN004384,SUCCESS,,749.0,2026-04-20 02:15:00,0
PAY004385,TXN004385,SUCCESS,,2899.0,2026-04-11 23:39:00,0
PAY004386,TXN004386,SUCCESS,,3499.0,2026-05-26 21:38:00,0
PAY004387,TXN004387,SUCCESS,,1499.0,2026-08-06 17:46:00,0
PAY004388,TXN004388,SUCCESS,,2499.0,2026-04-12 13:12:00,0
PAY004389,TXN004389,SUCCESS,,3899.0,2026-08-15 03:05:00,0
PAY004390,TXN004390,SUCCESS,,1699.0,2026-07-18 02:02:00,0
PAY004391,TXN004391,REFUNDED,,1799.0,2026-04-05 21:13:00,0
PAY004392,TXN004392,SUCCESS,,699.0,2026-04-02 12:01:00,0
PAY004393,TXN004393,SUCCESS,,1199.0,2026-05-03 05:42:00,0
PAY004394,TXN004394,SUCCESS,,1999.0,2026-08-09 05:45:00,0
PAY004395,TXN004395,SUCCESS,,1799.0,2026-07-12 10:56:00,0
PAY004396,TXN004396,SUCCESS,,899.0,2026-06-17 11:32:00,0
PAY004397,TXN004397,SUCCESS,,3499.0,2026-08-18 16:04:00,0
PAY004398,TXN004398,SUCCESS,,899.0,2026-03-15 01:40:00,0
PAY004399,TXN004399,REFUNDED,,799.0,2026-07-01 12:09:00,0
PAY004400,TXN004400,SUCCESS,,3499.0,2026-04-10 12:49:00,0
PAY004401,TXN004401,SUCCESS,,1699.0,2026-03-31 03:39:00,0
PAY004402,TXN004402,SUCCESS,,2499.0,2026-03-25 12:09:00,0
PAY004403,TXN004403,SUCCESS,,1999.0,2026-03-19 23:16:00,0
PAY004404,TXN004404,SUCCESS,,849.0,2026-03-22 07:50:00,0
PAY004405,TXN004405,SUCCESS,,3499.0,2026-05-19 18:51:00,0
PAY004406,TXN004406,SUCCESS,,1199.0,2026-03-09 09:20:00,0
PAY004407,TXN004407,SUCCESS,,1999.0,2026-07-18 15:10:00,0
PAY004408,TXN004408,SUCCESS,,1999.0,2026-07-25 11:27:00,0
PAY004409,TXN004409,SUCCESS,,2499.0,2026-08-31 11:38:00,0
PAY004410,TXN004410,SUCCESS,,1799.0,2026-04-27 07:12:00,0
PAY004411,TXN004411,SUCCESS,,1499.0,2026-07-22 07:59:00,0
PAY004412,TXN004412,SUCCESS,,1899.0,2026-04-10 01:21:00,0
PAY004413,TXN004413,SUCCESS,,1499.0,2026-04-10 21:53:00,0
PAY004414,TXN004414,SUCCESS,,649.0,2026-07-14 13:09:00,0
PAY004415,TXN004415,SUCCESS,,4999.0,2026-07-24 15:27:00,0
PAY004416,TXN004416,SUCCESS,,899.0,2026-04-12 11:49:00,0
PAY004417,TXN004417,SUCCESS,,4999.0,2026-05-16 00:06:00,0
PAY004418,TXN004418,SUCCESS,,1999.0,2026-03-06 16:39:00,0
PAY004419,TXN004419,SUCCESS,,2499.0,2026-03-21 19:14:00,0
PAY004420,TXN004420,SUCCESS,,1899.0,2026-07-10 10:54:00,0
PAY004421,TXN004421,SUCCESS,,1799.0,2026-05-13 07:46:00,0
PAY004422,TXN004422,SUCCESS,,849.0,2026-05-09 12:04:00,0
PAY004423,TXN004423,SUCCESS,,1699.0,2026-03-25 04:56:00,0
PAY004424,TXN004424,SUCCESS,,799.0,2026-03-19 07:04:00,0
PAY004425,TXN004425,SUCCESS,,2499.0,2026-08-05 12:05:00,0
PAY004426,TXN004426,SUCCESS,,1899.0,2026-04-29 17:43:00,0
PAY004427,TXN004427,SUCCESS,,2499.0,2026-04-05 17:00:00,0
PAY004428,TXN004428,SUCCESS,,3499.0,2026-06-26 19:23:00,0
PAY004429,TXN004429,SUCCESS,,1299.0,2026-04-10 06:15:00,0
PAY004430,TXN004430,SUCCESS,,3499.0,2026-06-25 21:09:00,0
PAY004431,TXN004431,SUCCESS,,1299.0,2026-06-13 21:52:00,0
PAY004432,TXN004432,SUCCESS,,2499.0,2026-05-18 20:47:00,0
PAY004433,TXN004433,SUCCESS,,1299.0,2026-07-29 14:14:00,0
PAY004434,TXN004434,SUCCESS,,1899.0,2026-04-22 19:35:00,0
PAY004435,TXN004435,SUCCESS,,799.0,2026-06-07 23:16:00,0
PAY004436,TXN004436,SUCCESS,,1799.0,2026-03-14 14:26:00,0
PAY004437,TXN004437,SUCCESS,,849.0,2026-07-19 13:26:00,0
PAY004438,TXN004438,SUCCESS,,849.0,2026-07-07 07:45:00,0
PAY004439,TXN004439,SUCCESS,,849.0,2026-04-22 01:33:00,0
PAY004440,TXN004440,SUCCESS,,799.0,2026-04-28 22:20:00,0
PAY004441,TXN004441,SUCCESS,,1999.0,2026-06-21 01:09:00,0
PAY004442,TXN004442,SUCCESS,,1899.0,2026-04-06 01:07:00,0
PAY004443,TXN004443,SUCCESS,,1299.0,2026-05-31 15:48:00,0
PAY004444,TXN004444,SUCCESS,,1799.0,2026-03-08 13:39:00,0
PAY004445,TXN004445,FAILED,INSUFFICIENT_FUNDS,1699.0,2026-04-28 03:26:00,0
PAY004446,TXN004446,SUCCESS,,2499.0,2026-03-22 02:27:00,0
PAY004447,TXN004447,SUCCESS,,2899.0,2026-05-13 21:40:00,0
PAY004448,TXN004448,SUCCESS,,3499.0,2026-03-26 16:29:00,0
PAY004449,TXN004449,SUCCESS,,1699.0,2026-05-19 00:10:00,0
PAY004450,TXN004450,SUCCESS,,799.0,2026-06-13 08:21:00,0
PAY004451,TXN004451,SUCCESS,,1299.0,2026-08-29 10:24:00,0
PAY004452,TXN004452,SUCCESS,,2899.0,2026-08-16 08:35:00,0
PAY004453,TXN004453,SUCCESS,,649.0,2026-04-05 20:19:00,0
PAY004454,TXN004454,SUCCESS,,1199.0,2026-07-29 19:43:00,0
PAY004455,TXN004455,SUCCESS,,899.0,2026-03-14 16:50:00,0
PAY004456,TXN004456,SUCCESS,,749.0,2026-03-23 19:11:00,0
PAY004457,TXN004457,SUCCESS,,2499.0,2026-03-21 19:58:00,0
PAY004458,TXN004458,SUCCESS,,899.0,2026-04-12 11:56:00,0
PAY004459,TXN004459,SUCCESS,,2999.0,2026-07-01 00:10:00,0
PAY004460,TXN004460,SUCCESS,,999.0,2026-08-05 00:40:00,0
PAY004461,TXN004461,SUCCESS,,1799.0,2026-06-29 17:51:00,0
PAY004462,TXN004462,REFUNDED,,799.0,2026-04-29 03:01:00,0
PAY004463,TXN004463,SUCCESS,,1199.0,2026-04-27 07:57:00,0
PAY004464,TXN004464,SUCCESS,,899.0,2026-03-24 17:56:00,0
PAY004465,TXN004465,FAILED,CARD_EXPIRED,849.0,2026-06-02 22:32:00,0
PAY004466,TXN004466,SUCCESS,,849.0,2026-05-29 12:58:00,0
PAY004467,TXN004467,SUCCESS,,1799.0,2026-06-09 12:04:00,0
PAY004468,TXN004468,SUCCESS,,1499.0,2026-04-11 04:05:00,0
PAY004469,TXN004469,SUCCESS,,649.0,2026-04-13 07:55:00,0
PAY004470,TXN004470,SUCCESS,,1899.0,2026-07-06 16:37:00,0
PAY004471,TXN004471,SUCCESS,,899.0,2026-05-22 11:32:00,0
PAY004472,TXN004472,SUCCESS,,999.0,2026-06-05 09:18:00,0
PAY004473,TXN004473,SUCCESS,,3499.0,2026-03-28 19:56:00,0
PAY004474,TXN004474,SUCCESS,,1199.0,2026-04-06 14:16:00,0
PAY004475,TXN004475,SUCCESS,,1699.0,2026-07-20 01:47:00,0
PAY004476,TXN004476,SUCCESS,,1699.0,2026-04-15 06:27:00,0
PAY004477,TXN004477,SUCCESS,,649.0,2026-03-14 17:30:00,0
PAY004478,TXN004478,SUCCESS,,1999.0,2026-06-10 17:03:00,0
PAY004479,TXN004479,SUCCESS,,899.0,2026-03-28 03:19:00,0
PAY004480,TXN004480,SUCCESS,,899.0,2026-07-05 22:26:00,0
PAY004481,TXN004481,SUCCESS,,799.0,2026-04-09 06:51:00,0
PAY004482,TXN004482,SUCCESS,,1699.0,2026-08-17 20:35:00,0
PAY004483,TXN004483,SUCCESS,,3499.0,2026-06-04 05:37:00,0
PAY004484,TXN004484,SUCCESS,,699.0,2026-08-03 08:39:00,0
PAY004485,TXN004485,SUCCESS,,1299.0,2026-06-18 16:44:00,0
PAY004486,TXN004486,SUCCESS,,1899.0,2026-03-06 18:30:00,0
PAY004487,TXN004487,SUCCESS,,2999.0,2026-04-25 01:35:00,0
PAY004488,TXN004488,SUCCESS,,999.0,2026-06-13 08:35:00,0
PAY004489,TXN004489,SUCCESS,,2999.0,2026-07-07 16:18:00,0
PAY004490,TXN004490,SUCCESS,,3899.0,2026-05-30 00:38:00,0
PAY004491,TXN004491,SUCCESS,,749.0,2026-06-03 20:13:00,0
PAY004492,TXN004492,SUCCESS,,849.0,2026-08-05 15:34:00,0
PAY004493,TXN004493,SUCCESS,,849.0,2026-06-24 15:20:00,0
PAY004494,TXN004494,FAILED,USER_ABORTED,1299.0,2026-07-07 12:13:00,0
PAY004495,TXN004495,SUCCESS,,4999.0,2026-06-16 11:31:00,0
PAY004496,TXN004496,REFUNDED,,2999.0,2026-03-21 13:54:00,0
PAY004497,TXN004497,SUCCESS,,749.0,2026-04-27 12:09:00,0
PAY004498,TXN004498,SUCCESS,,899.0,2026-07-30 18:38:00,0
PAY004499,TXN004499,SUCCESS,,849.0,2026-07-06 20:42:00,0
PAY004500,TXN004500,SUCCESS,,3499.0,2026-05-05 11:48:00,0
PAY004501,TXN004501,SUCCESS,,2499.0,2026-05-06 00:21:00,0
PAY004502,TXN004502,SUCCESS,,3499.0,2026-05-10 12:58:00,0
PAY004503,TXN004503,SUCCESS,,1899.0,2026-04-06 10:29:00,0
PAY004504,TXN004504,FAILED,CARD_EXPIRED,849.0,2026-06-12 01:17:00,0
PAY004505,TXN004505,SUCCESS,,1799.0,2026-04-05 04:18:00,0
PAY004506,TXN004506,REFUNDED,,799.0,2026-05-09 23:17:00,0
PAY004507,TXN004507,SUCCESS,,799.0,2026-04-29 04:37:00,0
PAY004508,TXN004508,SUCCESS,,849.0,2026-03-31 22:58:00,0
PAY004509,TXN004509,FAILED,CARD_EXPIRED,3899.0,2026-04-16 05:43:00,0
PAY004510,TXN004510,SUCCESS,,1799.0,2026-08-04 05:21:00,0
PAY004511,TXN004511,SUCCESS,,1699.0,2026-05-04 02:50:00,0
PAY004512,TXN004512,SUCCESS,,1299.0,2026-05-12 23:06:00,0
PAY004513,TXN004513,SUCCESS,,749.0,2026-05-17 21:11:00,0
PAY004514,TXN004514,SUCCESS,,1899.0,2026-04-20 11:48:00,0
PAY004515,TXN004515,SUCCESS,,4999.0,2026-03-14 10:02:00,0
PAY004516,TXN004516,SUCCESS,,1799.0,2026-03-23 22:07:00,0
PAY004517,TXN004517,FAILED,FRAUD_SUSPECTED,4999.0,2026-04-22 06:06:00,0
PAY004518,TXN004518,SUCCESS,,999.0,2026-04-02 03:15:00,0
PAY004519,TXN004519,SUCCESS,,849.0,2026-04-19 23:33:00,0
PAY004520,TXN004520,SUCCESS,,1199.0,2026-03-12 07:48:00,0
PAY004521,TXN004521,FAILED,FRAUD_SUSPECTED,2899.0,2026-06-10 06:09:00,0
PAY004522,TXN004522,SUCCESS,,3899.0,2026-04-08 07:07:00,0
PAY004523,TXN004523,SUCCESS,,1999.0,2026-06-10 21:44:00,0
PAY004524,TXN004524,SUCCESS,,1799.0,2026-03-05 05:49:00,0
PAY004525,TXN004525,SUCCESS,,899.0,2026-08-12 08:27:00,0
PAY004526,TXN004526,SUCCESS,,649.0,2026-08-10 05:36:00,0
PAY004527,TXN004527,SUCCESS,,4999.0,2026-03-09 01:51:00,0
PAY004528,TXN004528,SUCCESS,,3899.0,2026-08-05 13:23:00,0
PAY004529,TXN004529,SUCCESS,,799.0,2026-04-22 02:11:00,0
PAY004530,TXN004530,SUCCESS,,999.0,2026-08-11 03:36:00,0
PAY004531,TXN004531,SUCCESS,,2499.0,2026-06-25 14:27:00,0
PAY004532,TXN004532,SUCCESS,,699.0,2026-08-07 08:49:00,0
PAY004533,TXN004533,SUCCESS,,1999.0,2026-08-29 06:00:00,0
PAY004534,TXN004534,SUCCESS,,899.0,2026-05-03 20:58:00,0
PAY004535,TXN004535,SUCCESS,,999.0,2026-05-12 08:26:00,0
PAY004536,TXN004536,SUCCESS,,1699.0,2026-05-28 11:30:00,0
PAY004537,TXN004537,SUCCESS,,2499.0,2026-03-21 22:49:00,0
PAY004538,TXN004538,SUCCESS,,899.0,2026-04-13 19:06:00,0
PAY004539,TXN004539,SUCCESS,,899.0,2026-08-04 19:36:00,0
PAY004540,TXN004540,SUCCESS,,2899.0,2026-05-24 02:19:00,0
PAY004541,TXN004541,SUCCESS,,799.0,2026-05-04 02:54:00,0
PAY004542,TXN004542,SUCCESS,,649.0,2026-03-09 04:22:00,0
PAY004543,TXN004543,SUCCESS,,1899.0,2026-04-08 10:24:00,0
PAY004544,TXN004544,SUCCESS,,4999.0,2026-07-04 02:52:00,0
PAY004545,TXN004545,SUCCESS,,1699.0,2026-05-07 14:57:00,0
PAY004546,TXN004546,REFUNDED,,1799.0,2026-04-09 17:54:00,0
PAY004547,TXN004547,SUCCESS,,749.0,2026-05-22 22:00:00,0
PAY004548,TXN004548,FAILED,CARD_EXPIRED,649.0,2026-06-29 09:22:00,0
PAY004549,TXN004549,SUCCESS,,649.0,2026-07-18 23:10:00,0
PAY004550,TXN004550,SUCCESS,,749.0,2026-08-24 18:15:00,0
PAY004551,TXN004551,SUCCESS,,849.0,2026-08-29 07:05:00,0
PAY004552,TXN004552,SUCCESS,,1799.0,2026-04-14 04:12:00,0
PAY004553,TXN004553,SUCCESS,,1699.0,2026-03-21 10:00:00,0
PAY004554,TXN004554,SUCCESS,,649.0,2026-08-09 20:41:00,0
PAY004555,TXN004555,SUCCESS,,1499.0,2026-03-07 13:38:00,0
PAY004556,TXN004556,SUCCESS,,2499.0,2026-06-15 10:02:00,0
PAY004557,TXN004557,SUCCESS,,3899.0,2026-06-30 05:55:00,0
PAY004558,TXN004558,SUCCESS,,749.0,2026-04-29 17:23:00,0
PAY004559,TXN004559,SUCCESS,,1699.0,2026-05-07 08:29:00,0
PAY004560,TXN004560,SUCCESS,,4999.0,2026-07-13 10:38:00,0
PAY004561,TXN004561,FAILED,FRAUD_SUSPECTED,749.0,2026-06-15 09:52:00,0
PAY004562,TXN004562,SUCCESS,,649.0,2026-08-07 23:44:00,0
PAY004563,TXN004563,SUCCESS,,3899.0,2026-04-02 01:47:00,0
PAY004564,TXN004564,SUCCESS,,3499.0,2026-04-10 21:12:00,0
PAY004565,TXN004565,SUCCESS,,799.0,2026-08-16 11:36:00,0
PAY004566,TXN004566,SUCCESS,,749.0,2026-05-06 14:20:00,0
PAY004567,TXN004567,SUCCESS,,999.0,2026-07-02 10:46:00,0
PAY004568,TXN004568,SUCCESS,,799.0,2026-05-08 01:02:00,0
PAY004569,TXN004569,SUCCESS,,649.0,2026-08-02 11:41:00,0
PAY004570,TXN004570,SUCCESS,,699.0,2026-04-03 02:16:00,0
PAY004571,TXN004571,SUCCESS,,1499.0,2026-08-01 18:55:00,0
PAY004572,TXN004572,SUCCESS,,649.0,2026-06-18 06:30:00,0
PAY004573,TXN004573,SUCCESS,,749.0,2026-05-30 17:15:00,0
PAY004574,TXN004574,REFUNDED,,3499.0,2026-08-05 08:57:00,0
PAY004575,TXN004575,SUCCESS,,1999.0,2026-06-13 21:37:00,0
PAY004576,TXN004576,SUCCESS,,649.0,2026-05-05 07:28:00,0
PAY004577,TXN004577,SUCCESS,,1999.0,2026-03-09 17:47:00,0
PAY004578,TXN004578,SUCCESS,,4999.0,2026-07-09 18:00:00,0
PAY004579,TXN004579,SUCCESS,,1999.0,2026-04-18 00:13:00,0
PAY004580,TXN004580,SUCCESS,,749.0,2026-04-01 06:01:00,0
PAY004581,TXN004581,SUCCESS,,799.0,2026-08-14 05:27:00,0
PAY004582,TXN004582,SUCCESS,,999.0,2026-08-22 16:11:00,0
PAY004583,TXN004583,SUCCESS,,2999.0,2026-05-10 16:37:00,0
PAY004584,TXN004584,SUCCESS,,749.0,2026-04-08 22:51:00,0
PAY004585,TXN004585,SUCCESS,,2899.0,2026-05-10 09:18:00,0
PAY004586,TXN004586,SUCCESS,,1299.0,2026-06-01 08:52:00,0
PAY004587,TXN004587,SUCCESS,,699.0,2026-05-18 18:03:00,0
PAY004588,TXN004588,SUCCESS,,2899.0,2026-07-03 05:17:00,0
PAY004589,TXN004589,SUCCESS,,1199.0,2026-07-06 16:23:00,0
PAY004590,TXN004590,SUCCESS,,4999.0,2026-05-20 13:04:00,0
PAY004591,TXN004591,FAILED,FRAUD_SUSPECTED,1999.0,2026-04-09 03:15:00,0
PAY004592,TXN004592,SUCCESS,,1799.0,2026-03-17 07:48:00,0
PAY004593,TXN004593,SUCCESS,,649.0,2026-07-26 16:41:00,0
PAY004594,TXN004594,FAILED,USER_ABORTED,999.0,2026-08-19 10:10:00,0
PAY004595,TXN004595,FAILED,CARD_EXPIRED,3899.0,2026-06-06 02:26:00,0
PAY004596,TXN004596,SUCCESS,,3499.0,2026-04-04 15:12:00,0
PAY004597,TXN004597,FAILED,INSUFFICIENT_FUNDS,1899.0,2026-07-20 00:38:00,0
PAY004598,TXN004598,REFUNDED,,1299.0,2026-05-09 22:12:00,0
PAY004599,TXN004599,FAILED,FRAUD_SUSPECTED,649.0,2026-08-23 20:25:00,0
PAY004600,TXN004600,SUCCESS,,1999.0,2026-08-23 14:49:00,0
PAY004601,TXN004601,FAILED,INSUFFICIENT_FUNDS,1199.0,2026-07-19 08:45:00,0
PAY004602,TXN004602,SUCCESS,,2499.0,2026-03-24 13:03:00,0
PAY004603,TXN004603,SUCCESS,,1499.0,2026-04-01 17:18:00,0
PAY004604,TXN004604,SUCCESS,,849.0,2026-04-30 06:02:00,0
PAY004605,TXN004605,SUCCESS,,2499.0,2026-06-28 06:09:00,0
PAY004606,TXN004606,SUCCESS,,2899.0,2026-04-06 08:30:00,0
PAY004607,TXN004607,SUCCESS,,899.0,2026-08-01 23:00:00,0
PAY004608,TXN004608,SUCCESS,,3899.0,2026-04-24 11:30:00,0
PAY004609,TXN004609,SUCCESS,,699.0,2026-07-16 19:29:00,0
PAY004610,TXN004610,SUCCESS,,4999.0,2026-07-24 14:50:00,0
PAY004611,TXN004611,SUCCESS,,2499.0,2026-04-28 00:41:00,0
PAY004612,TXN004612,SUCCESS,,1899.0,2026-04-17 20:21:00,0
PAY004613,TXN004613,SUCCESS,,699.0,2026-06-23 23:34:00,0
PAY004614,TXN004614,SUCCESS,,4999.0,2026-08-06 00:50:00,0
PAY004615,TXN004615,SUCCESS,,1899.0,2026-06-22 06:08:00,0
PAY004616,TXN004616,SUCCESS,,699.0,2026-04-29 18:02:00,0
PAY004617,TXN004617,SUCCESS,,1499.0,2026-07-11 11:24:00,0
PAY004618,TXN004618,SUCCESS,,1199.0,2026-07-01 13:25:00,0
PAY004619,TXN004619,SUCCESS,,4999.0,2026-05-14 10:10:00,0
PAY004620,TXN004620,SUCCESS,,1699.0,2026-07-23 04:52:00,0
PAY004621,TXN004621,SUCCESS,,3899.0,2026-06-04 19:15:00,0
PAY004622,TXN004622,SUCCESS,,3499.0,2026-05-30 10:14:00,0
PAY004623,TXN004623,SUCCESS,,999.0,2026-03-13 07:59:00,0
PAY004624,TXN004624,SUCCESS,,1199.0,2026-08-20 08:06:00,0
PAY004625,TXN004625,FAILED,FRAUD_SUSPECTED,1799.0,2026-07-30 04:46:00,0
PAY004626,TXN004626,SUCCESS,,4999.0,2026-06-23 17:19:00,0
PAY004627,TXN004627,SUCCESS,,649.0,2026-04-24 06:23:00,0
PAY004628,TXN004628,SUCCESS,,1799.0,2026-06-10 08:56:00,0
PAY004629,TXN004629,SUCCESS,,2999.0,2026-08-10 02:22:00,0
PAY004630,TXN004630,SUCCESS,,2999.0,2026-06-06 21:41:00,0
PAY004631,TXN004631,SUCCESS,,899.0,2026-07-16 02:25:00,0
PAY004632,TXN004632,SUCCESS,,799.0,2026-07-21 23:52:00,0
PAY004633,TXN004633,SUCCESS,,3899.0,2026-07-01 13:56:00,0
PAY004634,TXN004634,SUCCESS,,999.0,2026-05-08 04:12:00,0
PAY004635,TXN004635,SUCCESS,,2999.0,2026-05-01 06:04:00,0
PAY004636,TXN004636,SUCCESS,,899.0,2026-07-11 15:04:00,0
PAY004637,TXN004637,SUCCESS,,2999.0,2026-04-20 20:50:00,0
PAY004638,TXN004638,SUCCESS,,999.0,2026-08-03 01:03:00,0
PAY004639,TXN004639,SUCCESS,,1299.0,2026-04-20 14:19:00,0
PAY004640,TXN004640,SUCCESS,,749.0,2026-08-19 04:43:00,0
PAY004641,TXN004641,SUCCESS,,899.0,2026-07-30 02:30:00,0
PAY004642,TXN004642,SUCCESS,,4999.0,2026-08-18 17:42:00,0
PAY004643,TXN004643,SUCCESS,,1799.0,2026-04-30 04:30:00,0
PAY004644,TXN004644,SUCCESS,,1999.0,2026-05-25 13:11:00,0
PAY004645,TXN004645,SUCCESS,,1799.0,2026-06-25 16:51:00,0
PAY004646,TXN004646,SUCCESS,,1699.0,2026-07-03 10:22:00,0
PAY004647,TXN004647,SUCCESS,,699.0,2026-08-05 14:39:00,0
PAY004648,TXN004648,SUCCESS,,3499.0,2026-05-06 06:08:00,0
PAY004649,TXN004649,SUCCESS,,1899.0,2026-04-28 01:34:00,0
PAY004650,TXN004650,FAILED,CARD_EXPIRED,4999.0,2026-03-22 09:27:00,0
PAY004651,TXN004651,SUCCESS,,649.0,2026-03-27 19:13:00,0
PAY004652,TXN004652,SUCCESS,,2899.0,2026-04-05 18:20:00,0
PAY004653,TXN004653,SUCCESS,,649.0,2026-03-26 22:17:00,0
PAY004654,TXN004654,SUCCESS,,999.0,2026-08-10 00:45:00,0
PAY004655,TXN004655,SUCCESS,,2899.0,2026-05-13 06:13:00,0
PAY004656,TXN004656,SUCCESS,,1999.0,2026-06-09 11:58:00,0
PAY004657,TXN004657,SUCCESS,,4999.0,2026-04-06 10:15:00,0
PAY004658,TXN004658,SUCCESS,,2999.0,2026-05-19 09:05:00,0
PAY004659,TXN004659,SUCCESS,,2999.0,2026-04-24 20:45:00,0
PAY004660,TXN004660,SUCCESS,,1899.0,2026-03-16 10:15:00,0
PAY004661,TXN004661,SUCCESS,,3499.0,2026-05-20 16:29:00,0
PAY004662,TXN004662,SUCCESS,,699.0,2026-05-12 21:37:00,0
PAY004663,TXN004663,SUCCESS,,1299.0,2026-03-25 05:41:00,0
PAY004664,TXN004664,SUCCESS,,749.0,2026-08-27 03:40:00,0
PAY004665,TXN004665,SUCCESS,,749.0,2026-07-15 13:38:00,0
PAY004666,TXN004666,SUCCESS,,1299.0,2026-06-06 21:48:00,0
PAY004667,TXN004667,SUCCESS,,3499.0,2026-07-06 04:59:00,0
PAY004668,TXN004668,REFUNDED,,1299.0,2026-03-22 14:47:00,0
PAY004669,TXN004669,SUCCESS,,899.0,2026-08-06 06:51:00,0
PAY004670,TXN004670,SUCCESS,,4999.0,2026-03-21 17:26:00,0
PAY004671,TXN004671,SUCCESS,,2899.0,2026-08-17 04:46:00,0
PAY004672,TXN004672,SUCCESS,,1999.0,2026-08-19 07:45:00,0
PAY004673,TXN004673,SUCCESS,,4999.0,2026-04-28 13:55:00,0
PAY004674,TXN004674,SUCCESS,,999.0,2026-08-17 17:43:00,0
PAY004675,TXN004675,SUCCESS,,1199.0,2026-07-23 15:08:00,0
PAY004676,TXN004676,SUCCESS,,1999.0,2026-06-14 09:55:00,0
PAY004677,TXN004677,SUCCESS,,1799.0,2026-08-09 07:40:00,0
PAY004678,TXN004678,SUCCESS,,999.0,2026-04-21 09:23:00,0
PAY004679,TXN004679,SUCCESS,,1799.0,2026-08-26 00:15:00,0
PAY004680,TXN004680,SUCCESS,,1699.0,2026-06-27 09:21:00,0
PAY004681,TXN004681,SUCCESS,,999.0,2026-06-12 00:29:00,0
PAY004682,TXN004682,SUCCESS,,799.0,2026-07-03 06:28:00,0
PAY004683,TXN004683,SUCCESS,,799.0,2026-06-30 11:07:00,0
PAY004684,TXN004684,SUCCESS,,1199.0,2026-08-11 14:18:00,0
PAY004685,TXN004685,SUCCESS,,799.0,2026-07-02 01:52:00,0
PAY004686,TXN004686,SUCCESS,,799.0,2026-08-13 01:58:00,0
PAY004687,TXN004687,SUCCESS,,3899.0,2026-03-15 23:28:00,0
PAY004688,TXN004688,SUCCESS,,1699.0,2026-05-08 21:04:00,0
PAY004689,TXN004689,SUCCESS,,799.0,2026-08-24 19:58:00,0
PAY004690,TXN004690,SUCCESS,,699.0,2026-08-11 02:12:00,0
PAY004691,TXN004691,SUCCESS,,699.0,2026-07-06 16:51:00,0
PAY004692,TXN004692,SUCCESS,,3899.0,2026-08-05 18:22:00,0
PAY004693,TXN004693,SUCCESS,,1999.0,2026-03-16 08:36:00,0
PAY004694,TXN004694,SUCCESS,,799.0,2026-04-22 20:15:00,0
PAY004695,TXN004695,SUCCESS,,1799.0,2026-05-15 16:58:00,0
PAY004696,TXN004696,SUCCESS,,749.0,2026-05-26 01:35:00,0
PAY004697,TXN004697,SUCCESS,,1999.0,2026-05-01 06:27:00,0
PAY004698,TXN004698,SUCCESS,,999.0,2026-07-22 11:14:00,0
PAY004699,TXN004699,SUCCESS,,899.0,2026-05-09 07:20:00,0
PAY004700,TXN004700,SUCCESS,,899.0,2026-08-26 21:27:00,0
PAY004701,TXN004701,SUCCESS,,4999.0,2026-04-17 04:57:00,0
PAY004702,TXN004702,SUCCESS,,849.0,2026-03-30 17:20:00,0
PAY004703,TXN004703,SUCCESS,,1899.0,2026-06-04 02:22:00,0
PAY004704,TXN004704,SUCCESS,,2499.0,2026-06-25 23:30:00,0
PAY004705,TXN004705,SUCCESS,,1999.0,2026-04-18 19:14:00,0
PAY004706,TXN004706,SUCCESS,,3899.0,2026-06-05 20:03:00,0
PAY004707,TXN004707,SUCCESS,,799.0,2026-08-20 00:18:00,0
PAY004708,TXN004708,SUCCESS,,1499.0,2026-06-15 04:01:00,0
PAY004709,TXN004709,SUCCESS,,2999.0,2026-07-08 17:01:00,0
PAY004710,TXN004710,SUCCESS,,1799.0,2026-04-18 00:33:00,0
PAY004711,TXN004711,SUCCESS,,999.0,2026-04-30 20:10:00,0
PAY004712,TXN004712,SUCCESS,,1999.0,2026-04-26 13:25:00,0
PAY004713,TXN004713,SUCCESS,,799.0,2026-08-04 00:42:00,0
PAY004714,TXN004714,FAILED,USER_ABORTED,3499.0,2026-07-26 03:18:00,0
PAY004715,TXN004715,SUCCESS,,649.0,2026-08-24 14:57:00,0
PAY004716,TXN004716,SUCCESS,,849.0,2026-08-21 14:24:00,0
PAY004717,TXN004717,SUCCESS,,749.0,2026-04-26 23:20:00,0
PAY004718,TXN004718,SUCCESS,,1199.0,2026-06-12 23:54:00,0
PAY004719,TXN004719,SUCCESS,,899.0,2026-06-28 19:46:00,0
PAY004720,TXN004720,SUCCESS,,749.0,2026-08-11 02:46:00,0
PAY004721,TXN004721,SUCCESS,,1299.0,2026-08-26 20:16:00,0
PAY004722,TXN004722,SUCCESS,,749.0,2026-04-08 15:34:00,0
PAY004723,TXN004723,SUCCESS,,1999.0,2026-07-22 19:21:00,0
PAY004724,TXN004724,SUCCESS,,849.0,2026-03-28 23:50:00,0
PAY004725,TXN004725,SUCCESS,,649.0,2026-03-22 23:57:00,0
PAY004726,TXN004726,SUCCESS,,1199.0,2026-07-05 02:58:00,0
PAY004727,TXN004727,SUCCESS,,3499.0,2026-07-15 00:55:00,0
PAY004728,TXN004728,SUCCESS,,699.0,2026-06-25 08:01:00,0
PAY004729,TXN004729,SUCCESS,,849.0,2026-08-28 01:56:00,0
PAY004730,TXN004730,SUCCESS,,3899.0,2026-08-02 06:47:00,0
PAY004731,TXN004731,SUCCESS,,899.0,2026-06-21 20:20:00,0
PAY004732,TXN004732,SUCCESS,,1499.0,2026-05-17 09:40:00,0
PAY004733,TXN004733,SUCCESS,,3899.0,2026-06-20 02:41:00,0
PAY004734,TXN004734,SUCCESS,,1899.0,2026-03-06 18:51:00,0
PAY004735,TXN004735,SUCCESS,,1499.0,2026-08-13 04:05:00,0
PAY004736,TXN004736,SUCCESS,,1799.0,2026-08-21 04:56:00,0
PAY004737,TXN004737,SUCCESS,,3899.0,2026-08-22 13:51:00,0
PAY004738,TXN004738,SUCCESS,,3499.0,2026-06-25 08:22:00,0
PAY004739,TXN004739,FAILED,INSUFFICIENT_FUNDS,4999.0,2026-05-25 09:59:00,0
PAY004740,TXN004740,SUCCESS,,849.0,2026-04-07 12:53:00,0
PAY004741,TXN004741,SUCCESS,,1699.0,2026-07-29 12:40:00,0
PAY004742,TXN004742,SUCCESS,,1699.0,2026-07-26 02:14:00,0
PAY004743,TXN004743,SUCCESS,,1499.0,2026-06-18 09:58:00,0
PAY004744,TXN004744,SUCCESS,,1499.0,2026-08-13 19:54:00,0
PAY004745,TXN004745,REFUNDED,,3899.0,2026-03-22 08:41:00,0
PAY004746,TXN004746,SUCCESS,,2499.0,2026-03-05 13:46:00,0
PAY004747,TXN004747,SUCCESS,,749.0,2026-03-13 11:41:00,0
PAY004748,TXN004748,SUCCESS,,799.0,2026-08-30 17:13:00,0
PAY004749,TXN004749,SUCCESS,,1999.0,2026-05-07 08:42:00,0
PAY004750,TXN004750,SUCCESS,,1499.0,2026-08-14 11:48:00,0
PAY004751,TXN004751,SUCCESS,,1999.0,2026-06-23 01:30:00,0
PAY004752,TXN004752,SUCCESS,,649.0,2026-03-14 20:22:00,0
PAY004753,TXN004753,FAILED,USER_ABORTED,1899.0,2026-08-25 04:47:00,0
PAY004754,TXN004754,SUCCESS,,1699.0,2026-03-23 17:21:00,0
PAY004755,TXN004755,SUCCESS,,1699.0,2026-07-04 04:22:00,0
PAY004756,TXN004756,SUCCESS,,1699.0,2026-06-19 09:49:00,0
PAY004757,TXN004757,SUCCESS,,2499.0,2026-08-29 23:59:00,0
PAY004758,TXN004758,SUCCESS,,2999.0,2026-06-03 04:56:00,0
PAY004759,TXN004759,SUCCESS,,999.0,2026-05-22 04:55:00,0
PAY004760,TXN004760,SUCCESS,,3899.0,2026-03-29 23:19:00,0
PAY004761,TXN004761,FAILED,INSUFFICIENT_FUNDS,2899.0,2026-06-10 04:35:00,0
PAY004762,TXN004762,SUCCESS,,1899.0,2026-05-11 02:27:00,0
PAY004763,TXN004763,SUCCESS,,3899.0,2026-05-26 15:20:00,0
PAY004764,TXN004764,SUCCESS,,849.0,2026-06-27 19:56:00,0
PAY004765,TXN004765,SUCCESS,,1999.0,2026-08-04 11:57:00,0
PAY004766,TXN004766,SUCCESS,,4999.0,2026-08-12 21:29:00,0
PAY004767,TXN004767,SUCCESS,,999.0,2026-06-11 17:02:00,0
PAY004768,TXN004768,SUCCESS,,699.0,2026-05-09 19:54:00,0
PAY004769,TXN004769,SUCCESS,,3499.0,2026-04-06 13:12:00,0
PAY004770,TXN004770,SUCCESS,,1899.0,2026-03-27 11:50:00,0
PAY004771,TXN004771,SUCCESS,,2499.0,2026-06-01 01:06:00,0
PAY004772,TXN004772,SUCCESS,,1299.0,2026-07-02 14:18:00,0
PAY004773,TXN004773,SUCCESS,,799.0,2026-03-05 01:37:00,0
PAY004774,TXN004774,SUCCESS,,999.0,2026-03-10 11:08:00,0
PAY004775,TXN004775,SUCCESS,,4999.0,2026-08-17 02:21:00,0
PAY004776,TXN004776,SUCCESS,,1999.0,2026-03-23 23:38:00,0
PAY004777,TXN004777,SUCCESS,,1699.0,2026-04-30 15:07:00,0
PAY004778,TXN004778,FAILED,USER_ABORTED,1499.0,2026-04-08 02:12:00,0
PAY004779,TXN004779,SUCCESS,,999.0,2026-07-24 05:10:00,0
PAY004780,TXN004780,SUCCESS,,849.0,2026-05-27 01:18:00,0
PAY004781,TXN004781,SUCCESS,,999.0,2026-03-15 23:25:00,0
PAY004782,TXN004782,SUCCESS,,2499.0,2026-07-01 03:24:00,0
PAY004783,TXN004783,SUCCESS,,999.0,2026-03-28 23:32:00,0
PAY004784,TXN004784,SUCCESS,,1799.0,2026-04-09 15:54:00,0
PAY004785,TXN004785,SUCCESS,,2999.0,2026-03-29 07:53:00,0
PAY004786,TXN004786,SUCCESS,,649.0,2026-08-24 23:16:00,0
PAY004787,TXN004787,SUCCESS,,1799.0,2026-06-24 23:41:00,0
PAY004788,TXN004788,SUCCESS,,1699.0,2026-05-09 11:54:00,0
PAY004789,TXN004789,SUCCESS,,649.0,2026-05-30 21:00:00,0
PAY004790,TXN004790,SUCCESS,,1299.0,2026-06-27 14:52:00,0
PAY004791,TXN004791,SUCCESS,,3899.0,2026-05-21 23:13:00,0
PAY004792,TXN004792,SUCCESS,,1199.0,2026-03-29 15:57:00,0
PAY004793,TXN004793,SUCCESS,,1999.0,2026-08-18 11:57:00,0
PAY004794,TXN004794,SUCCESS,,3499.0,2026-03-13 12:57:00,0
PAY004795,TXN004795,SUCCESS,,799.0,2026-08-12 17:31:00,0
PAY004796,TXN004796,SUCCESS,,1699.0,2026-03-23 19:55:00,0
PAY004797,TXN004797,SUCCESS,,4999.0,2026-08-18 14:13:00,0
PAY004798,TXN004798,SUCCESS,,1499.0,2026-04-18 02:18:00,0
PAY004799,TXN004799,SUCCESS,,699.0,2026-03-09 14:04:00,0
PAY004800,TXN004800,SUCCESS,,1999.0,2026-05-01 07:48:00,0
PAY004801,TXN004801,SUCCESS,,1899.0,2026-03-14 03:27:00,0
PAY004802,TXN004802,SUCCESS,,2999.0,2026-03-24 04:20:00,0
PAY004803,TXN004803,SUCCESS,,1799.0,2026-06-10 12:34:00,0
PAY004804,TXN004804,SUCCESS,,849.0,2026-04-13 07:04:00,0
PAY004805,TXN004805,SUCCESS,,2499.0,2026-04-18 12:35:00,0
PAY004806,TXN004806,SUCCESS,,2499.0,2026-03-20 15:20:00,0
PAY004807,TXN004807,SUCCESS,,1199.0,2026-07-13 22:44:00,0
PAY004808,TXN004808,FAILED,INSUFFICIENT_FUNDS,1699.0,2026-06-30 22:28:00,0
PAY004809,TXN004809,SUCCESS,,2999.0,2026-05-12 04:00:00,0
PAY004810,TXN004810,SUCCESS,,749.0,2026-03-14 09:15:00,0
PAY004811,TXN004811,SUCCESS,,649.0,2026-07-26 18:51:00,0
PAY004812,TXN004812,SUCCESS,,2999.0,2026-08-05 06:36:00,0
PAY004813,TXN004813,SUCCESS,,1899.0,2026-03-29 16:24:00,0
PAY004814,TXN004814,SUCCESS,,2899.0,2026-06-12 06:02:00,0
PAY004815,TXN004815,SUCCESS,,899.0,2026-03-08 19:43:00,0
PAY004816,TXN004816,REFUNDED,,799.0,2026-04-14 22:28:00,0
PAY004817,TXN004817,SUCCESS,,2499.0,2026-06-13 04:46:00,0
PAY004818,TXN004818,SUCCESS,,849.0,2026-08-25 01:25:00,0
PAY004819,TXN004819,SUCCESS,,649.0,2026-03-05 00:22:00,0
PAY004820,TXN004820,SUCCESS,,1999.0,2026-03-06 06:11:00,0
PAY004821,TXN004821,SUCCESS,,699.0,2026-07-19 00:24:00,0
PAY004822,TXN004822,SUCCESS,,1899.0,2026-05-24 04:31:00,0
PAY004823,TXN004823,SUCCESS,,1999.0,2026-05-21 12:59:00,0
PAY004824,TXN004824,SUCCESS,,899.0,2026-08-12 18:10:00,0
PAY004825,TXN004825,SUCCESS,,1699.0,2026-04-02 17:29:00,0
PAY004826,TXN004826,SUCCESS,,749.0,2026-07-11 16:07:00,0
PAY004827,TXN004827,SUCCESS,,649.0,2026-06-04 09:24:00,0
PAY004828,TXN004828,SUCCESS,,2999.0,2026-06-23 14:55:00,0
PAY004829,TXN004829,SUCCESS,,1999.0,2026-05-07 11:47:00,0
PAY004830,TXN004830,SUCCESS,,1799.0,2026-05-22 15:31:00,0
PAY004831,TXN004831,SUCCESS,,1799.0,2026-04-11 02:14:00,0
PAY004832,TXN004832,SUCCESS,,4999.0,2026-04-14 10:37:00,0
PAY004833,TXN004833,SUCCESS,,849.0,2026-03-05 07:24:00,0
PAY004834,TXN004834,FAILED,CARD_EXPIRED,3899.0,2026-07-26 19:31:00,0
PAY004835,TXN004835,SUCCESS,,3499.0,2026-08-20 20:17:00,0
PAY004836,TXN004836,REFUNDED,,2899.0,2026-03-21 21:46:00,0
PAY004837,TXN004837,SUCCESS,,899.0,2026-04-14 00:51:00,0
PAY004838,TXN004838,SUCCESS,,2499.0,2026-03-26 21:06:00,0
PAY004839,TXN004839,SUCCESS,,999.0,2026-06-27 14:56:00,0
PAY004840,TXN004840,SUCCESS,,1699.0,2026-03-05 22:12:00,0
PAY004841,TXN004841,SUCCESS,,2499.0,2026-07-21 16:14:00,0
PAY004842,TXN004842,SUCCESS,,4999.0,2026-08-27 00:04:00,0
PAY004843,TXN004843,SUCCESS,,899.0,2026-03-07 18:11:00,0
PAY004844,TXN004844,SUCCESS,,2899.0,2026-07-08 13:57:00,0
PAY004845,TXN004845,SUCCESS,,1199.0,2026-07-29 04:40:00,0
PAY004846,TXN004846,SUCCESS,,1299.0,2026-08-30 13:03:00,0
PAY004847,TXN004847,SUCCESS,,1899.0,2026-07-11 21:39:00,0
PAY004848,TXN004848,SUCCESS,,749.0,2026-07-25 18:59:00,0
PAY004849,TXN004849,SUCCESS,,1999.0,2026-07-06 08:33:00,0
PAY004850,TXN004850,SUCCESS,,1999.0,2026-04-10 20:14:00,0
PAY004851,TXN004851,SUCCESS,,4999.0,2026-06-27 00:43:00,0
PAY004852,TXN004852,SUCCESS,,1999.0,2026-08-05 22:35:00,0
PAY004853,TXN004853,SUCCESS,,3899.0,2026-06-19 02:10:00,0
PAY004854,TXN004854,SUCCESS,,649.0,2026-03-17 08:29:00,0
PAY004855,TXN004855,SUCCESS,,799.0,2026-03-07 06:27:00,0
PAY004856,TXN004856,SUCCESS,,3499.0,2026-06-01 11:40:00,0
PAY004857,TXN004857,SUCCESS,,799.0,2026-03-26 17:15:00,0
PAY004858,TXN004858,SUCCESS,,1499.0,2026-07-31 01:07:00,0
PAY004859,TXN004859,REFUNDED,,1299.0,2026-03-06 06:52:00,0
PAY004860,TXN004860,REFUNDED,,699.0,2026-06-08 19:07:00,0
PAY004861,TXN004861,SUCCESS,,2999.0,2026-03-22 02:45:00,0
PAY004862,TXN004862,SUCCESS,,899.0,2026-04-25 23:49:00,0
PAY004863,TXN004863,SUCCESS,,1499.0,2026-04-01 00:58:00,0
PAY004864,TXN004864,SUCCESS,,649.0,2026-07-22 01:40:00,0
PAY004865,TXN004865,SUCCESS,,2999.0,2026-05-08 13:26:00,0
PAY004866,TXN004866,SUCCESS,,1299.0,2026-08-09 21:43:00,0
PAY004867,TXN004867,SUCCESS,,4999.0,2026-06-27 00:09:00,0
PAY004868,TXN004868,SUCCESS,,4999.0,2026-04-01 20:53:00,0
PAY004869,TXN004869,SUCCESS,,899.0,2026-07-29 06:22:00,0
PAY004870,TXN004870,SUCCESS,,649.0,2026-03-07 02:18:00,0
PAY004871,TXN004871,SUCCESS,,699.0,2026-06-08 12:10:00,0
PAY004872,TXN004872,SUCCESS,,2999.0,2026-04-26 16:22:00,0
PAY004873,TXN004873,SUCCESS,,1499.0,2026-05-08 17:09:00,0
PAY004874,TXN004874,SUCCESS,,649.0,2026-05-03 22:51:00,0
PAY004875,TXN004875,REFUNDED,,3499.0,2026-08-09 00:00:00,0
PAY004876,TXN004876,SUCCESS,,1799.0,2026-04-17 17:31:00,0
PAY004877,TXN004877,SUCCESS,,3499.0,2026-06-02 14:01:00,0
PAY004878,TXN004878,SUCCESS,,1499.0,2026-07-10 23:15:00,0
PAY004879,TXN004879,SUCCESS,,4999.0,2026-04-22 05:43:00,0
PAY004880,TXN004880,SUCCESS,,1199.0,2026-03-12 19:20:00,0
PAY004881,TXN004881,SUCCESS,,1299.0,2026-08-29 14:02:00,0
PAY004882,TXN004882,SUCCESS,,3499.0,2026-06-28 12:07:00,0
PAY004883,TXN004883,FAILED,USER_ABORTED,749.0,2026-04-01 07:31:00,0
PAY004884,TXN004884,SUCCESS,,1999.0,2026-08-19 04:47:00,0
PAY004885,TXN004885,SUCCESS,,849.0,2026-03-11 00:04:00,0
PAY004886,TXN004886,SUCCESS,,3899.0,2026-03-26 19:35:00,0
PAY004887,TXN004887,SUCCESS,,1899.0,2026-07-01 17:31:00,0
PAY004888,TXN004888,SUCCESS,,749.0,2026-08-28 16:00:00,0
PAY004889,TXN004889,SUCCESS,,1699.0,2026-04-03 16:06:00,0
PAY004890,TXN004890,SUCCESS,,899.0,2026-06-22 01:31:00,0
PAY004891,TXN004891,SUCCESS,,899.0,2026-06-22 08:06:00,0
PAY004892,TXN004892,FAILED,USER_ABORTED,2899.0,2026-05-14 07:36:00,0
PAY004893,TXN004893,SUCCESS,,1299.0,2026-06-15 21:07:00,0
PAY004894,TXN004894,SUCCESS,,1999.0,2026-08-23 12:44:00,0
PAY004895,TXN004895,SUCCESS,,849.0,2026-07-08 16:27:00,0
PAY004896,TXN004896,SUCCESS,,749.0,2026-08-17 21:09:00,0
PAY004897,TXN004897,SUCCESS,,799.0,2026-05-29 19:06:00,0
PAY004898,TXN004898,SUCCESS,,999.0,2026-06-07 22:18:00,0
PAY004899,TXN004899,SUCCESS,,999.0,2026-04-19 02:08:00,0
PAY004900,TXN004900,SUCCESS,,999.0,2026-03-07 05:57:00,0
PAY004901,TXN004901,SUCCESS,,2999.0,2026-05-03 23:54:00,0
PAY004902,TXN004902,SUCCESS,,1499.0,2026-06-11 14:59:00,0
PAY004903,TXN004903,SUCCESS,,3899.0,2026-07-06 23:23:00,0
PAY004904,TXN004904,SUCCESS,,849.0,2026-06-10 03:00:00,0
PAY004905,TXN004905,SUCCESS,,749.0,2026-03-30 01:52:00,0
PAY004906,TXN004906,FAILED,FRAUD_SUSPECTED,699.0,2026-07-15 04:55:00,0
PAY004907,TXN004907,SUCCESS,,1499.0,2026-07-21 21:45:00,0
PAY004908,TXN004908,SUCCESS,,3499.0,2026-06-19 16:32:00,0
PAY004909,TXN004909,SUCCESS,,1499.0,2026-07-27 07:45:00,0
PAY004910,TXN004910,SUCCESS,,799.0,2026-03-28 01:04:00,0
PAY004911,TXN004911,REFUNDED,,649.0,2026-05-29 00:16:00,0
PAY004912,TXN004912,SUCCESS,,1199.0,2026-08-22 10:34:00,0
PAY004913,TXN004913,SUCCESS,,799.0,2026-06-13 03:01:00,0
PAY004914,TXN004914,SUCCESS,,999.0,2026-05-23 08:11:00,0
PAY004915,TXN004915,SUCCESS,,1699.0,2026-08-07 15:51:00,0
PAY004916,TXN004916,SUCCESS,,4999.0,2026-05-16 01:59:00,0
PAY004917,TXN004917,SUCCESS,,1199.0,2026-07-19 07:02:00,0
PAY004918,TXN004918,SUCCESS,,4999.0,2026-05-29 23:42:00,0
PAY004919,TXN004919,SUCCESS,,1299.0,2026-03-13 11:01:00,0
PAY004920,TXN004920,SUCCESS,,649.0,2026-04-05 01:57:00,0
PAY004921,TXN004921,SUCCESS,,649.0,2026-05-14 11:29:00,0
PAY004922,TXN004922,SUCCESS,,899.0,2026-07-07 04:19:00,0
PAY004923,TXN004923,SUCCESS,,749.0,2026-03-31 10:44:00,0
PAY004924,TXN004924,SUCCESS,,849.0,2026-07-16 13:13:00,0
PAY004925,TXN004925,SUCCESS,,1199.0,2026-05-14 17:59:00,0
PAY004926,TXN004926,SUCCESS,,699.0,2026-04-08 21:37:00,0
PAY004927,TXN004927,FAILED,FRAUD_SUSPECTED,3499.0,2026-05-05 16:58:00,0
PAY004928,TXN004928,SUCCESS,,2499.0,2026-06-04 14:54:00,0
PAY004929,TXN004929,SUCCESS,,1499.0,2026-06-28 02:21:00,0
PAY004930,TXN004930,SUCCESS,,2899.0,2026-08-01 23:49:00,0
PAY004931,TXN004931,SUCCESS,,1299.0,2026-03-09 04:23:00,0
PAY004932,TXN004932,SUCCESS,,1699.0,2026-07-21 17:02:00,0
PAY004933,TXN004933,SUCCESS,,3499.0,2026-08-31 01:46:00,0
PAY004934,TXN004934,SUCCESS,,799.0,2026-08-21 10:03:00,0
PAY004935,TXN004935,SUCCESS,,1299.0,2026-03-16 21:32:00,0
PAY004936,TXN004936,SUCCESS,,699.0,2026-06-12 02:21:00,0
PAY004937,TXN004937,SUCCESS,,3899.0,2026-05-10 06:03:00,0
PAY004938,TXN004938,SUCCESS,,1499.0,2026-07-24 06:16:00,0
PAY004939,TXN004939,SUCCESS,,4999.0,2026-08-11 06:34:00,0
PAY004940,TXN004940,SUCCESS,,899.0,2026-06-25 22:15:00,0
PAY004941,TXN004941,SUCCESS,,1199.0,2026-06-22 20:34:00,0
PAY004942,TXN004942,SUCCESS,,4999.0,2026-03-18 22:04:00,0
PAY004943,TXN004943,SUCCESS,,1899.0,2026-06-05 06:37:00,0
PAY004944,TXN004944,SUCCESS,,1899.0,2026-05-02 20:25:00,0
PAY004945,TXN004945,SUCCESS,,4999.0,2026-03-05 13:22:00,0
PAY004946,TXN004946,SUCCESS,,2999.0,2026-08-17 22:55:00,0
PAY004947,TXN004947,SUCCESS,,1699.0,2026-05-07 07:26:00,0
PAY004948,TXN004948,SUCCESS,,1699.0,2026-07-27 19:10:00,0
PAY004949,TXN004949,SUCCESS,,2499.0,2026-03-19 23:44:00,0
PAY004950,TXN004950,SUCCESS,,1499.0,2026-04-27 09:19:00,0
PAY004951,TXN004951,SUCCESS,,1999.0,2026-05-21 18:28:00,0
PAY004952,TXN004952,SUCCESS,,1999.0,2026-05-27 02:30:00,0
PAY004953,TXN004953,SUCCESS,,2499.0,2026-07-25 21:23:00,0
PAY004954,TXN004954,SUCCESS,,2899.0,2026-06-25 07:25:00,0
PAY004955,TXN004955,SUCCESS,,1899.0,2026-08-09 23:10:00,0
PAY004956,TXN004956,SUCCESS,,1699.0,2026-04-10 14:44:00,0
PAY004957,TXN004957,SUCCESS,,3499.0,2026-05-03 11:16:00,0
PAY004958,TXN004958,SUCCESS,,999.0,2026-08-05 00:50:00,0
PAY004959,TXN004959,SUCCESS,,699.0,2026-05-03 02:57:00,0
PAY004960,TXN004960,SUCCESS,,3899.0,2026-04-05 00:14:00,0
PAY004961,TXN004961,SUCCESS,,1199.0,2026-03-19 02:34:00,0
PAY004962,TXN004962,FAILED,INSUFFICIENT_FUNDS,2499.0,2026-08-08 10:01:00,0
PAY004963,TXN004963,SUCCESS,,999.0,2026-08-18 08:29:00,0
PAY004964,TXN004964,SUCCESS,,2899.0,2026-08-28 00:57:00,0
PAY004965,TXN004965,SUCCESS,,999.0,2026-07-20 14:12:00,0
PAY004966,TXN004966,SUCCESS,,1699.0,2026-07-18 10:55:00,0
PAY004967,TXN004967,SUCCESS,,999.0,2026-05-29 16:10:00,0
PAY004968,TXN004968,SUCCESS,,649.0,2026-03-21 04:05:00,0
PAY004969,TXN004969,SUCCESS,,2999.0,2026-06-13 03:07:00,0
PAY004970,TXN004970,SUCCESS,,1699.0,2026-06-25 14:19:00,0
PAY004971,TXN004971,SUCCESS,,899.0,2026-08-03 00:11:00,0
PAY004972,TXN004972,SUCCESS,,1799.0,2026-08-08 05:45:00,0
PAY004973,TXN004973,SUCCESS,,1299.0,2026-05-09 22:10:00,0
PAY004974,TXN004974,SUCCESS,,1699.0,2026-05-08 23:26:00,0
PAY004975,TXN004975,SUCCESS,,4999.0,2026-04-18 01:39:00,0
PAY004976,TXN004976,SUCCESS,,2999.0,2026-06-14 16:18:00,0
PAY004977,TXN004977,SUCCESS,,1699.0,2026-05-22 19:28:00,0
PAY004978,TXN004978,SUCCESS,,699.0,2026-04-22 10:47:00,0
PAY004979,TXN004979,SUCCESS,,1999.0,2026-07-19 02:13:00,0
PAY004980,TXN004980,SUCCESS,,1899.0,2026-06-08 11:24:00,0
PAY004981,TXN004981,SUCCESS,,2899.0,2026-06-26 00:12:00,0
PAY004982,TXN004982,SUCCESS,,749.0,2026-08-04 08:03:00,0
PAY004983,TXN004983,SUCCESS,,849.0,2026-05-27 13:05:00,0
PAY004984,TXN004984,SUCCESS,,799.0,2026-04-22 16:25:00,0
PAY004985,TXN004985,SUCCESS,,1299.0,2026-07-20 09:45:00,0
PAY004986,TXN004986,SUCCESS,,849.0,2026-03-14 05:57:00,0
PAY004987,TXN004987,SUCCESS,,1499.0,2026-03-18 03:16:00,0
PAY004988,TXN004988,SUCCESS,,699.0,2026-07-23 07:18:00,0
PAY004989,TXN004989,SUCCESS,,1699.0,2026-04-26 14:01:00,0
PAY004990,TXN004990,SUCCESS,,899.0,2026-04-14 06:08:00,0
PAY004991,TXN004991,FAILED,USER_ABORTED,999.0,2026-04-13 08:15:00,0
PAY004992,TXN004992,SUCCESS,,1899.0,2026-03-28 12:26:00,0
PAY004993,TXN004993,FAILED,FRAUD_SUSPECTED,899.0,2026-07-17 17:45:00,0
PAY004994,TXN004994,SUCCESS,,3899.0,2026-06-27 14:30:00,0
PAY004995,TXN004995,SUCCESS,,1899.0,2026-05-13 09:31:00,0
PAY004996,TXN004996,SUCCESS,,1899.0,2026-06-04 07:21:00,0
PAY004997,TXN004997,SUCCESS,,799.0,2026-03-25 19:27:00,0
PAY004998,TXN004998,SUCCESS,,849.0,2026-05-04 20:39:00,0
PAY004999,TXN004999,SUCCESS,,2999.0,2026-06-17 09:45:00,0
PAY005000,TXN005000,SUCCESS,,1199.0,2026-04-04 13:47:00,0
