transaction_id,customer_id,product_id,amount,timestamp,payment_status,payment_method,refund_status
TXN000001,C0075,P006,2899.0,2026-06-22 05:49:00,SUCCESS,CREDIT_CARD,NONE
TXN000002,C0075,P004,3499.0,2026-05-14 09:33:00,SUCCESS,UPI,NONE
TXN000003,C0075,P009,1899.0,2026-06-15 05:23:00,SUCCESS,DEBIT_CARD,NONE
TXN000004,C0075,P001,4999.0,2026-05-19 20:15:00,SUCCESS,NET_BANKING,NONE
TXN000005,C0075,P002,699.0,2026-06-12 00:22:00,SUCCESS,UPI,NONE
TXN000006,C0075,P020,1699.0,2026-05-23 19:10:00,SUCCESS,UPI,NONE
TXN000007,C0039,P003,2499.0,2026-05-21 18:46:00,SUCCESS,NET_BANKING,NONE
TXN000008,C0039,P017,849.0,2026-06-22 18:50:00,SUCCESS,UPI,NONE
TXN000009,C0039,P018,3899.0,2026-05-11 08:38:00,SUCCESS,UPI,NONE
TXN000010,C0039,P007,1499.0,2026-05-20 00:37:00,SUCCESS,UPI,NONE
TXN000011,C0039,P020,1699.0,2026-04-24 19:25:00,SUCCESS,DEBIT_CARD,NONE
TXN000012,C0078,P004,3499.0,2026-05-17 20:45:00,SUCCESS,DEBIT_CARD,NONE
TXN000013,C0078,P020,1699.0,2026-05-31 09:17:00,SUCCESS,DEBIT_CARD,NONE
TXN000014,C0078,P013,1999.0,2026-06-16 22:44:00,SUCCESS,UPI,NONE
TXN000015,C0074,P001,4999.0,2026-04-25 23:28:00,SUCCESS,CREDIT_CARD,NONE
TXN000016,C0074,P015,2999.0,2026-04-30 09:42:00,SUCCESS,DEBIT_CARD,NONE
TXN000017,C0074,P007,1499.0,2026-05-20 18:55:00,SUCCESS,NET_BANKING,NONE
TXN000018,C0074,P006,2899.0,2026-04-23 18:00:00,SUCCESS,CREDIT_CARD,NONE
TXN000019,C0074,P007,1499.0,2026-06-03 13:33:00,SUCCESS,DEBIT_CARD,NONE
TXN000020,C0015,P018,3899.0,2026-05-06 14:08:00,SUCCESS,NET_BANKING,NONE
TXN000021,C0015,P005,1199.0,2026-06-27 20:15:00,SUCCESS,UPI,NONE
TXN000022,C0015,P003,2499.0,2026-06-22 09:49:00,SUCCESS,CREDIT_CARD,NONE
TXN000023,C0015,P018,3899.0,2026-06-21 16:08:00,SUCCESS,UPI,NONE
TXN000024,C0056,P014,799.0,2026-05-12 20:20:00,SUCCESS,UPI,NONE
TXN000025,C0056,P011,649.0,2026-06-28 22:17:00,SUCCESS,UPI,NONE
TXN000026,C0056,P001,4999.0,2026-06-22 16:58:00,SUCCESS,CREDIT_CARD,NONE
TXN000027,C0056,P003,2499.0,2026-05-16 18:54:00,SUCCESS,UPI,NONE
TXN000028,C0056,P010,899.0,2026-04-15 08:42:00,SUCCESS,CREDIT_CARD,NONE
TXN000029,C0020,P013,1999.0,2026-05-11 13:59:00,SUCCESS,UPI,NONE
TXN000030,C0020,P018,3899.0,2026-06-03 06:13:00,SUCCESS,UPI,NONE
TXN000031,C0020,P018,3899.0,2026-05-24 14:51:00,SUCCESS,UPI,NONE
TXN000032,C0020,P012,1799.0,2026-06-29 17:05:00,SUCCESS,UPI,NONE
TXN000033,C0020,P004,3499.0,2026-06-26 10:24:00,SUCCESS,UPI,NONE
TXN000034,C0020,P018,3899.0,2026-04-22 08:41:00,SUCCESS,UPI,NONE
TXN000035,C0007,P007,1499.0,2026-05-09 14:06:00,SUCCESS,UPI,NONE
TXN000036,C0007,P006,2899.0,2026-06-08 03:21:00,SUCCESS,DEBIT_CARD,NONE
TXN000037,C0007,P007,1499.0,2026-06-17 05:18:00,SUCCESS,CREDIT_CARD,NONE
TXN000038,C0007,P002,699.0,2026-04-21 20:19:00,SUCCESS,UPI,NONE
TXN000039,C0007,P010,899.0,2026-06-23 02:54:00,SUCCESS,UPI,NONE
TXN000040,C0040,P016,999.0,2026-05-19 23:52:00,SUCCESS,CREDIT_CARD,NONE
TXN000041,C0040,P008,1299.0,2026-06-19 01:21:00,SUCCESS,UPI,NONE
TXN000042,C0040,P007,1499.0,2026-05-21 19:32:00,SUCCESS,UPI,NONE
TXN000043,C0040,P010,899.0,2026-04-18 06:24:00,SUCCESS,UPI,NONE
TXN000044,C0040,P011,649.0,2026-05-08 06:00:00,SUCCESS,UPI,NONE
TXN000045,C0040,P008,1299.0,2026-05-07 02:07:00,SUCCESS,UPI,NONE
TXN000046,C0040,P011,649.0,2026-04-30 20:32:00,SUCCESS,UPI,NONE
TXN000047,C0079,P016,999.0,2026-04-22 07:49:00,SUCCESS,CREDIT_CARD,NONE
TXN000048,C0079,P003,2499.0,2026-05-27 06:03:00,SUCCESS,UPI,NONE
TXN000049,C0079,P009,1899.0,2026-06-22 08:03:00,SUCCESS,UPI,NONE
TXN000050,C0079,P017,849.0,2026-06-27 16:23:00,SUCCESS,UPI,NONE
TXN000051,C0079,P019,749.0,2026-06-04 09:25:00,SUCCESS,UPI,NONE
TXN000052,C0033,P016,999.0,2026-06-11 23:35:00,SUCCESS,UPI,NONE
TXN000053,C0033,P019,749.0,2026-05-25 06:31:00,SUCCESS,UPI,NONE
TXN000054,C0033,P003,2499.0,2026-05-11 23:28:00,SUCCESS,UPI,NONE
TXN000055,C0033,P008,1299.0,2026-04-13 13:50:00,SUCCESS,CREDIT_CARD,NONE
TXN000056,C0033,P005,1199.0,2026-05-05 05:49:00,SUCCESS,UPI,NONE
TXN000057,C0033,P019,749.0,2026-06-12 19:38:00,SUCCESS,UPI,NONE
TXN000058,C0033,P016,999.0,2026-06-02 08:44:00,SUCCESS,UPI,NONE
TXN000059,C0016,P007,1499.0,2026-04-25 23:36:00,SUCCESS,UPI,NONE
TXN000060,C0016,P015,2999.0,2026-06-26 09:19:00,SUCCESS,UPI,NONE
TXN000061,C0016,P017,849.0,2026-05-27 02:23:00,SUCCESS,UPI,NONE
TXN000062,C0066,P013,1999.0,2026-05-13 23:23:00,SUCCESS,CREDIT_CARD,NONE
TXN000063,C0066,P003,2499.0,2026-04-26 02:36:00,SUCCESS,WALLET,NONE
TXN000064,C0066,P008,1299.0,2026-04-25 22:38:00,SUCCESS,CREDIT_CARD,NONE
TXN000065,C0066,P012,1799.0,2026-04-29 19:04:00,SUCCESS,UPI,NONE
TXN000066,C0059,P005,1199.0,2026-05-06 05:46:00,SUCCESS,UPI,NONE
TXN000067,C0059,P009,1899.0,2026-06-04 06:49:00,SUCCESS,UPI,NONE
TXN000068,C0059,P020,1699.0,2026-06-15 13:46:00,SUCCESS,UPI,NONE
TXN000069,C0059,P011,649.0,2026-06-16 19:17:00,SUCCESS,UPI,NONE
TXN000070,C0059,P007,1499.0,2026-04-17 05:19:00,SUCCESS,DEBIT_CARD,NONE
TXN000071,C0059,P001,4999.0,2026-05-31 09:52:00,SUCCESS,UPI,NONE
TXN000072,C0059,P006,2899.0,2026-06-13 14:28:00,SUCCESS,UPI,NONE
TXN000073,C0038,P005,1199.0,2026-06-24 05:44:00,SUCCESS,NET_BANKING,NONE
TXN000074,C0038,P017,849.0,2026-05-10 15:24:00,SUCCESS,CREDIT_CARD,NONE
TXN000075,C0038,P010,899.0,2026-06-21 04:32:00,SUCCESS,UPI,NONE
TXN000076,C0038,P016,999.0,2026-05-01 05:46:00,SUCCESS,DEBIT_CARD,NONE
TXN000077,C0038,P020,1699.0,2026-06-12 16:08:00,SUCCESS,CREDIT_CARD,NONE
TXN000078,C0038,P020,1699.0,2026-04-27 02:50:00,SUCCESS,CREDIT_CARD,NONE
TXN000079,C0038,P011,649.0,2026-05-03 15:23:00,SUCCESS,UPI,NONE
TXN000080,C0071,P013,1999.0,2026-06-15 07:59:00,SUCCESS,UPI,NONE
TXN000081,C0071,P017,849.0,2026-05-09 06:22:00,SUCCESS,UPI,NONE
TXN000082,C0071,P016,999.0,2026-04-13 15:58:00,SUCCESS,DEBIT_CARD,NONE
TXN000083,C0071,P018,3899.0,2026-04-28 07:55:00,SUCCESS,UPI,NONE
TXN000084,C0071,P005,1199.0,2026-04-14 17:08:00,SUCCESS,UPI,NONE
TXN000085,C0071,P014,799.0,2026-04-25 21:37:00,SUCCESS,DEBIT_CARD,NONE
TXN000086,C0083,P014,799.0,2026-06-01 19:10:00,SUCCESS,CREDIT_CARD,NONE
TXN000087,C0083,P012,1799.0,2026-04-16 12:24:00,SUCCESS,UPI,NONE
TXN000088,C0083,P005,1199.0,2026-05-29 19:11:00,SUCCESS,UPI,NONE
TXN000089,C0083,P003,2499.0,2026-05-25 15:04:00,SUCCESS,UPI,NONE
TXN000090,C0083,P009,1899.0,2026-06-07 10:15:00,SUCCESS,CREDIT_CARD,NONE
TXN000091,C0083,P001,4999.0,2026-04-18 18:53:00,SUCCESS,UPI,NONE
TXN000092,C0083,P013,1999.0,2026-06-04 12:09:00,SUCCESS,UPI,NONE
TXN000093,C0035,P004,3499.0,2026-06-11 21:19:00,SUCCESS,UPI,NONE
TXN000094,C0035,P009,1899.0,2026-04-23 21:24:00,SUCCESS,UPI,NONE
TXN000095,C0035,P009,1899.0,2026-05-12 04:34:00,SUCCESS,UPI,NONE
TXN000096,C0035,P018,3899.0,2026-05-01 05:37:00,SUCCESS,UPI,NONE
TXN000097,C0035,P016,999.0,2026-05-30 01:24:00,SUCCESS,UPI,NONE
TXN000098,C0063,P005,1199.0,2026-06-16 03:32:00,SUCCESS,CREDIT_CARD,NONE
TXN000099,C0063,P006,2899.0,2026-06-19 04:28:00,SUCCESS,UPI,NONE
TXN000100,C0063,P011,649.0,2026-04-21 15:16:00,SUCCESS,CREDIT_CARD,NONE
TXN000101,C0063,P002,699.0,2026-06-10 22:20:00,SUCCESS,UPI,NONE
TXN000102,C0063,P003,2499.0,2026-06-12 19:01:00,SUCCESS,UPI,NONE
TXN000103,C0063,P003,2499.0,2026-06-23 02:46:00,SUCCESS,UPI,NONE
TXN000104,C0062,P002,699.0,2026-05-12 22:21:00,SUCCESS,CREDIT_CARD,NONE
TXN000105,C0062,P010,899.0,2026-04-16 09:11:00,SUCCESS,DEBIT_CARD,NONE
TXN000106,C0062,P016,999.0,2026-05-06 10:48:00,SUCCESS,DEBIT_CARD,NONE
TXN000107,C0062,P017,849.0,2026-05-26 04:58:00,SUCCESS,CREDIT_CARD,NONE
TXN000108,C0062,P017,849.0,2026-04-25 12:46:00,SUCCESS,UPI,NONE
TXN000109,C0062,P002,699.0,2026-05-16 03:19:00,SUCCESS,UPI,NONE
TXN000110,C0062,P006,2899.0,2026-06-20 02:11:00,SUCCESS,UPI,NONE
TXN000111,C0081,P013,1999.0,2026-04-17 04:27:00,SUCCESS,UPI,NONE
TXN000112,C0081,P003,2499.0,2026-06-19 17:42:00,SUCCESS,CREDIT_CARD,NONE
TXN000113,C0081,P018,3899.0,2026-04-17 23:38:00,SUCCESS,NET_BANKING,NONE
TXN000114,C0081,P009,1899.0,2026-06-02 15:48:00,SUCCESS,UPI,NONE
TXN000115,C0081,P013,1999.0,2026-04-19 10:44:00,SUCCESS,UPI,NONE
TXN000116,C0081,P017,849.0,2026-06-17 17:56:00,SUCCESS,UPI,NONE
TXN000117,C0017,P004,3499.0,2026-04-27 02:04:00,SUCCESS,UPI,NONE
TXN000118,C0017,P019,749.0,2026-05-29 12:32:00,SUCCESS,NET_BANKING,NONE
TXN000119,C0017,P019,749.0,2026-05-01 03:12:00,SUCCESS,UPI,NONE
TXN000120,C0017,P015,2999.0,2026-05-03 16:05:00,SUCCESS,UPI,NONE
TXN000121,C0017,P004,3499.0,2026-05-29 08:36:00,SUCCESS,CREDIT_CARD,NONE
TXN000122,C0031,P008,1299.0,2026-05-21 21:38:00,SUCCESS,UPI,NONE
TXN000123,C0031,P001,4999.0,2026-05-29 03:42:00,SUCCESS,UPI,NONE
TXN000124,C0031,P011,649.0,2026-06-21 17:01:00,SUCCESS,UPI,NONE
TXN000125,C0031,P011,649.0,2026-05-17 04:03:00,SUCCESS,UPI,NONE
TXN000126,C0051,P007,1499.0,2026-04-29 04:45:00,SUCCESS,CREDIT_CARD,NONE
TXN000127,C0051,P009,1899.0,2026-06-05 03:48:00,SUCCESS,DEBIT_CARD,NONE
TXN000128,C0051,P020,1699.0,2026-05-17 06:11:00,SUCCESS,UPI,NONE
TXN000129,C0051,P003,2499.0,2026-04-28 16:00:00,SUCCESS,CREDIT_CARD,NONE
TXN000130,C0061,P002,699.0,2026-04-30 23:21:00,SUCCESS,UPI,NONE
TXN000131,C0061,P019,749.0,2026-05-26 19:49:00,SUCCESS,WALLET,NONE
TXN000132,C0061,P017,849.0,2026-05-26 22:46:00,SUCCESS,CREDIT_CARD,NONE
TXN000133,C0061,P005,1199.0,2026-06-24 18:09:00,SUCCESS,UPI,NONE
TXN000134,C0061,P018,3899.0,2026-06-26 18:38:00,SUCCESS,UPI,NONE
TXN000135,C0061,P006,2899.0,2026-05-04 07:16:00,SUCCESS,UPI,NONE
TXN000136,C0061,P011,649.0,2026-06-30 10:17:00,SUCCESS,UPI,NONE
TXN000137,C0047,P004,3499.0,2026-05-20 23:21:00,SUCCESS,DEBIT_CARD,NONE
TXN000138,C0047,P006,2899.0,2026-04-22 02:45:00,SUCCESS,UPI,NONE
TXN000139,C0047,P020,1699.0,2026-05-18 23:49:00,SUCCESS,UPI,NONE
TXN000140,C0047,P007,1499.0,2026-05-08 12:12:00,SUCCESS,UPI,NONE
TXN000141,C0047,P013,1999.0,2026-05-26 20:49:00,SUCCESS,UPI,NONE
TXN000142,C0047,P019,749.0,2026-06-02 07:14:00,SUCCESS,UPI,NONE
TXN000143,C0047,P008,1299.0,2026-04-20 21:06:00,SUCCESS,UPI,NONE
TXN000144,C0042,P005,1199.0,2026-05-02 10:49:00,SUCCESS,UPI,NONE
TXN000145,C0042,P005,1199.0,2026-04-25 17:14:00,SUCCESS,UPI,NONE
TXN000146,C0042,P016,999.0,2026-05-24 02:25:00,SUCCESS,DEBIT_CARD,NONE
TXN000147,C0042,P002,699.0,2026-05-12 07:16:00,SUCCESS,UPI,NONE
TXN000148,C0014,P009,1899.0,2026-05-01 14:54:00,SUCCESS,UPI,NONE
TXN000149,C0014,P011,649.0,2026-05-28 23:37:00,SUCCESS,UPI,NONE
TXN000150,C0014,P009,1899.0,2026-05-18 10:34:00,SUCCESS,UPI,NONE
TXN000151,C0014,P020,1699.0,2026-06-05 16:24:00,SUCCESS,CREDIT_CARD,NONE
TXN000152,C0057,P006,2899.0,2026-05-25 23:40:00,SUCCESS,CREDIT_CARD,NONE
TXN000153,C0057,P016,999.0,2026-05-05 08:36:00,SUCCESS,UPI,NONE
TXN000154,C0057,P015,2999.0,2026-06-13 05:20:00,SUCCESS,CREDIT_CARD,NONE
TXN000155,C0057,P011,649.0,2026-05-08 14:21:00,SUCCESS,UPI,NONE
TXN000156,C0057,P003,2499.0,2026-06-21 05:39:00,SUCCESS,UPI,NONE
TXN000157,C0057,P011,649.0,2026-05-24 12:43:00,SUCCESS,UPI,NONE
TXN000158,C0057,P013,1999.0,2026-05-27 20:11:00,SUCCESS,DEBIT_CARD,NONE
TXN000159,C0064,P019,749.0,2026-04-25 20:34:00,SUCCESS,UPI,NONE
TXN000160,C0064,P001,4999.0,2026-06-15 03:18:00,SUCCESS,UPI,NONE
TXN000161,C0064,P003,2499.0,2026-06-05 05:35:00,SUCCESS,UPI,NONE
TXN000162,C0064,P003,2499.0,2026-05-01 17:57:00,SUCCESS,UPI,NONE
TXN000163,C0064,P013,1999.0,2026-04-25 08:54:00,SUCCESS,UPI,NONE
TXN000164,C0004,P003,2499.0,2026-05-13 01:46:00,SUCCESS,UPI,NONE
TXN000165,C0004,P010,899.0,2026-05-05 14:52:00,SUCCESS,UPI,NONE
TXN000166,C0004,P006,2899.0,2026-06-28 09:18:00,SUCCESS,UPI,NONE
TXN000167,C0004,P011,649.0,2026-05-01 20:05:00,SUCCESS,UPI,NONE
TXN000168,C0068,P018,3899.0,2026-05-06 06:16:00,SUCCESS,UPI,NONE
TXN000169,C0068,P019,749.0,2026-04-15 20:20:00,SUCCESS,CREDIT_CARD,NONE
TXN000170,C0068,P019,749.0,2026-05-06 18:20:00,SUCCESS,CREDIT_CARD,NONE
TXN000171,C0068,P010,899.0,2026-05-17 19:26:00,SUCCESS,UPI,NONE
TXN000172,C0068,P003,2499.0,2026-05-06 01:37:00,SUCCESS,UPI,NONE
TXN000173,C0065,P010,899.0,2026-06-30 10:27:00,SUCCESS,CREDIT_CARD,NONE
TXN000174,C0065,P005,1199.0,2026-05-18 01:30:00,SUCCESS,UPI,NONE
TXN000175,C0065,P016,999.0,2026-05-01 02:00:00,SUCCESS,CREDIT_CARD,NONE
TXN000176,C0065,P010,899.0,2026-04-16 03:10:00,SUCCESS,UPI,NONE
TXN000177,C0054,P007,1499.0,2026-05-09 17:33:00,SUCCESS,UPI,NONE
TXN000178,C0054,P006,2899.0,2026-05-12 22:46:00,SUCCESS,UPI,NONE
TXN000179,C0054,P014,799.0,2026-05-31 18:12:00,SUCCESS,CREDIT_CARD,NONE
TXN000180,C0054,P020,1699.0,2026-05-28 01:19:00,SUCCESS,CREDIT_CARD,NONE
TXN000181,C0054,P009,1899.0,2026-05-10 04:06:00,SUCCESS,UPI,NONE
TXN000182,C0050,P010,899.0,2026-06-16 14:31:00,SUCCESS,UPI,NONE
TXN000183,C0050,P009,1899.0,2026-04-30 04:40:00,SUCCESS,UPI,NONE
TXN000184,C0050,P002,699.0,2026-04-24 10:49:00,SUCCESS,WALLET,NONE
TXN000185,C0050,P010,899.0,2026-05-28 06:15:00,SUCCESS,UPI,NONE
TXN000186,C0002,P008,1299.0,2026-06-20 07:00:00,SUCCESS,UPI,NONE
TXN000187,C0002,P011,649.0,2026-05-09 01:10:00,SUCCESS,CREDIT_CARD,NONE
TXN000188,C0002,P012,1799.0,2026-05-02 12:10:00,SUCCESS,UPI,NONE
TXN000189,C0008,P005,1199.0,2026-06-24 02:11:00,SUCCESS,UPI,NONE
TXN000190,C0008,P018,3899.0,2026-05-02 05:48:00,SUCCESS,DEBIT_CARD,NONE
TXN000191,C0008,P009,1899.0,2026-05-14 10:53:00,SUCCESS,WALLET,NONE
TXN000192,C0053,P013,1999.0,2026-05-06 03:13:00,SUCCESS,WALLET,NONE
TXN000193,C0053,P007,1499.0,2026-05-04 07:27:00,SUCCESS,CREDIT_CARD,NONE
TXN000194,C0053,P007,1499.0,2026-05-01 22:17:00,SUCCESS,NET_BANKING,NONE
TXN000195,C0053,P011,649.0,2026-06-10 14:14:00,SUCCESS,UPI,NONE
TXN000196,C0013,P017,849.0,2026-06-16 02:30:00,SUCCESS,CREDIT_CARD,NONE
TXN000197,C0013,P007,1499.0,2026-05-16 09:05:00,SUCCESS,CREDIT_CARD,NONE
TXN000198,C0013,P004,3499.0,2026-05-31 14:33:00,SUCCESS,UPI,NONE
TXN000199,C0013,P006,2899.0,2026-05-26 16:53:00,SUCCESS,UPI,NONE
TXN000200,C0013,P008,1299.0,2026-06-30 09:23:00,SUCCESS,CREDIT_CARD,NONE
TXN000201,C0013,P016,999.0,2026-04-16 06:37:00,SUCCESS,CREDIT_CARD,NONE
TXN000202,C0013,P008,1299.0,2026-06-10 19:55:00,SUCCESS,CREDIT_CARD,NONE
TXN000203,C0072,P002,699.0,2026-06-23 23:19:00,SUCCESS,UPI,NONE
TXN000204,C0072,P018,3899.0,2026-06-18 06:29:00,SUCCESS,UPI,NONE
TXN000205,C0072,P018,3899.0,2026-05-17 20:14:00,SUCCESS,UPI,NONE
TXN000206,C0072,P013,1999.0,2026-05-17 06:44:00,SUCCESS,DEBIT_CARD,NONE
TXN000207,C0072,P016,999.0,2026-05-05 17:42:00,SUCCESS,UPI,NONE
TXN000208,C0052,P007,1499.0,2026-04-20 05:26:00,SUCCESS,UPI,NONE
TXN000209,C0052,P015,2999.0,2026-05-26 15:02:00,SUCCESS,DEBIT_CARD,NONE
TXN000210,C0052,P006,2899.0,2026-06-22 18:51:00,SUCCESS,UPI,NONE
TXN000211,C0052,P009,1899.0,2026-04-22 23:31:00,SUCCESS,UPI,NONE
TXN000212,C0052,P017,849.0,2026-05-14 05:04:00,SUCCESS,UPI,NONE
TXN000213,C0052,P012,1799.0,2026-06-01 00:14:00,SUCCESS,UPI,NONE
TXN000214,C0080,P013,1999.0,2026-06-06 18:17:00,SUCCESS,UPI,NONE
TXN000215,C0080,P018,3899.0,2026-06-11 15:42:00,SUCCESS,UPI,NONE
TXN000216,C0080,P011,649.0,2026-06-17 07:27:00,SUCCESS,CREDIT_CARD,NONE
TXN000217,C0080,P002,699.0,2026-06-15 05:05:00,SUCCESS,UPI,NONE
TXN000218,C0080,P004,3499.0,2026-04-30 04:54:00,SUCCESS,UPI,NONE
TXN000219,C0080,P013,1999.0,2026-04-29 18:21:00,SUCCESS,CREDIT_CARD,NONE
TXN000220,C0080,P009,1899.0,2026-06-24 23:46:00,SUCCESS,UPI,NONE
TXN000221,C0077,P001,4999.0,2026-06-04 14:29:00,SUCCESS,NET_BANKING,NONE
TXN000222,C0077,P003,2499.0,2026-05-02 14:57:00,SUCCESS,UPI,NONE
TXN000223,C0077,P014,799.0,2026-05-14 12:57:00,SUCCESS,DEBIT_CARD,NONE
TXN000224,C0010,P017,849.0,2026-06-26 08:07:00,SUCCESS,UPI,NONE
TXN000225,C0010,P007,1499.0,2026-04-26 07:54:00,SUCCESS,CREDIT_CARD,NONE
TXN000226,C0010,P018,3899.0,2026-05-13 04:48:00,SUCCESS,UPI,NONE
TXN000227,C0010,P008,1299.0,2026-04-19 14:49:00,SUCCESS,UPI,NONE
TXN000228,C0010,P018,3899.0,2026-05-09 07:11:00,SUCCESS,CREDIT_CARD,NONE
TXN000229,C0084,P015,2999.0,2026-05-08 07:50:00,SUCCESS,CREDIT_CARD,NONE
TXN000230,C0084,P018,3899.0,2026-05-10 18:39:00,SUCCESS,CREDIT_CARD,NONE
TXN000231,C0084,P018,3899.0,2026-04-15 20:01:00,SUCCESS,UPI,NONE
TXN000232,C0084,P011,649.0,2026-04-22 00:06:00,SUCCESS,UPI,NONE
TXN000233,C0084,P014,799.0,2026-05-20 15:45:00,SUCCESS,UPI,NONE
TXN000234,C0044,P013,1999.0,2026-04-22 02:37:00,SUCCESS,NET_BANKING,NONE
TXN000235,C0044,P015,2999.0,2026-05-12 10:14:00,SUCCESS,UPI,NONE
TXN000236,C0044,P010,899.0,2026-04-16 10:27:00,SUCCESS,UPI,NONE
TXN000237,C0044,P010,899.0,2026-07-01 01:46:00,SUCCESS,UPI,NONE
TXN000238,C0012,P001,4999.0,2026-05-26 17:28:00,SUCCESS,UPI,NONE
TXN000239,C0012,P019,749.0,2026-06-12 07:58:00,SUCCESS,UPI,NONE
TXN000240,C0012,P005,1199.0,2026-06-14 02:37:00,SUCCESS,DEBIT_CARD,NONE
TXN000241,C0012,P008,1299.0,2026-06-02 02:09:00,SUCCESS,UPI,NONE
TXN000242,C0012,P019,749.0,2026-05-10 16:02:00,SUCCESS,UPI,NONE
TXN000243,C0073,P011,649.0,2026-05-01 05:29:00,SUCCESS,DEBIT_CARD,NONE
TXN000244,C0073,P019,749.0,2026-06-18 15:19:00,SUCCESS,UPI,NONE
TXN000245,C0073,P019,749.0,2026-05-14 08:11:00,SUCCESS,UPI,NONE
TXN000246,C0046,P012,1799.0,2026-05-06 21:01:00,SUCCESS,DEBIT_CARD,NONE
TXN000247,C0046,P008,1299.0,2026-04-15 10:20:00,SUCCESS,CREDIT_CARD,NONE
TXN000248,C0046,P013,1999.0,2026-06-25 01:27:00,SUCCESS,UPI,NONE
TXN000249,C0046,P018,3899.0,2026-04-20 06:40:00,SUCCESS,UPI,NONE
TXN000250,C0046,P008,1299.0,2026-06-12 09:17:00,SUCCESS,CREDIT_CARD,NONE
TXN000251,C0036,P015,2999.0,2026-04-15 16:28:00,SUCCESS,UPI,NONE
TXN000252,C0036,P014,799.0,2026-05-24 22:51:00,SUCCESS,UPI,NONE
TXN000253,C0036,P003,2499.0,2026-05-01 16:13:00,SUCCESS,UPI,NONE
TXN000254,C0036,P013,1999.0,2026-05-29 08:35:00,SUCCESS,UPI,NONE
TXN000255,C0036,P005,1199.0,2026-06-13 19:25:00,SUCCESS,UPI,NONE
TXN000256,C0036,P013,1999.0,2026-04-19 04:25:00,SUCCESS,UPI,NONE
TXN000257,C0041,P008,1299.0,2026-05-31 08:43:00,SUCCESS,CREDIT_CARD,NONE
TXN000258,C0041,P011,649.0,2026-04-19 08:53:00,SUCCESS,CREDIT_CARD,NONE
TXN000259,C0041,P014,799.0,2026-05-15 23:48:00,SUCCESS,UPI,NONE
TXN000260,C0041,P020,1699.0,2026-06-28 01:50:00,SUCCESS,WALLET,NONE
TXN000261,C0041,P020,1699.0,2026-05-05 15:51:00,SUCCESS,UPI,NONE
TXN000262,C0041,P008,1299.0,2026-06-05 13:37:00,SUCCESS,UPI,NONE
TXN000263,C0041,P003,2499.0,2026-06-17 09:45:00,SUCCESS,NET_BANKING,NONE
TXN000264,C0037,P010,899.0,2026-06-30 00:16:00,SUCCESS,CREDIT_CARD,NONE
TXN000265,C0037,P010,899.0,2026-05-04 19:59:00,SUCCESS,UPI,NONE
TXN000266,C0037,P018,3899.0,2026-06-04 04:26:00,SUCCESS,UPI,NONE
TXN000267,C0037,P009,1899.0,2026-04-21 19:21:00,SUCCESS,CREDIT_CARD,NONE
TXN000268,C0001,P001,4999.0,2026-05-13 16:03:00,SUCCESS,CREDIT_CARD,NONE
TXN000269,C0001,P002,699.0,2026-05-30 05:57:00,SUCCESS,UPI,NONE
TXN000270,C0001,P020,1699.0,2026-05-28 09:31:00,SUCCESS,CREDIT_CARD,NONE
TXN000271,C0001,P001,4999.0,2026-06-22 22:18:00,SUCCESS,UPI,NONE
TXN000272,C0055,P004,3499.0,2026-06-29 01:05:00,SUCCESS,DEBIT_CARD,NONE
TXN000273,C0055,P013,1999.0,2026-06-01 22:28:00,SUCCESS,WALLET,NONE
TXN000274,C0055,P004,3499.0,2026-05-21 19:05:00,SUCCESS,UPI,NONE
TXN000275,C0055,P003,2499.0,2026-06-08 04:28:00,SUCCESS,NET_BANKING,NONE
TXN000276,C0055,P018,3899.0,2026-06-29 09:45:00,SUCCESS,NET_BANKING,NONE
TXN000277,C0032,P011,649.0,2026-04-29 22:13:00,SUCCESS,UPI,NONE
TXN000278,C0032,P012,1799.0,2026-05-16 23:20:00,SUCCESS,UPI,NONE
TXN000279,C0032,P017,849.0,2026-05-27 09:20:00,SUCCESS,UPI,NONE
TXN000280,C0032,P013,1999.0,2026-06-27 17:43:00,SUCCESS,UPI,NONE
TXN000281,C0032,P011,649.0,2026-05-11 13:52:00,SUCCESS,UPI,NONE
TXN000282,C0043,P017,849.0,2026-04-13 14:17:00,SUCCESS,UPI,NONE
TXN000283,C0043,P008,1299.0,2026-04-19 06:33:00,SUCCESS,WALLET,NONE
TXN000284,C0043,P020,1699.0,2026-05-19 20:26:00,SUCCESS,UPI,NONE
TXN000285,C0043,P005,1199.0,2026-04-17 17:17:00,SUCCESS,CREDIT_CARD,NONE
TXN000286,C0043,P005,1199.0,2026-05-22 12:15:00,SUCCESS,DEBIT_CARD,NONE
TXN000287,C0043,P005,1199.0,2026-05-07 06:19:00,SUCCESS,NET_BANKING,NONE
TXN000288,C0029,P011,649.0,2026-06-22 17:26:00,SUCCESS,NET_BANKING,NONE
TXN000289,C0029,P004,3499.0,2026-06-08 00:07:00,SUCCESS,DEBIT_CARD,NONE
TXN000290,C0029,P001,4999.0,2026-05-21 21:34:00,SUCCESS,UPI,NONE
TXN000291,C0029,P009,1899.0,2026-06-12 04:54:00,SUCCESS,UPI,NONE
TXN000292,C0023,P020,1699.0,2026-04-14 02:22:00,SUCCESS,UPI,NONE
TXN000293,C0023,P008,1299.0,2026-04-16 03:46:00,SUCCESS,CREDIT_CARD,NONE
TXN000294,C0023,P012,1799.0,2026-06-20 12:11:00,SUCCESS,UPI,NONE
TXN000295,C0048,P020,1699.0,2026-05-01 12:19:00,SUCCESS,UPI,NONE
TXN000296,C0048,P013,1999.0,2026-04-29 19:52:00,SUCCESS,UPI,NONE
TXN000297,C0048,P008,1299.0,2026-06-26 21:12:00,SUCCESS,NET_BANKING,NONE
TXN000298,C0048,P009,1899.0,2026-05-10 03:13:00,SUCCESS,CREDIT_CARD,NONE
TXN000299,C0048,P007,1499.0,2026-06-05 08:49:00,SUCCESS,NET_BANKING,NONE
TXN000300,C0048,P015,2999.0,2026-04-13 19:16:00,SUCCESS,UPI,NONE
TXN000301,C0048,P015,2999.0,2026-05-30 21:35:00,SUCCESS,CREDIT_CARD,NONE
TXN000302,C0018,P013,1999.0,2026-05-21 22:21:00,SUCCESS,NET_BANKING,NONE
TXN000303,C0018,P019,749.0,2026-04-15 17:27:00,SUCCESS,CREDIT_CARD,NONE
TXN000304,C0018,P002,699.0,2026-04-26 07:32:00,SUCCESS,UPI,NONE
TXN000305,C0018,P002,699.0,2026-05-30 18:26:00,SUCCESS,UPI,NONE
TXN000306,C0018,P002,699.0,2026-04-20 22:27:00,SUCCESS,CREDIT_CARD,NONE
TXN000307,C0018,P002,699.0,2026-06-07 01:32:00,SUCCESS,UPI,NONE
TXN000308,C0018,P010,899.0,2026-05-25 20:50:00,SUCCESS,UPI,NONE
TXN000309,C0005,P002,699.0,2026-04-26 06:31:00,SUCCESS,DEBIT_CARD,NONE
TXN000310,C0005,P015,2999.0,2026-06-19 18:53:00,SUCCESS,UPI,NONE
TXN000311,C0005,P019,749.0,2026-04-23 06:35:00,SUCCESS,UPI,NONE
TXN000312,C0005,P015,2999.0,2026-06-28 05:31:00,SUCCESS,UPI,NONE
TXN000313,C0005,P007,1499.0,2026-05-04 08:44:00,SUCCESS,UPI,NONE
TXN000314,C0005,P006,2899.0,2026-06-16 08:53:00,SUCCESS,CREDIT_CARD,NONE
TXN000315,C0005,P012,1799.0,2026-06-20 18:15:00,SUCCESS,UPI,NONE
TXN000316,C0069,P020,1699.0,2026-06-10 22:25:00,SUCCESS,UPI,NONE
TXN000317,C0069,P006,2899.0,2026-05-19 16:05:00,SUCCESS,CREDIT_CARD,NONE
TXN000318,C0069,P005,1199.0,2026-06-11 06:49:00,SUCCESS,CREDIT_CARD,NONE
TXN000319,C0069,P002,699.0,2026-05-09 01:41:00,SUCCESS,CREDIT_CARD,NONE
TXN000320,C0069,P015,2999.0,2026-05-25 14:49:00,SUCCESS,UPI,NONE
TXN000321,C0069,P005,1199.0,2026-06-06 10:21:00,SUCCESS,CREDIT_CARD,NONE
TXN000322,C0069,P001,4999.0,2026-05-03 19:06:00,SUCCESS,UPI,NONE
TXN000323,C0045,P020,1699.0,2026-04-29 03:47:00,SUCCESS,UPI,NONE
TXN000324,C0045,P016,999.0,2026-05-03 21:32:00,SUCCESS,UPI,NONE
TXN000325,C0045,P020,1699.0,2026-07-01 03:04:00,SUCCESS,UPI,NONE
TXN000326,C0028,P018,3899.0,2026-06-05 09:49:00,SUCCESS,UPI,NONE
TXN000327,C0028,P012,1799.0,2026-06-27 06:06:00,SUCCESS,UPI,NONE
TXN000328,C0028,P019,749.0,2026-04-15 01:39:00,SUCCESS,NET_BANKING,NONE
TXN000329,C0028,P002,699.0,2026-06-17 21:49:00,SUCCESS,UPI,NONE
TXN000330,C0028,P010,899.0,2026-04-13 13:16:00,SUCCESS,CREDIT_CARD,NONE
TXN000331,C0028,P019,749.0,2026-04-21 05:31:00,SUCCESS,CREDIT_CARD,NONE
TXN000332,C0028,P012,1799.0,2026-06-27 08:11:00,SUCCESS,UPI,NONE
TXN000333,C0003,P013,1999.0,2026-06-22 21:07:00,SUCCESS,UPI,NONE
TXN000334,C0003,P010,899.0,2026-05-02 06:53:00,SUCCESS,CREDIT_CARD,NONE
TXN000335,C0003,P009,1899.0,2026-05-19 18:34:00,SUCCESS,UPI,NONE
TXN000336,C0003,P007,1499.0,2026-04-14 09:54:00,SUCCESS,UPI,NONE
TXN000337,C0003,P017,849.0,2026-06-19 19:14:00,SUCCESS,CREDIT_CARD,NONE
TXN000338,C0026,P014,799.0,2026-04-15 00:44:00,SUCCESS,UPI,NONE
TXN000339,C0026,P020,1699.0,2026-05-17 06:21:00,SUCCESS,UPI,NONE
TXN000340,C0026,P017,849.0,2026-04-28 19:09:00,SUCCESS,UPI,NONE
TXN000341,C0026,P020,1699.0,2026-06-01 12:42:00,SUCCESS,WALLET,NONE
TXN000342,C0026,P001,4999.0,2026-06-16 10:31:00,SUCCESS,CREDIT_CARD,NONE
TXN000343,C0025,P007,1499.0,2026-04-13 21:34:00,SUCCESS,UPI,NONE
TXN000344,C0025,P012,1799.0,2026-04-20 14:47:00,SUCCESS,UPI,NONE
TXN000345,C0025,P007,1499.0,2026-05-26 02:10:00,SUCCESS,UPI,NONE
TXN000346,C0060,P017,849.0,2026-04-22 00:11:00,SUCCESS,UPI,NONE
TXN000347,C0060,P011,649.0,2026-05-18 22:14:00,SUCCESS,UPI,NONE
TXN000348,C0060,P001,4999.0,2026-06-09 04:39:00,SUCCESS,DEBIT_CARD,NONE
TXN000349,C0060,P016,999.0,2026-05-02 09:19:00,SUCCESS,UPI,NONE
TXN000350,C0060,P005,1199.0,2026-05-03 17:03:00,SUCCESS,UPI,NONE
TXN000351,C0076,P002,699.0,2026-04-26 01:24:00,SUCCESS,CREDIT_CARD,NONE
TXN000352,C0076,P011,649.0,2026-04-20 17:59:00,SUCCESS,UPI,NONE
TXN000353,C0076,P011,649.0,2026-05-17 08:51:00,SUCCESS,UPI,NONE
TXN000354,C0076,P001,4999.0,2026-05-18 22:20:00,SUCCESS,UPI,NONE
TXN000355,C0076,P006,2899.0,2026-04-18 15:36:00,SUCCESS,UPI,NONE
TXN000356,C0076,P004,3499.0,2026-05-22 12:06:00,SUCCESS,UPI,NONE
TXN000357,C0082,P009,1899.0,2026-05-10 08:29:00,SUCCESS,DEBIT_CARD,NONE
TXN000358,C0082,P012,1799.0,2026-05-05 01:47:00,SUCCESS,UPI,NONE
TXN000359,C0082,P006,2899.0,2026-06-16 23:10:00,SUCCESS,UPI,NONE
TXN000360,C0019,P003,2499.0,2026-05-05 18:59:00,SUCCESS,CREDIT_CARD,NONE
TXN000361,C0019,P017,849.0,2026-06-12 04:39:00,SUCCESS,NET_BANKING,NONE
TXN000362,C0019,P017,849.0,2026-05-23 00:51:00,SUCCESS,CREDIT_CARD,NONE
TXN000363,C0019,P004,3499.0,2026-04-25 13:52:00,SUCCESS,UPI,NONE
TXN000364,C0006,P015,2999.0,2026-05-12 12:05:00,SUCCESS,UPI,NONE
TXN000365,C0006,P001,4999.0,2026-05-23 09:17:00,SUCCESS,DEBIT_CARD,NONE
TXN000366,C0006,P003,2499.0,2026-05-19 20:04:00,SUCCESS,UPI,NONE
TXN000367,C0024,P010,899.0,2026-06-28 16:12:00,SUCCESS,UPI,NONE
TXN000368,C0024,P007,1499.0,2026-05-21 04:48:00,SUCCESS,UPI,NONE
TXN000369,C0024,P018,3899.0,2026-05-21 20:18:00,SUCCESS,UPI,NONE
TXN000370,C0024,P005,1199.0,2026-06-11 02:53:00,SUCCESS,UPI,NONE
TXN000371,C0024,P020,1699.0,2026-04-20 18:54:00,SUCCESS,UPI,NONE
TXN000372,C0024,P012,1799.0,2026-04-22 00:43:00,SUCCESS,UPI,NONE
TXN000373,C0024,P010,899.0,2026-04-19 03:50:00,SUCCESS,UPI,NONE
TXN000374,C0009,P011,649.0,2026-04-22 20:57:00,SUCCESS,UPI,NONE
TXN000375,C0009,P016,999.0,2026-06-25 07:36:00,SUCCESS,UPI,NONE
TXN000376,C0009,P014,799.0,2026-05-12 05:15:00,SUCCESS,UPI,NONE
TXN000377,C0009,P019,749.0,2026-05-04 15:38:00,SUCCESS,UPI,NONE
TXN000378,C0009,P007,1499.0,2026-04-24 08:01:00,SUCCESS,CREDIT_CARD,NONE
TXN000379,C0009,P015,2999.0,2026-04-20 06:55:00,SUCCESS,CREDIT_CARD,NONE
TXN000380,C0009,P015,2999.0,2026-06-18 20:41:00,SUCCESS,CREDIT_CARD,NONE
TXN000381,C0049,P016,999.0,2026-06-02 03:51:00,SUCCESS,DEBIT_CARD,NONE
TXN000382,C0049,P020,1699.0,2026-05-28 23:35:00,SUCCESS,UPI,NONE
TXN000383,C0049,P011,649.0,2026-05-20 20:29:00,SUCCESS,UPI,NONE
TXN000384,C0049,P016,999.0,2026-06-16 23:30:00,SUCCESS,UPI,NONE
TXN000385,C0049,P006,2899.0,2026-05-25 23:22:00,SUCCESS,UPI,NONE
TXN000386,C0049,P017,849.0,2026-06-17 22:08:00,SUCCESS,CREDIT_CARD,NONE
TXN000387,C0030,P011,649.0,2026-04-20 14:56:00,SUCCESS,CREDIT_CARD,NONE
TXN000388,C0030,P018,3899.0,2026-05-02 22:23:00,SUCCESS,UPI,NONE
TXN000389,C0030,P020,1699.0,2026-05-30 17:50:00,SUCCESS,WALLET,NONE
TXN000390,C0021,P003,2499.0,2026-05-19 04:08:00,SUCCESS,CREDIT_CARD,NONE
TXN000391,C0021,P014,799.0,2026-05-06 16:10:00,SUCCESS,UPI,NONE
TXN000392,C0021,P008,1299.0,2026-06-08 13:18:00,SUCCESS,UPI,NONE
TXN000393,C0021,P019,749.0,2026-04-30 07:23:00,SUCCESS,UPI,NONE
TXN000394,C0021,P011,649.0,2026-04-21 07:08:00,SUCCESS,UPI,NONE
TXN000395,C0021,P010,899.0,2026-05-11 08:22:00,SUCCESS,UPI,NONE
TXN000396,C0058,P013,1999.0,2026-05-20 19:19:00,SUCCESS,CREDIT_CARD,NONE
TXN000397,C0058,P003,2499.0,2026-06-04 06:04:00,SUCCESS,UPI,NONE
TXN000398,C0058,P001,4999.0,2026-06-12 13:51:00,SUCCESS,UPI,NONE
TXN000399,C0058,P010,899.0,2026-05-12 15:24:00,SUCCESS,UPI,NONE
TXN000400,C0058,P007,1499.0,2026-05-22 01:24:00,SUCCESS,CREDIT_CARD,NONE
TXN000401,C0058,P010,899.0,2026-05-06 12:02:00,SUCCESS,UPI,NONE
TXN000402,C0058,P003,2499.0,2026-04-18 10:21:00,SUCCESS,WALLET,NONE
TXN000403,C0070,P005,1199.0,2026-05-25 09:37:00,SUCCESS,DEBIT_CARD,NONE
TXN000404,C0070,P002,699.0,2026-06-30 12:25:00,SUCCESS,DEBIT_CARD,NONE
TXN000405,C0070,P012,1799.0,2026-06-17 01:05:00,SUCCESS,UPI,NONE
TXN000406,C0070,P014,799.0,2026-04-16 22:20:00,SUCCESS,UPI,NONE
TXN000407,C0070,P013,1999.0,2026-05-10 22:33:00,SUCCESS,UPI,NONE
TXN000408,C0070,P006,2899.0,2026-05-02 06:48:00,SUCCESS,UPI,NONE
TXN000409,C0022,P014,799.0,2026-06-12 01:05:00,SUCCESS,CREDIT_CARD,NONE
TXN000410,C0022,P005,1199.0,2026-06-30 08:19:00,SUCCESS,UPI,NONE
TXN000411,C0022,P016,999.0,2026-05-07 06:55:00,SUCCESS,UPI,NONE
TXN000412,C0022,P014,799.0,2026-05-03 12:22:00,SUCCESS,NET_BANKING,NONE
TXN000413,C0022,P020,1699.0,2026-06-07 20:28:00,SUCCESS,UPI,NONE
TXN000414,C0067,P013,1999.0,2026-05-17 03:49:00,SUCCESS,UPI,NONE
TXN000415,C0067,P001,4999.0,2026-04-18 19:06:00,SUCCESS,CREDIT_CARD,NONE
TXN000416,C0067,P017,849.0,2026-05-27 21:01:00,SUCCESS,UPI,NONE
TXN000417,C0067,P012,1799.0,2026-06-27 09:24:00,SUCCESS,UPI,NONE
TXN000418,C0067,P012,1799.0,2026-06-16 16:30:00,SUCCESS,NET_BANKING,NONE
TXN000419,C0067,P003,2499.0,2026-06-12 18:06:00,SUCCESS,WALLET,NONE
TXN000420,C0027,P015,2999.0,2026-04-26 08:27:00,SUCCESS,DEBIT_CARD,NONE
TXN000421,C0027,P003,2499.0,2026-05-30 19:20:00,SUCCESS,CREDIT_CARD,NONE
TXN000422,C0027,P003,2499.0,2026-04-22 16:41:00,SUCCESS,UPI,NONE
TXN000423,C0027,P011,649.0,2026-04-24 10:30:00,SUCCESS,UPI,NONE
TXN000424,C0027,P016,999.0,2026-04-19 00:34:00,SUCCESS,UPI,NONE
TXN000425,C0034,P010,899.0,2026-06-10 09:16:00,SUCCESS,NET_BANKING,NONE
TXN000426,C0034,P010,899.0,2026-04-20 02:57:00,SUCCESS,CREDIT_CARD,NONE
TXN000427,C0034,P019,749.0,2026-06-09 16:57:00,SUCCESS,CREDIT_CARD,NONE
TXN000428,C0034,P010,899.0,2026-06-28 01:29:00,SUCCESS,UPI,NONE
TXN000429,C0034,P017,849.0,2026-06-22 02:44:00,SUCCESS,UPI,NONE
TXN000430,C0011,P009,1899.0,2026-05-30 10:13:00,SUCCESS,UPI,NONE
TXN000431,C0011,P006,2899.0,2026-04-17 06:18:00,SUCCESS,UPI,NONE
TXN000432,C0011,P006,2899.0,2026-05-28 12:45:00,SUCCESS,UPI,NONE
TXN000433,C0011,P017,849.0,2026-06-27 00:55:00,SUCCESS,NET_BANKING,NONE
TXN000434,C0011,P020,1699.0,2026-06-11 19:12:00,SUCCESS,WALLET,NONE
TXN000435,C0403,P001,4999.0,2026-07-09 03:18:00,SUCCESS,UPI,NONE
TXN000436,C0322,P001,4999.0,2026-08-06 04:24:00,SUCCESS,CREDIT_CARD,NONE
TXN000437,C0283,P001,4999.0,2026-07-14 09:19:00,SUCCESS,UPI,NONE
TXN000438,C0467,P001,4999.0,2026-08-13 09:50:00,SUCCESS,UPI,NONE
TXN000439,C0517,P001,4999.0,2026-06-28 01:30:00,SUCCESS,CREDIT_CARD,NONE
TXN000440,C0473,P001,4999.0,2026-06-20 03:36:00,SUCCESS,CREDIT_CARD,NONE
TXN000441,C0320,P001,4999.0,2026-07-08 19:44:00,SUCCESS,UPI,NONE
TXN000442,C0501,P001,4999.0,2026-07-03 10:42:00,SUCCESS,NET_BANKING,NONE
TXN000443,C0243,P001,4999.0,2026-06-30 22:17:00,SUCCESS,UPI,NONE
TXN000444,C0344,P001,4999.0,2026-06-20 13:58:00,SUCCESS,UPI,NONE
TXN000445,C0239,P001,4999.0,2026-06-19 14:38:00,SUCCESS,NET_BANKING,NONE
TXN000446,C0430,P001,4999.0,2026-07-02 15:02:00,SUCCESS,CREDIT_CARD,NONE
TXN000447,C0625,P001,4999.0,2026-07-24 00:43:00,SUCCESS,UPI,NONE
TXN000448,C0451,P001,4999.0,2026-08-15 02:19:00,SUCCESS,UPI,NONE
TXN000449,C0626,P001,4999.0,2026-06-28 13:13:00,SUCCESS,UPI,NONE
TXN000450,C0368,P001,4999.0,2026-08-02 18:39:00,SUCCESS,CREDIT_CARD,NONE
TXN000451,C0510,P001,4999.0,2026-08-04 00:25:00,SUCCESS,UPI,NONE
TXN000452,C0352,P001,4999.0,2026-08-26 09:00:00,SUCCESS,UPI,NONE
TXN000453,C0241,P001,4999.0,2026-06-21 07:17:00,SUCCESS,UPI,NONE
TXN000454,C0253,P001,4999.0,2026-07-30 01:44:00,SUCCESS,UPI,NONE
TXN000455,C0354,P001,4999.0,2026-08-23 15:55:00,SUCCESS,UPI,NONE
TXN000456,C0236,P001,4999.0,2026-07-30 15:20:00,SUCCESS,UPI,NONE
TXN000457,C0465,P001,4999.0,2026-08-12 08:06:00,SUCCESS,UPI,NONE
TXN000458,C0516,P001,4999.0,2026-07-09 13:12:00,SUCCESS,DEBIT_CARD,NONE
TXN000459,C0299,P001,4999.0,2026-08-04 07:16:00,SUCCESS,UPI,NONE
TXN000460,C0389,P001,4999.0,2026-07-20 20:18:00,SUCCESS,NET_BANKING,NONE
TXN000461,C0505,P001,4999.0,2026-06-30 02:11:00,SUCCESS,UPI,NONE
TXN000462,C0401,P001,4999.0,2026-07-17 02:50:00,SUCCESS,CREDIT_CARD,NONE
TXN000463,C0461,P001,4999.0,2026-07-23 09:36:00,SUCCESS,UPI,NONE
TXN000464,C0500,P001,4999.0,2026-08-20 02:08:00,SUCCESS,UPI,NONE
TXN000465,C0524,P001,4999.0,2026-07-02 08:29:00,SUCCESS,WALLET,NONE
TXN000466,C0419,P001,4999.0,2026-08-01 15:35:00,SUCCESS,UPI,NONE
TXN000467,C0577,P001,4999.0,2026-06-26 07:51:00,SUCCESS,UPI,NONE
TXN000468,C0357,P001,4999.0,2026-07-03 04:21:00,SUCCESS,CREDIT_CARD,NONE
TXN000469,C0379,P001,4999.0,2026-07-01 12:44:00,SUCCESS,UPI,NONE
TXN000470,C0375,P001,4999.0,2026-08-18 08:24:00,SUCCESS,CREDIT_CARD,NONE
TXN000471,C0489,P001,4999.0,2026-07-01 10:03:00,SUCCESS,UPI,NONE
TXN000472,C0530,P001,4999.0,2026-08-27 09:18:00,SUCCESS,UPI,NONE
TXN000473,C0270,P001,4999.0,2026-08-07 12:39:00,SUCCESS,DEBIT_CARD,NONE
TXN000474,C0610,P001,4999.0,2026-08-26 18:15:00,SUCCESS,NET_BANKING,NONE
TXN000475,C0333,P001,4999.0,2026-06-25 19:33:00,SUCCESS,UPI,NONE
TXN000476,C0476,P001,4999.0,2026-08-18 17:46:00,SUCCESS,UPI,NONE
TXN000477,C0250,P001,4999.0,2026-06-27 07:24:00,SUCCESS,UPI,NONE
TXN000478,C0478,P001,4999.0,2026-07-13 00:17:00,SUCCESS,UPI,NONE
TXN000479,C0443,P001,4999.0,2026-08-19 14:19:00,SUCCESS,UPI,NONE
TXN000480,C0585,P001,4999.0,2026-06-20 00:55:00,SUCCESS,DEBIT_CARD,NONE
TXN000481,C0534,P001,4999.0,2026-07-20 14:48:00,SUCCESS,UPI,NONE
TXN000482,C0551,P001,4999.0,2026-08-21 22:18:00,SUCCESS,UPI,NONE
TXN000483,C0576,P001,4999.0,2026-07-09 07:20:00,SUCCESS,CREDIT_CARD,NONE
TXN000484,C0318,P001,4999.0,2026-06-26 08:04:00,SUCCESS,CREDIT_CARD,NONE
TXN000485,C0284,P001,4999.0,2026-08-03 06:58:00,SUCCESS,UPI,NONE
TXN000486,C0229,P001,4999.0,2026-07-27 19:36:00,SUCCESS,UPI,NONE
TXN000487,C0306,P001,4999.0,2026-06-18 14:41:00,SUCCESS,UPI,NONE
TXN000488,C0594,P001,4999.0,2026-07-01 10:58:00,SUCCESS,UPI,NONE
TXN000489,C0394,P001,4999.0,2026-07-15 09:35:00,SUCCESS,UPI,NONE
TXN000490,C0278,P001,4999.0,2026-06-21 20:17:00,SUCCESS,DEBIT_CARD,NONE
TXN000491,C0521,P001,4999.0,2026-06-20 06:13:00,SUCCESS,UPI,NONE
TXN000492,C0525,P001,4999.0,2026-08-18 09:13:00,SUCCESS,UPI,NONE
TXN000493,C0423,P001,4999.0,2026-08-24 19:02:00,SUCCESS,DEBIT_CARD,NONE
TXN000494,C0553,P001,4999.0,2026-08-22 03:16:00,SUCCESS,CREDIT_CARD,NONE
TXN000495,C0230,P001,4999.0,2026-08-26 05:20:00,SUCCESS,UPI,NONE
TXN000496,C0271,P001,4999.0,2026-07-19 07:31:00,SUCCESS,UPI,NONE
TXN000497,C0327,P001,4999.0,2026-08-19 07:53:00,SUCCESS,UPI,NONE
TXN000498,C0343,P001,4999.0,2026-07-30 08:09:00,SUCCESS,UPI,NONE
TXN000499,C0286,P001,4999.0,2026-07-14 13:35:00,SUCCESS,UPI,NONE
TXN000500,C0385,P001,4999.0,2026-06-19 06:40:00,SUCCESS,DEBIT_CARD,NONE
TXN000501,C0493,P001,4999.0,2026-07-31 09:23:00,SUCCESS,UPI,NONE
TXN000502,C0595,P001,4999.0,2026-08-19 07:43:00,SUCCESS,UPI,NONE
TXN000503,C0434,P001,4999.0,2026-07-05 05:16:00,SUCCESS,UPI,NONE
TXN000504,C0613,P001,4999.0,2026-08-05 20:45:00,SUCCESS,NET_BANKING,NONE
TXN000505,C0480,P001,4999.0,2026-08-22 06:54:00,SUCCESS,CREDIT_CARD,NONE
TXN000506,C0588,P001,4999.0,2026-07-10 05:59:00,SUCCESS,DEBIT_CARD,NONE
TXN000507,C0623,P001,4999.0,2026-08-17 11:00:00,SUCCESS,UPI,NONE
TXN000508,C0405,P001,4999.0,2026-08-15 12:19:00,SUCCESS,UPI,NONE
TXN000509,C0579,P001,4999.0,2026-07-21 21:16:00,SUCCESS,CREDIT_CARD,NONE
TXN000510,C0456,P001,4999.0,2026-06-27 12:52:00,SUCCESS,UPI,NONE
TXN000511,C0272,P001,4999.0,2026-07-23 18:32:00,SUCCESS,UPI,NONE
TXN000512,C0600,P001,4999.0,2026-08-04 15:16:00,SUCCESS,UPI,NONE
TXN000513,C0611,P001,4999.0,2026-08-03 12:29:00,SUCCESS,UPI,NONE
TXN000514,C0221,P001,4999.0,2026-08-15 14:08:00,SUCCESS,CREDIT_CARD,NONE
TXN000515,C0571,P001,4999.0,2026-07-13 22:00:00,SUCCESS,UPI,NONE
TXN000516,C0496,P001,4999.0,2026-08-03 07:27:00,SUCCESS,WALLET,NONE
TXN000517,C0304,P001,4999.0,2026-07-11 17:28:00,SUCCESS,UPI,NONE
TXN000518,C0538,P001,4999.0,2026-08-01 02:57:00,SUCCESS,UPI,NONE
TXN000519,C0506,P001,4999.0,2026-08-07 13:06:00,SUCCESS,NET_BANKING,NONE
TXN000520,C0568,P001,4999.0,2026-06-27 19:49:00,SUCCESS,UPI,NONE
TXN000521,C0598,P001,4999.0,2026-08-22 09:19:00,SUCCESS,UPI,NONE
TXN000522,C0383,P001,4999.0,2026-07-31 21:44:00,SUCCESS,UPI,NONE
TXN000523,C0468,P001,4999.0,2026-06-30 09:54:00,SUCCESS,CREDIT_CARD,NONE
TXN000524,C0562,P001,4999.0,2026-06-20 05:50:00,SUCCESS,CREDIT_CARD,NONE
TXN000525,C0233,P001,4999.0,2026-06-25 18:53:00,SUCCESS,UPI,NONE
TXN000526,C0337,P001,4999.0,2026-07-27 20:23:00,SUCCESS,UPI,NONE
TXN000527,C0617,P001,4999.0,2026-07-05 04:13:00,SUCCESS,CREDIT_CARD,NONE
TXN000528,C0290,P001,4999.0,2026-07-17 03:11:00,SUCCESS,UPI,NONE
TXN000529,C0512,P001,4999.0,2026-07-29 07:45:00,SUCCESS,CREDIT_CARD,NONE
TXN000530,C0391,P001,4999.0,2026-08-01 22:03:00,SUCCESS,UPI,NONE
TXN000531,C0499,P001,4999.0,2026-06-27 16:29:00,SUCCESS,UPI,NONE
TXN000532,C0378,P001,4999.0,2026-07-03 06:47:00,SUCCESS,NET_BANKING,NONE
TXN000533,C0608,P001,4999.0,2026-06-30 05:36:00,SUCCESS,UPI,NONE
TXN000534,C0624,P001,4999.0,2026-06-30 04:20:00,SUCCESS,UPI,NONE
TXN000535,C0542,P001,4999.0,2026-07-24 04:39:00,SUCCESS,UPI,NONE
TXN000536,C0424,P001,4999.0,2026-08-20 02:52:00,SUCCESS,UPI,NONE
TXN000537,C0342,P001,4999.0,2026-06-28 20:34:00,SUCCESS,UPI,NONE
TXN000538,C0460,P001,4999.0,2026-07-15 03:04:00,SUCCESS,UPI,NONE
TXN000539,C0450,P001,4999.0,2026-08-06 14:21:00,SUCCESS,DEBIT_CARD,NONE
TXN000540,C0537,P001,4999.0,2026-06-18 03:55:00,SUCCESS,UPI,NONE
TXN000541,C0455,P001,4999.0,2026-06-21 19:05:00,SUCCESS,WALLET,NONE
TXN000542,C0315,P001,4999.0,2026-06-27 20:43:00,SUCCESS,UPI,NONE
TXN000543,C0413,P001,4999.0,2026-07-04 03:45:00,SUCCESS,UPI,NONE
TXN000544,C0346,P001,4999.0,2026-07-29 16:51:00,SUCCESS,DEBIT_CARD,NONE
TXN000545,C0614,P001,4999.0,2026-08-26 21:58:00,SUCCESS,UPI,NONE
TXN000546,C0351,P001,4999.0,2026-06-27 18:58:00,SUCCESS,UPI,NONE
TXN000547,C0494,P001,4999.0,2026-07-07 19:09:00,SUCCESS,CREDIT_CARD,NONE
TXN000548,C0509,P001,4999.0,2026-08-14 20:29:00,SUCCESS,UPI,NONE
TXN000549,C0586,P001,4999.0,2026-08-25 12:14:00,SUCCESS,UPI,NONE
TXN000550,C0395,P001,4999.0,2026-07-31 06:38:00,SUCCESS,UPI,NONE
TXN000551,C0246,P001,4999.0,2026-08-16 10:30:00,SUCCESS,CREDIT_CARD,NONE
TXN000552,C0565,P001,4999.0,2026-08-06 12:31:00,SUCCESS,DEBIT_CARD,NONE
TXN000553,C0267,P001,4999.0,2026-08-23 20:31:00,SUCCESS,CREDIT_CARD,NONE
TXN000554,C0289,P001,4999.0,2026-07-07 05:10:00,SUCCESS,DEBIT_CARD,NONE
TXN000555,C0302,P001,4999.0,2026-06-28 12:20:00,SUCCESS,UPI,NONE
TXN000556,C0223,P001,4999.0,2026-08-17 22:03:00,SUCCESS,CREDIT_CARD,NONE
TXN000557,C0329,P001,4999.0,2026-06-21 09:42:00,SUCCESS,UPI,NONE
TXN000558,C0520,P001,4999.0,2026-07-23 12:21:00,SUCCESS,UPI,NONE
TXN000559,C0402,P001,4999.0,2026-07-31 13:55:00,SUCCESS,CREDIT_CARD,NONE
TXN000560,C0279,P001,4999.0,2026-07-16 09:28:00,SUCCESS,NET_BANKING,NONE
TXN000561,C0558,P001,4999.0,2026-07-12 09:53:00,SUCCESS,UPI,NONE
TXN000562,C0235,P001,4999.0,2026-06-28 15:58:00,SUCCESS,UPI,NONE
TXN000563,C0224,P001,4999.0,2026-08-04 14:25:00,SUCCESS,CREDIT_CARD,NONE
TXN000564,C0522,P001,4999.0,2026-08-01 06:39:00,SUCCESS,UPI,NONE
TXN000565,C0459,P001,4999.0,2026-08-12 14:30:00,SUCCESS,CREDIT_CARD,NONE
TXN000566,C0245,P001,4999.0,2026-08-01 03:40:00,SUCCESS,UPI,NONE
TXN000567,C0319,P001,4999.0,2026-07-23 18:17:00,SUCCESS,UPI,NONE
TXN000568,C0338,P001,4999.0,2026-08-21 08:37:00,SUCCESS,UPI,NONE
TXN000569,C0366,P001,4999.0,2026-06-25 18:27:00,SUCCESS,DEBIT_CARD,NONE
TXN000570,C0347,P001,4999.0,2026-06-27 12:26:00,SUCCESS,CREDIT_CARD,NONE
TXN000571,C0541,P001,4999.0,2026-06-20 01:32:00,SUCCESS,CREDIT_CARD,NONE
TXN000572,C0266,P001,4999.0,2026-08-19 04:03:00,SUCCESS,DEBIT_CARD,NONE
TXN000573,C0578,P001,4999.0,2026-08-16 08:35:00,SUCCESS,DEBIT_CARD,NONE
TXN000574,C0300,P001,4999.0,2026-07-22 08:54:00,SUCCESS,UPI,NONE
TXN000575,C0492,P001,4999.0,2026-08-12 12:51:00,SUCCESS,UPI,NONE
TXN000576,C0312,P001,4999.0,2026-07-31 18:20:00,SUCCESS,UPI,NONE
TXN000577,C0324,P001,4999.0,2026-07-04 13:26:00,SUCCESS,NET_BANKING,NONE
TXN000578,C0466,P001,4999.0,2026-06-27 23:34:00,SUCCESS,UPI,NONE
TXN000579,C0426,P001,4999.0,2026-08-25 01:48:00,SUCCESS,UPI,NONE
TXN000580,C0457,P001,4999.0,2026-07-28 18:19:00,SUCCESS,UPI,NONE
TXN000581,C0486,P001,4999.0,2026-07-14 14:19:00,SUCCESS,CREDIT_CARD,NONE
TXN000582,C0367,P001,4999.0,2026-06-25 16:18:00,SUCCESS,CREDIT_CARD,NONE
TXN000583,C0531,P001,4999.0,2026-06-17 20:31:00,SUCCESS,UPI,NONE
TXN000584,C0523,P001,4999.0,2026-08-11 01:50:00,SUCCESS,CREDIT_CARD,NONE
TXN000585,C0527,P001,4999.0,2026-07-28 19:37:00,SUCCESS,WALLET,NONE
TXN000586,C0431,P001,4999.0,2026-08-21 06:38:00,SUCCESS,UPI,NONE
TXN000587,C0275,P001,4999.0,2026-08-05 15:01:00,SUCCESS,UPI,NONE
TXN000588,C0498,P001,4999.0,2026-06-20 01:49:00,SUCCESS,WALLET,NONE
TXN000589,C0437,P001,4999.0,2026-08-08 05:45:00,SUCCESS,UPI,NONE
TXN000590,C0435,P001,4999.0,2026-07-17 16:52:00,SUCCESS,UPI,NONE
TXN000591,C0557,P001,4999.0,2026-07-11 05:47:00,SUCCESS,UPI,NONE
TXN000592,C0295,P001,4999.0,2026-08-22 13:40:00,SUCCESS,WALLET,NONE
TXN000593,C0296,P001,4999.0,2026-08-08 23:32:00,SUCCESS,UPI,NONE
TXN000594,C0417,P001,4999.0,2026-08-06 17:41:00,SUCCESS,UPI,NONE
TXN000595,C0475,P001,4999.0,2026-08-23 22:01:00,SUCCESS,UPI,NONE
TXN000596,C0249,P001,4999.0,2026-08-08 20:01:00,SUCCESS,UPI,NONE
TXN000597,C0482,P001,4999.0,2026-08-26 17:28:00,SUCCESS,UPI,NONE
TXN000598,C0262,P001,4999.0,2026-07-20 19:03:00,SUCCESS,UPI,NONE
TXN000599,C0316,P001,4999.0,2026-08-08 16:14:00,SUCCESS,DEBIT_CARD,NONE
TXN000600,C0556,P001,4999.0,2026-07-02 00:16:00,SUCCESS,UPI,NONE
TXN000601,C0393,P001,4999.0,2026-06-27 09:52:00,SUCCESS,CREDIT_CARD,NONE
TXN000602,C0294,P001,4999.0,2026-08-13 01:59:00,SUCCESS,UPI,NONE
TXN000603,C0483,P001,4999.0,2026-07-29 20:38:00,SUCCESS,UPI,NONE
TXN000604,C0502,P001,4999.0,2026-08-19 15:19:00,SUCCESS,UPI,NONE
TXN000605,C0317,P001,4999.0,2026-06-21 03:10:00,SUCCESS,NET_BANKING,NONE
TXN000606,C0281,P001,4999.0,2026-07-23 04:59:00,SUCCESS,UPI,NONE
TXN000607,C0560,P001,4999.0,2026-06-30 13:18:00,SUCCESS,NET_BANKING,NONE
TXN000608,C0428,P001,4999.0,2026-06-22 22:48:00,SUCCESS,UPI,NONE
TXN000609,C0477,P001,4999.0,2026-06-23 09:02:00,SUCCESS,CREDIT_CARD,NONE
TXN000610,C0263,P001,4999.0,2026-07-08 06:15:00,SUCCESS,DEBIT_CARD,NONE
TXN000611,C0382,P001,4999.0,2026-07-10 22:37:00,SUCCESS,UPI,NONE
TXN000612,C0268,P001,4999.0,2026-07-13 23:41:00,SUCCESS,WALLET,NONE
TXN000613,C0418,P001,4999.0,2026-08-16 04:14:00,SUCCESS,DEBIT_CARD,NONE
TXN000614,C0474,P001,4999.0,2026-07-04 20:42:00,SUCCESS,UPI,NONE
TXN000615,C0238,P001,4999.0,2026-07-03 21:52:00,SUCCESS,DEBIT_CARD,NONE
TXN000616,C0463,P001,4999.0,2026-08-16 06:47:00,SUCCESS,UPI,NONE
TXN000617,C0260,P001,4999.0,2026-06-21 00:56:00,SUCCESS,NET_BANKING,NONE
TXN000618,C0323,P001,4999.0,2026-07-10 09:00:00,SUCCESS,UPI,NONE
TXN000619,C0396,P001,4999.0,2026-07-23 21:49:00,SUCCESS,UPI,NONE
TXN000620,C0400,P001,4999.0,2026-08-10 04:49:00,SUCCESS,DEBIT_CARD,NONE
TXN000621,C0454,P001,4999.0,2026-07-20 17:29:00,SUCCESS,UPI,NONE
TXN000622,C0601,P001,4999.0,2026-07-19 16:41:00,SUCCESS,UPI,NONE
TXN000623,C0575,P001,4999.0,2026-06-29 03:59:00,SUCCESS,CREDIT_CARD,NONE
TXN000624,C0620,P001,4999.0,2026-08-08 02:41:00,SUCCESS,NET_BANKING,NONE
TXN000625,C0227,P001,4999.0,2026-06-28 07:19:00,SUCCESS,CREDIT_CARD,NONE
TXN000626,C0452,P001,4999.0,2026-07-21 21:49:00,SUCCESS,UPI,NONE
TXN000627,C0515,P001,4999.0,2026-07-27 10:53:00,SUCCESS,CREDIT_CARD,NONE
TXN000628,C0416,P001,4999.0,2026-06-25 08:22:00,SUCCESS,CREDIT_CARD,NONE
TXN000629,C0311,P001,4999.0,2026-06-26 16:33:00,SUCCESS,DEBIT_CARD,NONE
TXN000630,C0264,P001,4999.0,2026-06-27 12:08:00,SUCCESS,UPI,NONE
TXN000631,C0348,P001,4999.0,2026-06-22 16:59:00,SUCCESS,DEBIT_CARD,NONE
TXN000632,C0552,P001,4999.0,2026-08-06 16:57:00,SUCCESS,UPI,NONE
TXN000633,C0307,P001,4999.0,2026-06-28 12:52:00,SUCCESS,UPI,NONE
TXN000634,C0356,P001,4999.0,2026-08-21 02:37:00,SUCCESS,UPI,NONE
TXN000635,C0427,P001,4999.0,2026-07-13 09:42:00,SUCCESS,UPI,NONE
TXN000636,C0251,P001,4999.0,2026-08-17 18:48:00,SUCCESS,CREDIT_CARD,NONE
TXN000637,C0487,P001,4999.0,2026-08-04 07:22:00,SUCCESS,CREDIT_CARD,NONE
TXN000638,C0444,P001,4999.0,2026-06-19 00:05:00,SUCCESS,UPI,NONE
TXN000639,C0407,P001,4999.0,2026-07-20 02:17:00,SUCCESS,CREDIT_CARD,NONE
TXN000640,C0237,P001,4999.0,2026-07-12 07:26:00,SUCCESS,UPI,NONE
TXN000641,C0314,P001,4999.0,2026-08-09 10:52:00,SUCCESS,UPI,NONE
TXN000642,C0397,P001,4999.0,2026-07-10 19:34:00,SUCCESS,UPI,NONE
TXN000643,C0273,P001,4999.0,2026-08-07 07:47:00,SUCCESS,UPI,NONE
TXN000644,C0513,P001,4999.0,2026-07-30 04:10:00,SUCCESS,DEBIT_CARD,NONE
TXN000645,C0387,P001,4999.0,2026-06-20 17:15:00,SUCCESS,UPI,NONE
TXN000646,C0412,P001,4999.0,2026-08-12 21:31:00,SUCCESS,DEBIT_CARD,NONE
TXN000647,C0331,P001,4999.0,2026-08-13 06:01:00,SUCCESS,UPI,NONE
TXN000648,C0325,P001,4999.0,2026-07-14 01:16:00,SUCCESS,UPI,NONE
TXN000649,C0287,P001,4999.0,2026-07-01 15:27:00,SUCCESS,CREDIT_CARD,NONE
TXN000650,C0519,P001,4999.0,2026-07-15 05:15:00,SUCCESS,UPI,NONE
TXN000651,C0532,P001,4999.0,2026-08-12 03:52:00,SUCCESS,DEBIT_CARD,NONE
TXN000652,C0255,P001,4999.0,2026-08-08 12:46:00,SUCCESS,UPI,NONE
TXN000653,C0591,P001,4999.0,2026-08-01 06:55:00,SUCCESS,UPI,NONE
TXN000654,C0628,P001,4999.0,2026-08-13 08:59:00,SUCCESS,CREDIT_CARD,NONE
TXN000655,C0228,P001,4999.0,2026-07-03 09:48:00,SUCCESS,UPI,NONE
TXN000656,C0377,P001,4999.0,2026-06-22 16:57:00,SUCCESS,UPI,NONE
TXN000657,C0362,P001,4999.0,2026-07-26 09:56:00,SUCCESS,UPI,NONE
TXN000658,C0587,P001,4999.0,2026-08-26 07:10:00,SUCCESS,UPI,NONE
TXN000659,C0409,P001,4999.0,2026-07-31 16:03:00,SUCCESS,UPI,NONE
TXN000660,C0244,P001,4999.0,2026-07-14 10:55:00,SUCCESS,UPI,NONE
TXN000661,C0384,P001,4999.0,2026-07-22 16:38:00,SUCCESS,UPI,NONE
TXN000662,C0609,P001,4999.0,2026-06-23 15:45:00,SUCCESS,UPI,NONE
TXN000663,C0313,P001,4999.0,2026-08-19 07:08:00,SUCCESS,UPI,NONE
TXN000664,C0535,P001,4999.0,2026-08-25 18:47:00,SUCCESS,CREDIT_CARD,NONE
TXN000665,C0392,P001,4999.0,2026-07-22 05:03:00,SUCCESS,CREDIT_CARD,NONE
TXN000666,C0411,P001,4999.0,2026-08-27 07:01:00,SUCCESS,UPI,NONE
TXN000667,C0429,P001,4999.0,2026-06-23 12:30:00,SUCCESS,UPI,NONE
TXN000668,C0415,P001,4999.0,2026-08-03 20:17:00,SUCCESS,NET_BANKING,NONE
TXN000669,C0546,P001,4999.0,2026-08-03 23:36:00,SUCCESS,UPI,NONE
TXN000670,C0580,P001,4999.0,2026-06-23 03:34:00,SUCCESS,UPI,NONE
TXN000671,C0280,P001,4999.0,2026-07-18 07:31:00,SUCCESS,UPI,NONE
TXN000672,C0373,P001,4999.0,2026-08-09 19:12:00,SUCCESS,UPI,NONE
TXN000673,C0583,P001,4999.0,2026-07-21 17:14:00,SUCCESS,UPI,NONE
TXN000674,C0301,P001,4999.0,2026-07-16 19:53:00,SUCCESS,UPI,NONE
TXN000675,C0590,P001,4999.0,2026-06-29 15:13:00,SUCCESS,UPI,NONE
TXN000676,C0544,P001,4999.0,2026-07-02 03:25:00,SUCCESS,UPI,NONE
TXN000677,C0442,P001,4999.0,2026-07-04 04:06:00,SUCCESS,UPI,NONE
TXN000678,C0433,P001,4999.0,2026-06-27 13:37:00,SUCCESS,UPI,NONE
TXN000679,C0490,P001,4999.0,2026-06-25 13:54:00,SUCCESS,UPI,NONE
TXN000680,C0495,P001,4999.0,2026-06-21 13:17:00,SUCCESS,UPI,NONE
TXN000681,C0339,P001,4999.0,2026-08-08 22:35:00,SUCCESS,CREDIT_CARD,NONE
TXN000682,C0360,P001,4999.0,2026-08-14 05:56:00,SUCCESS,UPI,NONE
TXN000683,C0453,P001,4999.0,2026-08-02 00:48:00,SUCCESS,UPI,NONE
TXN000684,C0231,P001,4999.0,2026-07-07 07:46:00,SUCCESS,DEBIT_CARD,NONE
TXN000685,C0484,P001,4999.0,2026-06-25 02:12:00,SUCCESS,CREDIT_CARD,NONE
TXN000686,C0592,P001,4999.0,2026-07-23 14:35:00,SUCCESS,UPI,NONE
TXN000687,C0248,P001,4999.0,2026-07-06 19:28:00,SUCCESS,UPI,NONE
TXN000688,C0470,P001,4999.0,2026-06-30 07:53:00,SUCCESS,UPI,NONE
TXN000689,C0310,P001,4999.0,2026-06-25 03:20:00,SUCCESS,NET_BANKING,NONE
TXN000690,C0632,P001,4999.0,2026-08-24 07:13:00,SUCCESS,UPI,NONE
TXN000691,C0547,P001,4999.0,2026-08-18 19:17:00,SUCCESS,UPI,NONE
TXN000692,C0445,P001,4999.0,2026-08-04 22:22:00,SUCCESS,CREDIT_CARD,NONE
TXN000693,C0269,P001,4999.0,2026-08-08 01:21:00,SUCCESS,CREDIT_CARD,NONE
TXN000694,C0369,P001,4999.0,2026-08-17 13:12:00,SUCCESS,UPI,NONE
TXN000695,C0543,P001,4999.0,2026-06-24 20:48:00,SUCCESS,UPI,NONE
TXN000696,C0561,P001,4999.0,2026-06-24 19:28:00,SUCCESS,UPI,NONE
TXN000697,C0370,P001,4999.0,2026-07-14 17:26:00,SUCCESS,UPI,NONE
TXN000698,C0603,P001,4999.0,2026-08-22 21:04:00,SUCCESS,DEBIT_CARD,NONE
TXN000699,C0599,P001,4999.0,2026-07-08 20:40:00,SUCCESS,DEBIT_CARD,NONE
TXN000700,C0350,P001,4999.0,2026-07-01 20:58:00,SUCCESS,UPI,NONE
TXN000701,C0349,P001,4999.0,2026-07-19 12:50:00,SUCCESS,UPI,NONE
TXN000702,C0334,P001,4999.0,2026-08-10 01:15:00,SUCCESS,UPI,NONE
TXN000703,C0491,P001,4999.0,2026-08-12 16:17:00,SUCCESS,UPI,NONE
TXN000704,C0252,P001,4999.0,2026-06-17 13:26:00,SUCCESS,UPI,NONE
TXN000705,C0371,P001,4999.0,2026-06-27 17:06:00,SUCCESS,UPI,NONE
TXN000706,C0612,P001,4999.0,2026-08-19 22:44:00,SUCCESS,UPI,NONE
TXN000707,C0328,P001,4999.0,2026-07-09 15:17:00,SUCCESS,UPI,NONE
TXN000708,C0274,P001,4999.0,2026-07-22 00:57:00,SUCCESS,UPI,NONE
TXN000709,C0234,P001,4999.0,2026-08-22 06:07:00,SUCCESS,UPI,NONE
TXN000710,C0414,P001,4999.0,2026-08-23 14:39:00,SUCCESS,UPI,NONE
TXN000711,C0540,P001,4999.0,2026-07-03 23:38:00,SUCCESS,UPI,NONE
TXN000712,C0258,P001,4999.0,2026-08-19 13:45:00,SUCCESS,UPI,NONE
TXN000713,C0422,P001,4999.0,2026-07-18 16:55:00,SUCCESS,DEBIT_CARD,NONE
TXN000714,C0471,P001,4999.0,2026-08-19 01:53:00,SUCCESS,UPI,NONE
TXN000715,C0265,P001,4999.0,2026-08-24 17:40:00,SUCCESS,UPI,NONE
TXN000716,C0285,P001,4999.0,2026-07-03 16:28:00,SUCCESS,DEBIT_CARD,NONE
TXN000717,C0254,P001,4999.0,2026-07-24 10:16:00,SUCCESS,UPI,NONE
TXN000718,C0308,P001,4999.0,2026-08-25 00:36:00,SUCCESS,UPI,NONE
TXN000719,C0554,P001,4999.0,2026-07-16 16:54:00,SUCCESS,CREDIT_CARD,NONE
TXN000720,C0335,P001,4999.0,2026-08-14 12:17:00,SUCCESS,UPI,NONE
TXN000721,C0504,P001,4999.0,2026-06-24 18:09:00,SUCCESS,CREDIT_CARD,NONE
TXN000722,C0365,P001,4999.0,2026-07-15 05:21:00,SUCCESS,UPI,NONE
TXN000723,C0448,P001,4999.0,2026-07-03 04:29:00,SUCCESS,CREDIT_CARD,NONE
TXN000724,C0616,P001,4999.0,2026-08-17 17:47:00,SUCCESS,UPI,NONE
TXN000725,C0439,P001,4999.0,2026-08-21 01:24:00,SUCCESS,UPI,NONE
TXN000726,C0621,P001,4999.0,2026-07-29 15:13:00,SUCCESS,NET_BANKING,NONE
TXN000727,C0305,P001,4999.0,2026-08-14 16:39:00,SUCCESS,UPI,NONE
TXN000728,C0619,P001,4999.0,2026-06-20 19:33:00,SUCCESS,UPI,NONE
TXN000729,C0374,P001,4999.0,2026-08-17 14:08:00,SUCCESS,UPI,NONE
TXN000730,C0533,P001,4999.0,2026-07-19 21:18:00,SUCCESS,UPI,NONE
TXN000731,C0386,P001,4999.0,2026-08-01 21:35:00,SUCCESS,UPI,NONE
TXN000732,C0555,P001,4999.0,2026-06-22 20:18:00,SUCCESS,CREDIT_CARD,NONE
TXN000733,C0408,P001,4999.0,2026-08-04 10:20:00,SUCCESS,CREDIT_CARD,NONE
TXN000734,C0497,P001,4999.0,2026-08-03 16:29:00,SUCCESS,UPI,NONE
TXN000735,C0222,P001,4999.0,2026-06-29 02:01:00,SUCCESS,CREDIT_CARD,NONE
TXN000736,C0615,P001,4999.0,2026-07-02 16:14:00,SUCCESS,CREDIT_CARD,NONE
TXN000737,C0469,P001,4999.0,2026-06-22 04:37:00,SUCCESS,UPI,NONE
TXN000738,C0550,P001,4999.0,2026-07-28 06:13:00,SUCCESS,CREDIT_CARD,NONE
TXN000739,C0464,P001,4999.0,2026-07-19 21:34:00,SUCCESS,UPI,NONE
TXN000740,C0566,P001,4999.0,2026-08-18 14:47:00,SUCCESS,DEBIT_CARD,NONE
TXN000741,C0404,P001,4999.0,2026-07-24 01:19:00,SUCCESS,UPI,NONE
TXN000742,C0388,P001,4999.0,2026-07-27 22:45:00,SUCCESS,UPI,NONE
TXN000743,C0372,P001,4999.0,2026-08-03 10:45:00,SUCCESS,CREDIT_CARD,NONE
TXN000744,C0529,P001,4999.0,2026-07-18 20:29:00,SUCCESS,UPI,NONE
TXN000745,C0472,P001,4999.0,2026-07-02 21:19:00,SUCCESS,DEBIT_CARD,NONE
TXN000746,C0292,P001,4999.0,2026-08-02 05:43:00,SUCCESS,UPI,NONE
TXN000747,C0503,P001,4999.0,2026-07-25 02:18:00,SUCCESS,UPI,NONE
TXN000748,C0353,P001,4999.0,2026-08-21 19:10:00,SUCCESS,UPI,NONE
TXN000749,C0341,P001,4999.0,2026-08-17 00:22:00,SUCCESS,UPI,NONE
TXN000750,C0582,P001,4999.0,2026-08-18 21:03:00,SUCCESS,UPI,NONE
TXN000751,C0364,P001,4999.0,2026-08-15 22:07:00,SUCCESS,CREDIT_CARD,NONE
TXN000752,C0622,P001,4999.0,2026-08-10 03:53:00,SUCCESS,UPI,NONE
TXN000753,C0345,P001,4999.0,2026-06-24 07:27:00,SUCCESS,CREDIT_CARD,NONE
TXN000754,C0398,P001,4999.0,2026-06-21 02:29:00,SUCCESS,DEBIT_CARD,NONE
TXN000755,C0432,P001,4999.0,2026-07-27 15:53:00,SUCCESS,CREDIT_CARD,NONE
TXN000756,C0630,P001,4999.0,2026-07-18 00:07:00,SUCCESS,UPI,NONE
TXN000757,C0282,P001,4999.0,2026-07-09 03:01:00,SUCCESS,UPI,NONE
TXN000758,C0363,P001,4999.0,2026-08-09 07:49:00,SUCCESS,UPI,NONE
TXN000759,C0293,P001,4999.0,2026-07-22 20:34:00,SUCCESS,UPI,NONE
TXN000760,C0257,P001,4999.0,2026-08-19 19:26:00,SUCCESS,UPI,NONE
TXN000761,C0332,P001,4999.0,2026-08-13 00:26:00,SUCCESS,UPI,NONE
TXN000762,C0536,P001,4999.0,2026-07-27 02:04:00,SUCCESS,CREDIT_CARD,NONE
TXN000763,C0277,P001,4999.0,2026-08-08 23:30:00,SUCCESS,CREDIT_CARD,NONE
TXN000764,C0226,P001,4999.0,2026-07-19 10:19:00,SUCCESS,NET_BANKING,NONE
TXN000765,C0276,P001,4999.0,2026-08-22 13:09:00,SUCCESS,NET_BANKING,NONE
TXN000766,C0567,P001,4999.0,2026-07-28 02:25:00,SUCCESS,UPI,NONE
TXN000767,C0326,P001,4999.0,2026-07-11 13:53:00,SUCCESS,UPI,NONE
TXN000768,C0488,P001,4999.0,2026-07-27 20:36:00,SUCCESS,UPI,NONE
TXN000769,C0526,P001,4999.0,2026-07-08 02:41:00,SUCCESS,UPI,NONE
TXN000770,C0291,P001,4999.0,2026-07-28 01:47:00,SUCCESS,DEBIT_CARD,NONE
TXN000771,C0584,P001,4999.0,2026-08-06 20:20:00,SUCCESS,UPI,NONE
TXN000772,C0225,P001,4999.0,2026-07-06 09:43:00,SUCCESS,DEBIT_CARD,NONE
TXN000773,C0618,P001,4999.0,2026-06-25 19:13:00,SUCCESS,UPI,NONE
TXN000774,C0549,P001,4999.0,2026-07-15 12:33:00,SUCCESS,DEBIT_CARD,NONE
TXN000775,C0597,P001,4999.0,2026-08-15 05:16:00,SUCCESS,UPI,NONE
TXN000776,C0462,P001,4999.0,2026-08-18 23:34:00,SUCCESS,UPI,NONE
TXN000777,C0359,P001,4999.0,2026-06-18 00:31:00,SUCCESS,CREDIT_CARD,NONE
TXN000778,C0421,P001,4999.0,2026-08-20 14:19:00,SUCCESS,UPI,NONE
TXN000779,C0545,P001,4999.0,2026-07-01 14:52:00,SUCCESS,UPI,NONE
TXN000780,C0380,P001,4999.0,2026-08-01 14:41:00,SUCCESS,UPI,NONE
TXN000781,C0481,P001,4999.0,2026-08-17 07:50:00,SUCCESS,UPI,NONE
TXN000782,C0297,P001,4999.0,2026-08-10 15:17:00,SUCCESS,UPI,NONE
TXN000783,C0604,P001,4999.0,2026-07-17 20:30:00,SUCCESS,DEBIT_CARD,NONE
TXN000784,C0563,P001,4999.0,2026-08-10 02:49:00,SUCCESS,CREDIT_CARD,NONE
TXN000785,C0309,P001,4999.0,2026-07-17 01:48:00,SUCCESS,UPI,NONE
TXN000786,C0240,P001,4999.0,2026-07-11 05:35:00,SUCCESS,DEBIT_CARD,NONE
TXN000787,C0330,P001,4999.0,2026-07-30 10:59:00,SUCCESS,NET_BANKING,NONE
TXN000788,C0581,P001,4999.0,2026-07-29 08:31:00,SUCCESS,UPI,NONE
TXN000789,C0261,P001,4999.0,2026-08-06 09:35:00,SUCCESS,UPI,NONE
TXN000790,C0440,P001,4999.0,2026-07-25 06:55:00,SUCCESS,NET_BANKING,NONE
TXN000791,C0607,P001,4999.0,2026-08-05 16:53:00,SUCCESS,UPI,NONE
TXN000792,C0605,P001,4999.0,2026-06-20 21:11:00,SUCCESS,DEBIT_CARD,NONE
TXN000793,C0629,P001,4999.0,2026-06-29 13:29:00,SUCCESS,UPI,NONE
TXN000794,C0458,P001,4999.0,2026-08-01 04:05:00,SUCCESS,CREDIT_CARD,NONE
TXN000795,C0449,P001,4999.0,2026-07-24 01:13:00,SUCCESS,UPI,NONE
TXN000796,C0539,P001,4999.0,2026-08-10 21:06:00,SUCCESS,UPI,NONE
TXN000797,C0336,P001,4999.0,2026-07-31 01:14:00,SUCCESS,CREDIT_CARD,NONE
TXN000798,C0406,P001,4999.0,2026-07-05 05:34:00,SUCCESS,CREDIT_CARD,NONE
TXN000799,C0420,P001,4999.0,2026-08-24 01:44:00,SUCCESS,UPI,NONE
TXN000800,C0355,P001,4999.0,2026-07-01 03:37:00,SUCCESS,UPI,NONE
TXN000801,C0447,P001,4999.0,2026-06-30 09:00:00,SUCCESS,UPI,NONE
TXN000802,C0528,P001,4999.0,2026-07-16 12:35:00,SUCCESS,CREDIT_CARD,NONE
TXN000803,C0548,P001,4999.0,2026-07-08 12:33:00,SUCCESS,CREDIT_CARD,NONE
TXN000804,C0376,P001,4999.0,2026-07-26 08:54:00,SUCCESS,UPI,NONE
TXN000805,C0410,P001,4999.0,2026-08-21 00:01:00,SUCCESS,UPI,NONE
TXN000806,C0232,P001,4999.0,2026-07-12 15:18:00,SUCCESS,NET_BANKING,NONE
TXN000807,C0511,P001,4999.0,2026-08-22 10:44:00,SUCCESS,UPI,NONE
TXN000808,C0573,P001,4999.0,2026-07-10 01:35:00,SUCCESS,CREDIT_CARD,NONE
TXN000809,C0303,P001,4999.0,2026-08-10 17:58:00,SUCCESS,UPI,NONE
TXN000810,C0358,P001,4999.0,2026-07-25 05:28:00,SUCCESS,UPI,NONE
TXN000811,C0399,P001,4999.0,2026-07-14 20:52:00,SUCCESS,UPI,NONE
TXN000812,C0436,P001,4999.0,2026-06-20 21:51:00,SUCCESS,UPI,NONE
TXN000813,C0425,P001,4999.0,2026-07-18 09:52:00,SUCCESS,UPI,NONE
TXN000814,C0438,P001,4999.0,2026-07-22 23:01:00,SUCCESS,UPI,NONE
TXN000815,C0288,P001,4999.0,2026-07-24 15:07:00,SUCCESS,CREDIT_CARD,NONE
TXN000816,C0569,P001,4999.0,2026-07-24 18:40:00,SUCCESS,UPI,NONE
TXN000817,C0589,P001,4999.0,2026-08-06 00:13:00,SUCCESS,WALLET,NONE
TXN000818,C0574,P001,4999.0,2026-08-07 17:06:00,SUCCESS,NET_BANKING,NONE
TXN000819,C0572,P001,4999.0,2026-07-02 09:48:00,SUCCESS,UPI,NONE
TXN000820,C0507,P001,4999.0,2026-07-29 05:58:00,SUCCESS,UPI,NONE
TXN000821,C0321,P001,4999.0,2026-08-06 12:31:00,SUCCESS,UPI,NONE
TXN000822,C0259,P001,4999.0,2026-06-25 09:32:00,SUCCESS,UPI,NONE
TXN000823,C0631,P001,4999.0,2026-06-25 20:29:00,SUCCESS,UPI,NONE
TXN000824,C0514,P001,4999.0,2026-08-09 07:38:00,SUCCESS,UPI,NONE
TXN000825,C0361,P001,4999.0,2026-07-22 05:07:00,SUCCESS,UPI,NONE
TXN000826,C0247,P001,4999.0,2026-06-23 02:24:00,SUCCESS,DEBIT_CARD,NONE
TXN000827,C0446,P001,4999.0,2026-07-30 17:00:00,SUCCESS,UPI,NONE
TXN000828,C0559,P001,4999.0,2026-08-03 21:02:00,SUCCESS,UPI,NONE
TXN000829,C0390,P001,4999.0,2026-06-24 13:54:00,SUCCESS,DEBIT_CARD,NONE
TXN000830,C0479,P001,4999.0,2026-08-24 01:17:00,SUCCESS,WALLET,NONE
TXN000831,C0381,P001,4999.0,2026-08-11 22:37:00,SUCCESS,UPI,NONE
TXN000832,C0596,P001,4999.0,2026-08-14 00:51:00,SUCCESS,UPI,NONE
TXN000833,C0606,P001,4999.0,2026-06-29 12:18:00,SUCCESS,UPI,NONE
TXN000834,C0518,P001,4999.0,2026-07-23 15:18:00,SUCCESS,UPI,NONE
TXN000835,C0627,P001,4999.0,2026-08-21 14:21:00,SUCCESS,NET_BANKING,NONE
TXN000836,C0340,P001,4999.0,2026-07-16 16:52:00,SUCCESS,UPI,NONE
TXN000837,C0256,P001,4999.0,2026-08-20 14:42:00,SUCCESS,UPI,NONE
TXN000838,C0441,P001,4999.0,2026-08-20 08:25:00,SUCCESS,NET_BANKING,NONE
TXN000839,C0570,P001,4999.0,2026-07-10 08:35:00,SUCCESS,UPI,NONE
TXN000840,C0508,P001,4999.0,2026-07-27 22:55:00,SUCCESS,UPI,NONE
TXN000841,C0602,P001,4999.0,2026-08-01 05:36:00,SUCCESS,CREDIT_CARD,NONE
TXN000842,C0298,P001,4999.0,2026-07-21 14:12:00,SUCCESS,NET_BANKING,NONE
TXN000843,C0485,P001,4999.0,2026-08-08 07:41:00,SUCCESS,UPI,NONE
TXN000844,C0242,P001,4999.0,2026-07-03 01:03:00,SUCCESS,CREDIT_CARD,NONE
TXN000845,C0564,P001,4999.0,2026-08-10 23:18:00,SUCCESS,UPI,NONE
TXN000846,C0593,P001,4999.0,2026-07-10 18:48:00,SUCCESS,UPI,NONE
TXN000847,C0447,P010,899.0,2026-08-26 17:22:00,FAILED,UPI,NONE
TXN000848,C0482,P005,1199.0,2026-08-22 06:33:00,FAILED,UPI,NONE
TXN000849,C0091,P011,649.0,2026-08-25 21:17:00,FAILED,UPI,NONE
TXN000850,C0780,P002,699.0,2026-08-23 19:20:00,FAILED,UPI,NONE
TXN000851,C0347,P010,899.0,2026-08-25 09:02:00,FAILED,UPI,NONE
TXN000852,C0180,P012,1799.0,2026-08-27 04:27:00,FAILED,UPI,NONE
TXN000853,C0098,P011,649.0,2026-08-30 10:28:00,FAILED,UPI,NONE
TXN000854,C0472,P003,2499.0,2026-08-23 14:14:00,FAILED,CREDIT_CARD,NONE
TXN000855,C0413,P005,1199.0,2026-08-22 09:11:00,FAILED,UPI,NONE
TXN000856,C0808,P012,1799.0,2026-08-24 06:10:00,FAILED,CREDIT_CARD,NONE
TXN000857,C0096,P003,2499.0,2026-08-24 13:41:00,FAILED,UPI,NONE
TXN000858,C0515,P012,1799.0,2026-08-23 16:09:00,FAILED,UPI,NONE
TXN000859,C0942,P002,699.0,2026-08-28 06:55:00,FAILED,NET_BANKING,NONE
TXN000860,C0315,P012,1799.0,2026-08-29 22:26:00,FAILED,UPI,NONE
TXN000861,C0169,P003,2499.0,2026-08-28 15:30:00,FAILED,UPI,NONE
TXN000862,C0939,P012,1799.0,2026-08-19 16:14:00,FAILED,UPI,NONE
TXN000863,C0882,P011,649.0,2026-08-25 13:17:00,FAILED,UPI,NONE
TXN000864,C0873,P005,1199.0,2026-08-30 07:52:00,FAILED,UPI,NONE
TXN000865,C0885,P003,2499.0,2026-08-20 05:06:00,FAILED,UPI,NONE
TXN000866,C0714,P002,699.0,2026-08-21 04:33:00,FAILED,CREDIT_CARD,NONE
TXN000867,C0601,P002,699.0,2026-08-30 02:11:00,FAILED,UPI,NONE
TXN000868,C0482,P003,2499.0,2026-08-30 06:03:00,FAILED,CREDIT_CARD,NONE
TXN000869,C0505,P010,899.0,2026-08-24 11:05:00,FAILED,UPI,NONE
TXN000870,C0256,P005,1199.0,2026-08-21 23:57:00,FAILED,UPI,NONE
TXN000871,C0695,P012,1799.0,2026-08-24 22:06:00,FAILED,CREDIT_CARD,NONE
TXN000872,C0660,P012,1799.0,2026-08-23 02:58:00,FAILED,UPI,NONE
TXN000873,C0575,P011,649.0,2026-08-19 16:01:00,FAILED,NET_BANKING,NONE
TXN000874,C0938,P010,899.0,2026-08-27 13:57:00,FAILED,UPI,NONE
TXN000875,C0640,P005,1199.0,2026-08-23 09:43:00,FAILED,UPI,NONE
TXN000876,C0534,P003,2499.0,2026-08-23 16:19:00,FAILED,UPI,NONE
TXN000877,C0496,P003,2499.0,2026-08-29 02:14:00,FAILED,UPI,NONE
TXN000878,C0498,P002,699.0,2026-08-23 04:23:00,FAILED,UPI,NONE
TXN000879,C0666,P012,1799.0,2026-08-20 21:52:00,FAILED,CREDIT_CARD,NONE
TXN000880,C0449,P010,899.0,2026-08-17 14:19:00,FAILED,UPI,NONE
TXN000881,C0533,P002,699.0,2026-08-22 05:42:00,FAILED,CREDIT_CARD,NONE
TXN000882,C0733,P010,899.0,2026-08-29 06:48:00,FAILED,UPI,NONE
TXN000883,C0153,P010,899.0,2026-08-24 02:45:00,FAILED,UPI,NONE
TXN000884,C0068,P005,1199.0,2026-08-27 00:17:00,FAILED,UPI,NONE
TXN000885,C0930,P011,649.0,2026-08-31 09:39:00,FAILED,UPI,NONE
TXN000886,C0282,P003,2499.0,2026-08-23 04:29:00,FAILED,NET_BANKING,NONE
TXN000887,C0853,P005,1199.0,2026-08-19 10:11:00,FAILED,UPI,NONE
TXN000888,C0204,P012,1799.0,2026-08-17 19:22:00,FAILED,UPI,NONE
TXN000889,C0101,P010,899.0,2026-08-18 21:07:00,FAILED,NET_BANKING,NONE
TXN000890,C0850,P011,649.0,2026-08-22 08:08:00,FAILED,UPI,NONE
TXN000891,C0157,P002,699.0,2026-08-21 08:05:00,FAILED,NET_BANKING,NONE
TXN000892,C0210,P012,1799.0,2026-08-26 13:32:00,FAILED,UPI,NONE
TXN000893,C0941,P003,2499.0,2026-08-28 15:37:00,FAILED,CREDIT_CARD,NONE
TXN000894,C0175,P002,699.0,2026-08-23 22:11:00,FAILED,UPI,NONE
TXN000895,C0878,P010,899.0,2026-08-26 02:28:00,FAILED,UPI,NONE
TXN000896,C0431,P012,1799.0,2026-08-18 22:37:00,FAILED,UPI,NONE
TXN000897,C0205,P011,649.0,2026-08-25 04:52:00,FAILED,UPI,NONE
TXN000898,C0469,P010,899.0,2026-08-17 19:10:00,FAILED,UPI,NONE
TXN000899,C0080,P010,899.0,2026-08-29 11:15:00,FAILED,NET_BANKING,NONE
TXN000900,C0136,P005,1199.0,2026-08-25 23:11:00,FAILED,UPI,NONE
TXN000901,C0452,P003,2499.0,2026-08-20 15:51:00,FAILED,UPI,NONE
TXN000902,C0696,P012,1799.0,2026-08-18 14:04:00,FAILED,NET_BANKING,NONE
TXN000903,C0479,P010,899.0,2026-08-20 13:25:00,FAILED,CREDIT_CARD,NONE
TXN000904,C0371,P005,1199.0,2026-08-31 03:03:00,FAILED,UPI,NONE
TXN000905,C0200,P012,1799.0,2026-08-24 21:19:00,FAILED,CREDIT_CARD,NONE
TXN000906,C0689,P011,649.0,2026-08-20 21:16:00,FAILED,CREDIT_CARD,NONE
TXN000907,C0850,P012,1799.0,2026-08-25 05:04:00,FAILED,UPI,NONE
TXN000908,C0600,P005,1199.0,2026-08-24 12:14:00,FAILED,CREDIT_CARD,NONE
TXN000909,C0582,P011,649.0,2026-08-27 05:55:00,FAILED,UPI,NONE
TXN000910,C0583,P005,1199.0,2026-08-18 15:50:00,FAILED,UPI,NONE
TXN000911,C0865,P011,649.0,2026-08-22 03:45:00,FAILED,CREDIT_CARD,NONE
TXN000912,C0567,P003,2499.0,2026-08-20 10:07:00,FAILED,UPI,NONE
TXN000913,C0569,P005,1199.0,2026-08-30 10:12:00,FAILED,NET_BANKING,NONE
TXN000914,C0509,P005,1199.0,2026-08-21 13:00:00,FAILED,UPI,NONE
TXN000915,C0291,P012,1799.0,2026-08-21 17:15:00,FAILED,UPI,NONE
TXN000916,C0914,P011,649.0,2026-08-28 00:41:00,FAILED,UPI,NONE
TXN000917,C0884,P012,1799.0,2026-08-21 14:52:00,FAILED,UPI,NONE
TXN000918,C0805,P002,699.0,2026-08-30 01:27:00,FAILED,UPI,NONE
TXN000919,C0847,P005,1199.0,2026-08-24 08:51:00,FAILED,UPI,NONE
TXN000920,C0471,P003,2499.0,2026-08-30 10:33:00,FAILED,UPI,NONE
TXN000921,C0506,P003,2499.0,2026-08-25 14:27:00,FAILED,UPI,NONE
TXN000922,C0581,P010,899.0,2026-08-18 03:23:00,FAILED,UPI,NONE
TXN000923,C0500,P012,1799.0,2026-08-23 12:34:00,FAILED,UPI,NONE
TXN000924,C0180,P010,899.0,2026-08-19 21:52:00,FAILED,UPI,NONE
TXN000925,C0591,P003,2499.0,2026-08-20 05:31:00,FAILED,UPI,NONE
TXN000926,C0210,P011,649.0,2026-08-26 08:22:00,FAILED,UPI,NONE
TXN000927,C0428,P011,649.0,2026-08-27 10:27:00,FAILED,UPI,NONE
TXN000928,C0362,P005,1199.0,2026-08-27 02:29:00,FAILED,CREDIT_CARD,NONE
TXN000929,C0195,P011,649.0,2026-08-25 10:01:00,FAILED,CREDIT_CARD,NONE
TXN000930,C0270,P002,699.0,2026-08-17 12:29:00,FAILED,UPI,NONE
TXN000931,C0407,P003,2499.0,2026-08-18 10:34:00,FAILED,UPI,NONE
TXN000932,C0629,P010,899.0,2026-08-25 23:30:00,FAILED,CREDIT_CARD,NONE
TXN000933,C0185,P002,699.0,2026-08-22 15:31:00,FAILED,UPI,NONE
TXN000934,C0202,P012,1799.0,2026-08-26 09:09:00,FAILED,UPI,NONE
TXN000935,C0469,P010,899.0,2026-08-27 23:39:00,FAILED,UPI,NONE
TXN000936,C0736,P010,899.0,2026-08-20 03:19:00,FAILED,CREDIT_CARD,NONE
TXN000937,C0774,P003,2499.0,2026-08-21 15:10:00,FAILED,UPI,NONE
TXN000938,C0710,P003,2499.0,2026-08-20 18:55:00,FAILED,NET_BANKING,NONE
TXN000939,C0604,P011,649.0,2026-08-19 10:24:00,FAILED,UPI,NONE
TXN000940,C0537,P011,649.0,2026-08-31 08:18:00,FAILED,UPI,NONE
TXN000941,C0069,P005,1199.0,2026-08-19 05:45:00,FAILED,CREDIT_CARD,NONE
TXN000942,C0643,P010,899.0,2026-08-29 18:22:00,FAILED,UPI,NONE
TXN000943,C0096,P010,899.0,2026-08-18 11:39:00,FAILED,UPI,NONE
TXN000944,C0074,P011,649.0,2026-08-25 23:44:00,FAILED,UPI,NONE
TXN000945,C0151,P011,649.0,2026-08-29 02:51:00,FAILED,UPI,NONE
TXN000946,C0141,P002,699.0,2026-08-26 22:17:00,FAILED,UPI,NONE
TXN000947,C0383,P002,699.0,2026-08-30 13:57:00,FAILED,UPI,NONE
TXN000948,C0377,P002,699.0,2026-08-25 01:44:00,FAILED,NET_BANKING,NONE
TXN000949,C0173,P003,2499.0,2026-08-28 04:12:00,FAILED,UPI,NONE
TXN000950,C0554,P011,649.0,2026-08-18 19:36:00,FAILED,UPI,NONE
TXN000951,C0375,P010,899.0,2026-08-22 22:56:00,FAILED,UPI,NONE
TXN000952,C0698,P002,699.0,2026-08-31 03:25:00,FAILED,UPI,NONE
TXN000953,C0302,P011,649.0,2026-08-21 07:41:00,FAILED,UPI,NONE
TXN000954,C0135,P012,1799.0,2026-08-23 05:10:00,FAILED,UPI,NONE
TXN000955,C0222,P002,699.0,2026-08-22 22:02:00,FAILED,UPI,NONE
TXN000956,C0051,P010,899.0,2026-08-17 16:42:00,FAILED,NET_BANKING,NONE
TXN000957,C0050,P003,2499.0,2026-08-24 03:22:00,FAILED,CREDIT_CARD,NONE
TXN000958,C0439,P005,1199.0,2026-08-17 15:47:00,FAILED,CREDIT_CARD,NONE
TXN000959,C0338,P003,2499.0,2026-08-28 12:26:00,FAILED,UPI,NONE
TXN000960,C0141,P010,899.0,2026-08-20 08:07:00,FAILED,CREDIT_CARD,NONE
TXN000961,C0336,P010,899.0,2026-08-27 16:28:00,FAILED,CREDIT_CARD,NONE
TXN000962,C0400,P012,1799.0,2026-08-26 13:32:00,FAILED,UPI,NONE
TXN000963,C0379,P005,1199.0,2026-08-27 21:22:00,FAILED,UPI,NONE
TXN000964,C0758,P002,699.0,2026-08-21 11:22:00,FAILED,UPI,NONE
TXN000965,C0059,P012,1799.0,2026-08-28 22:25:00,FAILED,CREDIT_CARD,NONE
TXN000966,C0830,P010,899.0,2026-08-23 09:10:00,FAILED,UPI,NONE
TXN000967,C0601,P003,2499.0,2026-08-17 14:32:00,FAILED,UPI,NONE
TXN000968,C0882,P010,899.0,2026-08-17 16:38:00,FAILED,UPI,NONE
TXN000969,C0836,P012,1799.0,2026-08-31 08:31:00,FAILED,NET_BANKING,NONE
TXN000970,C0505,P003,2499.0,2026-08-27 12:59:00,FAILED,UPI,NONE
TXN000971,C0776,P005,1199.0,2026-08-28 09:08:00,FAILED,UPI,NONE
TXN000972,C0877,P012,1799.0,2026-08-28 04:29:00,FAILED,UPI,NONE
TXN000973,C0554,P012,1799.0,2026-08-19 16:47:00,FAILED,UPI,NONE
TXN000974,C0890,P012,1799.0,2026-08-25 08:05:00,FAILED,UPI,NONE
TXN000975,C0555,P002,699.0,2026-08-23 05:18:00,FAILED,UPI,NONE
TXN000976,C0748,P011,649.0,2026-08-22 06:56:00,FAILED,UPI,NONE
TXN000977,C0116,P002,699.0,2026-08-26 17:06:00,FAILED,CREDIT_CARD,NONE
TXN000978,C0796,P005,1199.0,2026-08-27 14:59:00,FAILED,UPI,NONE
TXN000979,C0679,P005,1199.0,2026-08-20 18:04:00,FAILED,UPI,NONE
TXN000980,C0487,P012,1799.0,2026-08-20 15:57:00,FAILED,UPI,NONE
TXN000981,C0466,P005,1199.0,2026-08-29 14:27:00,FAILED,UPI,NONE
TXN000982,C0579,P003,2499.0,2026-08-20 04:57:00,FAILED,NET_BANKING,NONE
TXN000983,C0595,P010,899.0,2026-08-26 11:35:00,FAILED,UPI,NONE
TXN000984,C0635,P003,2499.0,2026-08-20 04:16:00,FAILED,NET_BANKING,NONE
TXN000985,C0305,P002,699.0,2026-08-29 01:41:00,FAILED,UPI,NONE
TXN000986,C0149,P003,2499.0,2026-08-23 22:09:00,FAILED,UPI,NONE
TXN000987,C0691,P005,1199.0,2026-08-18 03:45:00,FAILED,UPI,NONE
TXN000988,C0398,P003,2499.0,2026-08-18 01:27:00,FAILED,NET_BANKING,NONE
TXN000989,C0844,P011,649.0,2026-08-21 21:12:00,FAILED,UPI,NONE
TXN000990,C0642,P003,2499.0,2026-08-30 10:02:00,FAILED,UPI,NONE
TXN000991,C0918,P012,1799.0,2026-08-30 07:57:00,FAILED,UPI,NONE
TXN000992,C0675,P012,1799.0,2026-08-25 09:54:00,FAILED,UPI,NONE
TXN000993,C0103,P005,1199.0,2026-08-17 23:35:00,FAILED,UPI,NONE
TXN000994,C0470,P002,699.0,2026-08-17 16:10:00,FAILED,UPI,NONE
TXN000995,C0514,P010,899.0,2026-08-23 22:04:00,FAILED,UPI,NONE
TXN000996,C0397,P012,1799.0,2026-08-21 11:31:00,FAILED,UPI,NONE
TXN000997,C0247,P003,2499.0,2026-08-30 11:22:00,FAILED,UPI,NONE
TXN000998,C0858,P002,699.0,2026-08-22 07:20:00,FAILED,UPI,NONE
TXN000999,C0481,P010,899.0,2026-08-19 16:32:00,FAILED,UPI,NONE
TXN001000,C0866,P003,2499.0,2026-08-31 07:41:00,FAILED,UPI,NONE
TXN001001,C0717,P005,1199.0,2026-08-26 17:04:00,FAILED,CREDIT_CARD,NONE
TXN001002,C0200,P010,899.0,2026-08-26 16:39:00,FAILED,UPI,NONE
TXN001003,C0058,P011,649.0,2026-08-21 14:17:00,FAILED,UPI,NONE
TXN001004,C0569,P011,649.0,2026-08-18 10:33:00,FAILED,UPI,NONE
TXN001005,C0255,P012,1799.0,2026-08-28 09:39:00,FAILED,UPI,NONE
TXN001006,C0761,P012,1799.0,2026-08-23 16:16:00,FAILED,CREDIT_CARD,NONE
TXN001007,C0629,P005,1199.0,2026-08-22 02:34:00,FAILED,UPI,NONE
TXN001008,C0515,P003,2499.0,2026-08-24 04:02:00,FAILED,UPI,NONE
TXN001009,C0759,P002,699.0,2026-08-23 16:47:00,FAILED,UPI,NONE
TXN001010,C0836,P005,1199.0,2026-08-18 12:36:00,FAILED,UPI,NONE
TXN001011,C0895,P003,2499.0,2026-08-26 11:56:00,FAILED,UPI,NONE
TXN001012,C0167,P002,699.0,2026-08-26 21:48:00,FAILED,UPI,NONE
TXN001013,C0833,P005,1199.0,2026-08-31 11:48:00,FAILED,UPI,NONE
TXN001014,C0274,P005,1199.0,2026-08-20 06:39:00,FAILED,UPI,NONE
TXN001015,C0250,P003,2499.0,2026-08-29 03:02:00,FAILED,UPI,NONE
TXN001016,C0743,P002,699.0,2026-08-24 15:10:00,FAILED,UPI,NONE
TXN001017,C0265,P005,1199.0,2026-08-24 04:37:00,FAILED,UPI,NONE
TXN001018,C0589,P011,649.0,2026-08-24 13:56:00,FAILED,UPI,NONE
TXN001019,C0183,P002,699.0,2026-08-27 18:36:00,FAILED,UPI,NONE
TXN001020,C0663,P010,899.0,2026-08-21 04:02:00,FAILED,CREDIT_CARD,NONE
TXN001021,C0651,P002,699.0,2026-08-17 18:42:00,FAILED,UPI,NONE
TXN001022,C0104,P012,1799.0,2026-08-19 03:05:00,FAILED,CREDIT_CARD,NONE
TXN001023,C0648,P010,899.0,2026-08-27 12:55:00,FAILED,CREDIT_CARD,NONE
TXN001024,C0679,P003,2499.0,2026-08-28 19:36:00,FAILED,CREDIT_CARD,NONE
TXN001025,C0433,P010,899.0,2026-08-22 21:49:00,FAILED,CREDIT_CARD,NONE
TXN001026,C0588,P012,1799.0,2026-08-23 13:29:00,FAILED,UPI,NONE
TXN001027,C0460,P012,1799.0,2026-08-18 17:19:00,FAILED,UPI,NONE
TXN001028,C0257,P010,899.0,2026-08-18 04:35:00,FAILED,UPI,NONE
TXN001029,C0436,P011,649.0,2026-08-29 00:44:00,FAILED,UPI,NONE
TXN001030,C0819,P003,2499.0,2026-08-26 21:27:00,FAILED,UPI,NONE
TXN001031,C0092,P010,899.0,2026-08-22 16:39:00,FAILED,UPI,NONE
TXN001032,C0492,P010,899.0,2026-08-25 20:40:00,FAILED,UPI,NONE
TXN001033,C0233,P010,899.0,2026-08-28 03:19:00,FAILED,UPI,NONE
TXN001034,C0134,P005,1199.0,2026-08-17 19:28:00,FAILED,UPI,NONE
TXN001035,C0854,P005,1199.0,2026-08-28 08:53:00,FAILED,UPI,NONE
TXN001036,C0609,P002,699.0,2026-08-26 05:17:00,FAILED,UPI,NONE
TXN001037,C0813,P012,1799.0,2026-08-18 03:48:00,FAILED,UPI,NONE
TXN001038,C0191,P012,1799.0,2026-08-19 18:02:00,FAILED,UPI,NONE
TXN001039,C0356,P005,1199.0,2026-08-18 00:10:00,FAILED,NET_BANKING,NONE
TXN001040,C0891,P011,649.0,2026-08-18 16:00:00,FAILED,UPI,NONE
TXN001041,C0829,P002,699.0,2026-08-17 23:46:00,FAILED,CREDIT_CARD,NONE
TXN001042,C0264,P010,899.0,2026-08-27 19:23:00,FAILED,CREDIT_CARD,NONE
TXN001043,C0789,P010,899.0,2026-08-26 09:40:00,FAILED,UPI,NONE
TXN001044,C0764,P010,899.0,2026-08-27 21:32:00,FAILED,UPI,NONE
TXN001045,C0192,P011,649.0,2026-08-18 07:41:00,FAILED,UPI,NONE
TXN001046,C0879,P012,1799.0,2026-08-18 00:39:00,FAILED,UPI,NONE
TXN001047,C0752,P010,899.0,2026-08-18 13:26:00,FAILED,UPI,NONE
TXN001048,C0073,P011,649.0,2026-08-19 10:01:00,FAILED,UPI,NONE
TXN001049,C0388,P011,649.0,2026-08-20 16:02:00,FAILED,UPI,NONE
TXN001050,C0450,P010,899.0,2026-08-27 23:56:00,FAILED,UPI,NONE
TXN001051,C0536,P003,2499.0,2026-08-25 17:32:00,FAILED,CREDIT_CARD,NONE
TXN001052,C0145,P002,699.0,2026-08-29 14:25:00,FAILED,UPI,NONE
TXN001053,C0755,P011,649.0,2026-08-24 11:49:00,FAILED,UPI,NONE
TXN001054,C0445,P005,1199.0,2026-08-28 04:42:00,FAILED,UPI,NONE
TXN001055,C0515,P003,2499.0,2026-08-25 20:00:00,FAILED,UPI,NONE
TXN001056,C0470,P010,899.0,2026-08-29 08:52:00,FAILED,UPI,NONE
TXN001057,C0810,P003,2499.0,2026-08-25 05:52:00,FAILED,UPI,NONE
TXN001058,C0887,P012,1799.0,2026-08-20 20:50:00,FAILED,UPI,NONE
TXN001059,C0367,P011,649.0,2026-08-27 19:15:00,FAILED,UPI,NONE
TXN001060,C0256,P003,2499.0,2026-08-28 21:56:00,FAILED,UPI,NONE
TXN001061,C0302,P011,649.0,2026-08-25 17:04:00,FAILED,UPI,NONE
TXN001062,C0639,P003,2499.0,2026-08-20 09:42:00,FAILED,CREDIT_CARD,NONE
TXN001063,C0517,P005,1199.0,2026-08-19 13:10:00,FAILED,UPI,NONE
TXN001064,C0893,P002,699.0,2026-08-25 04:49:00,FAILED,CREDIT_CARD,NONE
TXN001065,C0518,P010,899.0,2026-08-21 06:16:00,FAILED,UPI,NONE
TXN001066,C0765,P003,2499.0,2026-08-28 06:43:00,FAILED,UPI,NONE
TXN001067,C0732,P003,2499.0,2026-08-19 12:14:00,FAILED,NET_BANKING,NONE
TXN001068,C0471,P011,649.0,2026-08-30 00:56:00,FAILED,UPI,NONE
TXN001069,C0848,P005,1199.0,2026-08-24 21:50:00,FAILED,UPI,NONE
TXN001070,C0095,P010,899.0,2026-08-31 09:20:00,FAILED,UPI,NONE
TXN001071,C0522,P010,899.0,2026-08-25 12:35:00,FAILED,UPI,NONE
TXN001072,C0060,P005,1199.0,2026-08-29 13:02:00,FAILED,UPI,NONE
TXN001073,C0816,P010,899.0,2026-08-23 21:56:00,FAILED,UPI,NONE
TXN001074,C0298,P012,1799.0,2026-08-24 07:30:00,FAILED,CREDIT_CARD,NONE
TXN001075,C0224,P003,2499.0,2026-08-22 08:49:00,FAILED,UPI,NONE
TXN001076,C0809,P010,899.0,2026-08-29 09:18:00,FAILED,UPI,NONE
TXN001077,C0207,P010,899.0,2026-08-26 06:47:00,FAILED,UPI,NONE
TXN001078,C0741,P011,649.0,2026-08-27 21:16:00,FAILED,CREDIT_CARD,NONE
TXN001079,C0880,P011,649.0,2026-08-20 14:15:00,FAILED,CREDIT_CARD,NONE
TXN001080,C0449,P012,1799.0,2026-08-26 21:57:00,FAILED,UPI,NONE
TXN001081,C0840,P010,899.0,2026-08-19 05:01:00,FAILED,UPI,NONE
TXN001082,C0294,P002,699.0,2026-08-30 11:34:00,FAILED,NET_BANKING,NONE
TXN001083,C0395,P002,699.0,2026-08-20 14:56:00,FAILED,NET_BANKING,NONE
TXN001084,C0148,P012,1799.0,2026-08-28 12:50:00,FAILED,UPI,NONE
TXN001085,C0160,P005,1199.0,2026-08-25 18:20:00,FAILED,UPI,NONE
TXN001086,C0604,P010,899.0,2026-08-25 08:46:00,FAILED,UPI,NONE
TXN001087,C0381,P002,699.0,2026-08-30 23:19:00,FAILED,UPI,NONE
TXN001088,C0267,P010,899.0,2026-08-28 09:18:00,FAILED,UPI,NONE
TXN001089,C0427,P003,2499.0,2026-08-30 05:34:00,FAILED,CREDIT_CARD,NONE
TXN001090,C0561,P003,2499.0,2026-08-19 18:10:00,FAILED,UPI,NONE
TXN001091,C0147,P011,649.0,2026-08-25 15:16:00,FAILED,UPI,NONE
TXN001092,C0839,P012,1799.0,2026-08-29 01:49:00,FAILED,CREDIT_CARD,NONE
TXN001093,C0754,P005,1199.0,2026-08-17 14:30:00,FAILED,UPI,NONE
TXN001094,C0673,P011,649.0,2026-08-23 23:28:00,FAILED,CREDIT_CARD,NONE
TXN001095,C0565,P011,649.0,2026-08-20 11:46:00,FAILED,UPI,NONE
TXN001096,C0177,P005,1199.0,2026-08-27 12:33:00,FAILED,UPI,NONE
TXN001097,C0111,P002,699.0,2026-08-25 20:42:00,FAILED,UPI,NONE
TXN001098,C0259,P012,1799.0,2026-08-31 04:01:00,FAILED,UPI,NONE
TXN001099,C0504,P012,1799.0,2026-08-26 07:43:00,FAILED,UPI,NONE
TXN001100,C0828,P003,2499.0,2026-08-22 22:19:00,FAILED,CREDIT_CARD,NONE
TXN001101,C0284,P012,1799.0,2026-08-26 01:45:00,FAILED,UPI,NONE
TXN001102,C0730,P002,699.0,2026-08-18 14:16:00,FAILED,UPI,NONE
TXN001103,C0943,P010,899.0,2026-08-23 01:49:00,FAILED,UPI,NONE
TXN001104,C0116,P010,899.0,2026-08-30 05:57:00,FAILED,NET_BANKING,NONE
TXN001105,C0259,P002,699.0,2026-08-30 06:23:00,FAILED,CREDIT_CARD,NONE
TXN001106,C0259,P002,699.0,2026-08-23 09:33:00,FAILED,UPI,NONE
TXN001107,C0218,P012,1799.0,2026-08-28 04:33:00,FAILED,UPI,NONE
TXN001108,C0360,P005,1199.0,2026-08-21 21:20:00,FAILED,UPI,NONE
TXN001109,C0850,P010,899.0,2026-08-30 00:35:00,FAILED,UPI,NONE
TXN001110,C0501,P010,899.0,2026-08-22 16:13:00,FAILED,CREDIT_CARD,NONE
TXN001111,C0889,P010,899.0,2026-08-30 23:33:00,FAILED,CREDIT_CARD,NONE
TXN001112,C0357,P011,649.0,2026-08-23 07:25:00,FAILED,UPI,NONE
TXN001113,C0439,P010,899.0,2026-08-26 21:42:00,FAILED,UPI,NONE
TXN001114,C0542,P003,2499.0,2026-08-26 07:15:00,FAILED,UPI,NONE
TXN001115,C0244,P003,2499.0,2026-08-30 19:14:00,FAILED,UPI,NONE
TXN001116,C0464,P010,899.0,2026-08-24 12:37:00,FAILED,UPI,NONE
TXN001117,C0706,P011,649.0,2026-08-29 22:04:00,FAILED,NET_BANKING,NONE
TXN001118,C0177,P010,899.0,2026-08-22 06:48:00,FAILED,NET_BANKING,NONE
TXN001119,C0839,P012,1799.0,2026-08-25 19:15:00,FAILED,UPI,NONE
TXN001120,C0427,P012,1799.0,2026-08-30 15:36:00,FAILED,CREDIT_CARD,NONE
TXN001121,C0298,P010,899.0,2026-08-31 00:20:00,FAILED,UPI,NONE
TXN001122,C0764,P012,1799.0,2026-08-21 07:44:00,FAILED,UPI,NONE
TXN001123,C0747,P002,699.0,2026-08-27 04:22:00,FAILED,NET_BANKING,NONE
TXN001124,C0911,P002,699.0,2026-08-31 08:11:00,FAILED,UPI,NONE
TXN001125,C0443,P010,899.0,2026-08-19 17:03:00,FAILED,UPI,NONE
TXN001126,C0243,P010,899.0,2026-08-28 22:44:00,FAILED,UPI,NONE
TXN001127,C0595,P012,1799.0,2026-08-24 17:41:00,FAILED,UPI,NONE
TXN001128,C0947,P012,1799.0,2026-08-18 09:54:00,FAILED,UPI,NONE
TXN001129,C0866,P005,1199.0,2026-08-18 07:43:00,FAILED,UPI,NONE
TXN001130,C0816,P010,899.0,2026-08-20 03:00:00,FAILED,CREDIT_CARD,NONE
TXN001131,C0051,P003,2499.0,2026-08-29 13:34:00,FAILED,UPI,NONE
TXN001132,C0345,P012,1799.0,2026-08-25 06:49:00,FAILED,UPI,NONE
TXN001133,C0187,P002,699.0,2026-08-24 06:28:00,FAILED,UPI,NONE
TXN001134,C0883,P002,699.0,2026-08-29 05:57:00,FAILED,UPI,NONE
TXN001135,C0827,P002,699.0,2026-08-26 22:32:00,FAILED,NET_BANKING,NONE
TXN001136,C0161,P012,1799.0,2026-08-29 09:42:00,FAILED,UPI,NONE
TXN001137,C0333,P003,2499.0,2026-08-26 11:23:00,FAILED,UPI,NONE
TXN001138,C0738,P003,2499.0,2026-08-31 10:43:00,FAILED,UPI,NONE
TXN001139,C0858,P003,2499.0,2026-08-30 05:27:00,FAILED,UPI,NONE
TXN001140,C0582,P005,1199.0,2026-08-23 20:12:00,FAILED,UPI,NONE
TXN001141,C0394,P005,1199.0,2026-08-21 01:40:00,FAILED,NET_BANKING,NONE
TXN001142,C0731,P010,899.0,2026-08-24 16:57:00,FAILED,CREDIT_CARD,NONE
TXN001143,C0875,P003,2499.0,2026-08-30 21:05:00,FAILED,UPI,NONE
TXN001144,C0905,P002,699.0,2026-08-30 16:53:00,FAILED,UPI,NONE
TXN001145,C0766,P002,699.0,2026-08-25 21:21:00,FAILED,UPI,NONE
TXN001146,C0536,P011,649.0,2026-08-24 14:48:00,FAILED,NET_BANKING,NONE
TXN001147,C0882,P005,1199.0,2026-08-30 15:37:00,FAILED,NET_BANKING,NONE
TXN001148,C0803,P005,1199.0,2026-08-20 21:46:00,FAILED,UPI,NONE
TXN001149,C0806,P011,649.0,2026-08-19 09:38:00,FAILED,NET_BANKING,NONE
TXN001150,C0537,P012,1799.0,2026-08-17 13:03:00,FAILED,CREDIT_CARD,NONE
TXN001151,C0350,P011,649.0,2026-08-27 13:51:00,FAILED,CREDIT_CARD,NONE
TXN001152,C0853,P012,1799.0,2026-08-23 10:52:00,FAILED,CREDIT_CARD,NONE
TXN001153,C0358,P012,1799.0,2026-08-22 21:50:00,FAILED,NET_BANKING,NONE
TXN001154,C0543,P012,1799.0,2026-08-23 04:45:00,FAILED,UPI,NONE
TXN001155,C0725,P012,1799.0,2026-08-30 08:33:00,FAILED,UPI,NONE
TXN001156,C0384,P010,899.0,2026-08-19 03:46:00,FAILED,UPI,NONE
TXN001157,C0537,P012,1799.0,2026-08-29 14:52:00,FAILED,UPI,NONE
TXN001158,C0553,P003,2499.0,2026-08-18 13:39:00,FAILED,NET_BANKING,NONE
TXN001159,C0834,P011,649.0,2026-08-29 15:39:00,FAILED,NET_BANKING,NONE
TXN001160,C0810,P012,1799.0,2026-08-19 23:19:00,FAILED,CREDIT_CARD,NONE
TXN001161,C0926,P010,899.0,2026-08-19 04:46:00,FAILED,UPI,NONE
TXN001162,C0139,P003,2499.0,2026-08-30 01:13:00,FAILED,NET_BANKING,NONE
TXN001163,C0812,P003,2499.0,2026-08-22 00:52:00,FAILED,NET_BANKING,NONE
TXN001164,C0640,P012,1799.0,2026-08-31 02:57:00,FAILED,UPI,NONE
TXN001165,C0917,P010,899.0,2026-08-25 01:11:00,FAILED,CREDIT_CARD,NONE
TXN001166,C0865,P002,699.0,2026-08-22 14:22:00,FAILED,UPI,NONE
TXN001167,C0454,P003,2499.0,2026-08-22 21:40:00,FAILED,CREDIT_CARD,NONE
TXN001168,C0353,P002,699.0,2026-08-23 14:31:00,FAILED,UPI,NONE
TXN001169,C0199,P012,1799.0,2026-08-20 13:58:00,FAILED,UPI,NONE
TXN001170,C0564,P012,1799.0,2026-08-30 03:06:00,FAILED,UPI,NONE
TXN001171,C0696,P002,699.0,2026-08-24 02:15:00,FAILED,UPI,NONE
TXN001172,C0879,P005,1199.0,2026-08-28 13:47:00,FAILED,NET_BANKING,NONE
TXN001173,C0280,P012,1799.0,2026-08-20 10:01:00,FAILED,CREDIT_CARD,NONE
TXN001174,C0745,P013,1999.0,2026-06-15 14:02:00,REFUNDED,DEBIT_CARD,FULL
TXN001175,C0562,P013,1999.0,2026-06-05 22:17:00,SUCCESS,UPI,NONE
TXN001176,C0401,P013,1999.0,2026-08-12 19:14:00,SUCCESS,UPI,NONE
TXN001177,C0200,P018,3899.0,2026-05-23 08:52:00,SUCCESS,UPI,NONE
TXN001178,C0887,P002,699.0,2026-06-14 21:19:00,SUCCESS,UPI,NONE
TXN001179,C0713,P016,999.0,2026-06-18 07:47:00,SUCCESS,UPI,NONE
TXN001180,C0753,P001,4999.0,2026-05-30 12:06:00,SUCCESS,UPI,NONE
TXN001181,C0880,P005,1199.0,2026-05-26 22:17:00,FAILED,DEBIT_CARD,NONE
TXN001182,C0365,P016,999.0,2026-07-17 10:53:00,SUCCESS,WALLET,NONE
TXN001183,C0608,P014,799.0,2026-07-23 15:14:00,SUCCESS,UPI,NONE
TXN001184,C0247,P013,1999.0,2026-04-28 02:16:00,SUCCESS,UPI,NONE
TXN001185,C0764,P013,1999.0,2026-03-06 14:18:00,SUCCESS,UPI,NONE
TXN001186,C0838,P013,1999.0,2026-06-21 15:19:00,SUCCESS,UPI,NONE
TXN001187,C0120,P003,2499.0,2026-07-30 20:19:00,SUCCESS,CREDIT_CARD,NONE
TXN001188,C0024,P019,749.0,2026-04-06 17:30:00,SUCCESS,UPI,NONE
TXN001189,C0814,P019,749.0,2026-07-15 23:30:00,SUCCESS,WALLET,NONE
TXN001190,C0306,P019,749.0,2026-07-30 08:40:00,FAILED,UPI,NONE
TXN001191,C0416,P001,4999.0,2026-05-22 18:08:00,SUCCESS,UPI,NONE
TXN001192,C0501,P003,2499.0,2026-04-20 17:26:00,SUCCESS,CREDIT_CARD,NONE
TXN001193,C0128,P007,1499.0,2026-03-16 08:49:00,SUCCESS,DEBIT_CARD,NONE
TXN001194,C0006,P018,3899.0,2026-05-09 01:53:00,SUCCESS,UPI,NONE
TXN001195,C0669,P006,2899.0,2026-08-08 18:44:00,SUCCESS,DEBIT_CARD,NONE
TXN001196,C0128,P017,849.0,2026-06-16 00:26:00,REFUNDED,UPI,FULL
TXN001197,C0674,P001,4999.0,2026-06-29 02:58:00,SUCCESS,NET_BANKING,NONE
TXN001198,C0802,P010,899.0,2026-03-15 18:32:00,SUCCESS,UPI,NONE
TXN001199,C0321,P017,849.0,2026-06-01 16:26:00,SUCCESS,UPI,NONE
TXN001200,C0679,P002,699.0,2026-07-02 10:48:00,SUCCESS,UPI,NONE
TXN001201,C0221,P005,1199.0,2026-03-29 18:47:00,SUCCESS,UPI,NONE
TXN001202,C0747,P020,1699.0,2026-05-15 09:25:00,SUCCESS,UPI,NONE
TXN001203,C0926,P006,2899.0,2026-05-20 21:55:00,SUCCESS,NET_BANKING,NONE
TXN001204,C0963,P005,1199.0,2026-04-16 05:56:00,SUCCESS,CREDIT_CARD,NONE
TXN001205,C0649,P007,1499.0,2026-05-27 17:18:00,SUCCESS,CREDIT_CARD,NONE
TXN001206,C0168,P014,799.0,2026-07-23 01:10:00,SUCCESS,UPI,NONE
TXN001207,C0619,P008,1299.0,2026-08-12 03:53:00,SUCCESS,UPI,NONE
TXN001208,C0417,P003,2499.0,2026-06-07 15:55:00,SUCCESS,UPI,NONE
TXN001209,C0280,P005,1199.0,2026-07-05 04:00:00,REFUNDED,UPI,FULL
TXN001210,C0228,P013,1999.0,2026-08-05 08:49:00,SUCCESS,UPI,NONE
TXN001211,C0603,P016,999.0,2026-08-06 19:38:00,SUCCESS,CREDIT_CARD,NONE
TXN001212,C0565,P009,1899.0,2026-03-29 08:03:00,SUCCESS,UPI,NONE
TXN001213,C0770,P013,1999.0,2026-07-16 00:09:00,FAILED,CREDIT_CARD,NONE
TXN001214,C0489,P019,749.0,2026-07-30 04:00:00,SUCCESS,CREDIT_CARD,NONE
TXN001215,C0674,P005,1199.0,2026-07-25 23:24:00,SUCCESS,CREDIT_CARD,NONE
TXN001216,C0743,P012,1799.0,2026-06-28 14:22:00,SUCCESS,UPI,NONE
TXN001217,C0450,P012,1799.0,2026-05-03 19:42:00,SUCCESS,UPI,NONE
TXN001218,C0965,P008,1299.0,2026-06-13 15:06:00,SUCCESS,UPI,NONE
TXN001219,C0790,P011,649.0,2026-08-07 15:55:00,SUCCESS,UPI,NONE
TXN001220,C0096,P006,2899.0,2026-04-06 10:55:00,SUCCESS,CREDIT_CARD,NONE
TXN001221,C0505,P001,4999.0,2026-05-14 14:28:00,SUCCESS,NET_BANKING,NONE
TXN001222,C0510,P017,849.0,2026-03-08 14:04:00,SUCCESS,UPI,NONE
TXN001223,C0015,P020,1699.0,2026-07-13 13:00:00,SUCCESS,CREDIT_CARD,NONE
TXN001224,C0768,P012,1799.0,2026-06-29 12:18:00,SUCCESS,NET_BANKING,NONE
TXN001225,C0902,P017,849.0,2026-03-08 16:58:00,FAILED,UPI,NONE
TXN001226,C0180,P003,2499.0,2026-05-30 07:28:00,SUCCESS,UPI,NONE
TXN001227,C0508,P013,1999.0,2026-07-19 00:53:00,SUCCESS,UPI,NONE
TXN001228,C0852,P018,3899.0,2026-08-01 02:41:00,SUCCESS,UPI,NONE
TXN001229,C0003,P019,749.0,2026-05-23 05:01:00,FAILED,UPI,NONE
TXN001230,C0958,P015,2999.0,2026-03-25 20:57:00,SUCCESS,UPI,NONE
TXN001231,C0337,P010,899.0,2026-06-02 09:00:00,SUCCESS,UPI,NONE
TXN001232,C0412,P012,1799.0,2026-08-29 08:33:00,SUCCESS,UPI,NONE
TXN001233,C0527,P005,1199.0,2026-05-18 08:02:00,SUCCESS,UPI,NONE
TXN001234,C0673,P009,1899.0,2026-07-04 20:35:00,SUCCESS,UPI,NONE
TXN001235,C0914,P006,2899.0,2026-04-16 03:54:00,SUCCESS,WALLET,NONE
TXN001236,C0450,P006,2899.0,2026-07-27 00:13:00,SUCCESS,UPI,NONE
TXN001237,C0892,P007,1499.0,2026-08-03 05:42:00,SUCCESS,UPI,NONE
TXN001238,C0762,P011,649.0,2026-08-23 06:18:00,SUCCESS,UPI,NONE
TXN001239,C0682,P009,1899.0,2026-07-31 22:29:00,SUCCESS,UPI,NONE
TXN001240,C0732,P005,1199.0,2026-06-08 23:28:00,SUCCESS,CREDIT_CARD,NONE
TXN001241,C0846,P013,1999.0,2026-07-29 08:54:00,SUCCESS,CREDIT_CARD,NONE
TXN001242,C0353,P017,849.0,2026-08-27 14:45:00,SUCCESS,UPI,NONE
TXN001243,C0440,P020,1699.0,2026-08-28 22:30:00,SUCCESS,UPI,NONE
TXN001244,C0780,P014,799.0,2026-06-28 16:51:00,SUCCESS,CREDIT_CARD,NONE
TXN001245,C0288,P004,3499.0,2026-06-24 13:45:00,SUCCESS,CREDIT_CARD,NONE
TXN001246,C0486,P004,3499.0,2026-03-04 12:28:00,SUCCESS,UPI,NONE
TXN001247,C0876,P019,749.0,2026-03-22 15:51:00,SUCCESS,UPI,NONE
TXN001248,C0040,P009,1899.0,2026-07-13 07:33:00,SUCCESS,UPI,NONE
TXN001249,C0886,P002,699.0,2026-05-25 22:27:00,SUCCESS,UPI,NONE
TXN001250,C0237,P008,1299.0,2026-06-05 22:30:00,SUCCESS,UPI,NONE
TXN001251,C0053,P010,899.0,2026-08-03 03:37:00,SUCCESS,UPI,NONE
TXN001252,C0429,P008,1299.0,2026-06-11 10:49:00,SUCCESS,UPI,NONE
TXN001253,C0763,P011,649.0,2026-07-08 02:30:00,SUCCESS,UPI,NONE
TXN001254,C0442,P006,2899.0,2026-06-27 20:37:00,SUCCESS,UPI,NONE
TXN001255,C0686,P001,4999.0,2026-03-09 18:11:00,SUCCESS,DEBIT_CARD,NONE
TXN001256,C0760,P012,1799.0,2026-04-02 19:22:00,SUCCESS,UPI,NONE
TXN001257,C0216,P019,749.0,2026-05-25 09:04:00,SUCCESS,UPI,NONE
TXN001258,C0617,P004,3499.0,2026-08-20 17:02:00,SUCCESS,DEBIT_CARD,NONE
TXN001259,C0198,P015,2999.0,2026-08-06 09:26:00,SUCCESS,UPI,NONE
TXN001260,C0486,P007,1499.0,2026-04-16 12:51:00,SUCCESS,UPI,NONE
TXN001261,C0564,P009,1899.0,2026-04-10 00:03:00,SUCCESS,UPI,NONE
TXN001262,C0121,P014,799.0,2026-08-13 20:34:00,FAILED,UPI,NONE
TXN001263,C0171,P020,1699.0,2026-06-21 13:52:00,FAILED,UPI,NONE
TXN001264,C0814,P007,1499.0,2026-05-21 20:17:00,SUCCESS,UPI,NONE
TXN001265,C0077,P006,2899.0,2026-05-10 19:36:00,SUCCESS,UPI,NONE
TXN001266,C0622,P009,1899.0,2026-07-10 07:00:00,SUCCESS,UPI,NONE
TXN001267,C0714,P001,4999.0,2026-04-21 21:28:00,SUCCESS,CREDIT_CARD,NONE
TXN001268,C0311,P008,1299.0,2026-06-16 13:43:00,SUCCESS,UPI,NONE
TXN001269,C0047,P018,3899.0,2026-07-02 02:58:00,FAILED,CREDIT_CARD,NONE
TXN001270,C0950,P005,1199.0,2026-06-23 10:19:00,REFUNDED,WALLET,FULL
TXN001271,C0216,P018,3899.0,2026-08-02 11:19:00,SUCCESS,UPI,NONE
TXN001272,C0378,P011,649.0,2026-08-09 13:04:00,SUCCESS,UPI,NONE
TXN001273,C0419,P020,1699.0,2026-06-17 01:57:00,SUCCESS,CREDIT_CARD,NONE
TXN001274,C0365,P008,1299.0,2026-06-21 06:44:00,SUCCESS,WALLET,NONE
TXN001275,C0889,P019,749.0,2026-08-03 12:13:00,FAILED,CREDIT_CARD,NONE
TXN001276,C0891,P020,1699.0,2026-04-12 05:08:00,SUCCESS,UPI,NONE
TXN001277,C0209,P019,749.0,2026-03-22 23:51:00,SUCCESS,UPI,NONE
TXN001278,C0445,P012,1799.0,2026-07-24 20:55:00,SUCCESS,UPI,NONE
TXN001279,C0836,P006,2899.0,2026-07-13 17:29:00,SUCCESS,NET_BANKING,NONE
TXN001280,C0289,P001,4999.0,2026-06-13 06:04:00,SUCCESS,UPI,NONE
TXN001281,C0623,P007,1499.0,2026-08-14 07:56:00,SUCCESS,UPI,NONE
TXN001282,C0661,P013,1999.0,2026-08-05 12:27:00,SUCCESS,UPI,NONE
TXN001283,C0013,P020,1699.0,2026-08-05 23:36:00,SUCCESS,UPI,NONE
TXN001284,C0782,P002,699.0,2026-07-29 04:11:00,SUCCESS,UPI,NONE
TXN001285,C0643,P020,1699.0,2026-08-28 11:10:00,SUCCESS,UPI,NONE
TXN001286,C0347,P003,2499.0,2026-07-11 07:30:00,SUCCESS,CREDIT_CARD,NONE
TXN001287,C0836,P006,2899.0,2026-06-14 01:30:00,SUCCESS,UPI,NONE
TXN001288,C0709,P009,1899.0,2026-03-23 18:53:00,SUCCESS,UPI,NONE
TXN001289,C0558,P010,899.0,2026-08-04 19:04:00,SUCCESS,DEBIT_CARD,NONE
TXN001290,C0935,P008,1299.0,2026-08-25 04:33:00,SUCCESS,UPI,NONE
TXN001291,C0294,P008,1299.0,2026-03-08 23:17:00,SUCCESS,DEBIT_CARD,NONE
TXN001292,C0116,P016,999.0,2026-07-19 08:46:00,FAILED,UPI,NONE
TXN001293,C0079,P020,1699.0,2026-06-07 08:37:00,FAILED,NET_BANKING,NONE
TXN001294,C0620,P005,1199.0,2026-07-16 22:27:00,SUCCESS,UPI,NONE
TXN001295,C0436,P005,1199.0,2026-03-13 14:41:00,SUCCESS,CREDIT_CARD,NONE
TXN001296,C0897,P004,3499.0,2026-06-22 20:18:00,SUCCESS,UPI,NONE
TXN001297,C0929,P003,2499.0,2026-08-31 07:11:00,SUCCESS,CREDIT_CARD,NONE
TXN001298,C0400,P015,2999.0,2026-05-01 09:53:00,FAILED,UPI,NONE
TXN001299,C0149,P003,2499.0,2026-06-10 07:49:00,SUCCESS,CREDIT_CARD,NONE
TXN001300,C0507,P014,799.0,2026-04-29 13:34:00,SUCCESS,UPI,NONE
TXN001301,C0142,P008,1299.0,2026-05-24 22:25:00,SUCCESS,UPI,NONE
TXN001302,C0546,P018,3899.0,2026-07-03 23:55:00,SUCCESS,UPI,NONE
TXN001303,C0592,P008,1299.0,2026-03-05 09:45:00,SUCCESS,UPI,NONE
TXN001304,C0872,P001,4999.0,2026-05-30 18:30:00,FAILED,NET_BANKING,NONE
TXN001305,C0934,P012,1799.0,2026-05-31 07:42:00,SUCCESS,UPI,NONE
TXN001306,C0565,P014,799.0,2026-06-30 05:08:00,SUCCESS,UPI,NONE
TXN001307,C0121,P005,1199.0,2026-05-26 12:59:00,SUCCESS,CREDIT_CARD,NONE
TXN001308,C0056,P004,3499.0,2026-03-14 17:56:00,SUCCESS,UPI,NONE
TXN001309,C0162,P001,4999.0,2026-07-25 00:51:00,SUCCESS,UPI,NONE
TXN001310,C0583,P014,799.0,2026-07-24 06:30:00,SUCCESS,CREDIT_CARD,NONE
TXN001311,C0716,P010,899.0,2026-05-02 22:14:00,SUCCESS,UPI,NONE
TXN001312,C0712,P001,4999.0,2026-06-19 08:51:00,SUCCESS,UPI,NONE
TXN001313,C0619,P006,2899.0,2026-04-25 07:00:00,SUCCESS,UPI,NONE
TXN001314,C0971,P015,2999.0,2026-04-11 13:07:00,SUCCESS,UPI,NONE
TXN001315,C0314,P008,1299.0,2026-05-15 06:43:00,SUCCESS,WALLET,NONE
TXN001316,C0974,P005,1199.0,2026-07-07 23:21:00,SUCCESS,UPI,NONE
TXN001317,C0843,P018,3899.0,2026-03-30 09:08:00,SUCCESS,CREDIT_CARD,NONE
TXN001318,C0669,P013,1999.0,2026-05-26 06:57:00,SUCCESS,CREDIT_CARD,NONE
TXN001319,C0200,P009,1899.0,2026-08-04 08:56:00,SUCCESS,UPI,NONE
TXN001320,C0344,P001,4999.0,2026-07-01 02:50:00,SUCCESS,UPI,NONE
TXN001321,C0612,P001,4999.0,2026-06-13 05:25:00,FAILED,UPI,NONE
TXN001322,C0276,P003,2499.0,2026-04-07 17:58:00,SUCCESS,UPI,NONE
TXN001323,C0047,P002,699.0,2026-06-12 09:41:00,SUCCESS,UPI,NONE
TXN001324,C0290,P013,1999.0,2026-04-25 05:40:00,SUCCESS,CREDIT_CARD,NONE
TXN001325,C0998,P005,1199.0,2026-03-04 14:54:00,SUCCESS,UPI,NONE
TXN001326,C0516,P004,3499.0,2026-04-25 07:59:00,SUCCESS,UPI,NONE
TXN001327,C0601,P002,699.0,2026-06-18 06:51:00,SUCCESS,CREDIT_CARD,NONE
TXN001328,C0641,P003,2499.0,2026-07-03 05:09:00,SUCCESS,CREDIT_CARD,NONE
TXN001329,C0736,P006,2899.0,2026-04-24 19:14:00,SUCCESS,UPI,NONE
TXN001330,C0788,P011,649.0,2026-05-09 07:39:00,SUCCESS,UPI,NONE
TXN001331,C0963,P014,799.0,2026-08-20 13:11:00,SUCCESS,CREDIT_CARD,NONE
TXN001332,C0626,P020,1699.0,2026-08-12 07:24:00,SUCCESS,CREDIT_CARD,NONE
TXN001333,C0825,P001,4999.0,2026-07-26 02:25:00,SUCCESS,DEBIT_CARD,NONE
TXN001334,C0917,P003,2499.0,2026-04-26 08:31:00,FAILED,UPI,NONE
TXN001335,C0070,P009,1899.0,2026-04-06 00:38:00,SUCCESS,UPI,NONE
TXN001336,C0791,P015,2999.0,2026-06-25 20:44:00,SUCCESS,CREDIT_CARD,NONE
TXN001337,C0947,P005,1199.0,2026-07-30 17:29:00,SUCCESS,UPI,NONE
TXN001338,C0411,P014,799.0,2026-03-25 14:52:00,SUCCESS,UPI,NONE
TXN001339,C0640,P011,649.0,2026-05-28 09:17:00,SUCCESS,UPI,NONE
TXN001340,C0899,P002,699.0,2026-03-25 15:57:00,SUCCESS,CREDIT_CARD,NONE
TXN001341,C0841,P018,3899.0,2026-08-29 07:06:00,SUCCESS,UPI,NONE
TXN001342,C0584,P013,1999.0,2026-08-13 04:36:00,SUCCESS,DEBIT_CARD,NONE
TXN001343,C0358,P015,2999.0,2026-05-03 15:26:00,SUCCESS,DEBIT_CARD,NONE
TXN001344,C0088,P006,2899.0,2026-08-03 23:11:00,SUCCESS,UPI,NONE
TXN001345,C0067,P011,649.0,2026-06-04 16:29:00,SUCCESS,UPI,NONE
TXN001346,C0118,P009,1899.0,2026-05-07 10:26:00,SUCCESS,UPI,NONE
TXN001347,C0656,P007,1499.0,2026-06-10 17:58:00,SUCCESS,WALLET,NONE
TXN001348,C0064,P012,1799.0,2026-05-12 20:47:00,SUCCESS,UPI,NONE
TXN001349,C0976,P014,799.0,2026-06-23 03:20:00,SUCCESS,UPI,NONE
TXN001350,C0281,P013,1999.0,2026-08-11 02:05:00,SUCCESS,CREDIT_CARD,NONE
TXN001351,C0538,P007,1499.0,2026-03-13 03:49:00,SUCCESS,DEBIT_CARD,NONE
TXN001352,C0924,P014,799.0,2026-06-05 02:50:00,FAILED,UPI,NONE
TXN001353,C0487,P018,3899.0,2026-03-08 06:16:00,FAILED,UPI,NONE
TXN001354,C0843,P001,4999.0,2026-04-09 16:48:00,SUCCESS,UPI,NONE
TXN001355,C0632,P005,1199.0,2026-06-09 14:08:00,SUCCESS,NET_BANKING,NONE
TXN001356,C0755,P011,649.0,2026-08-28 07:03:00,SUCCESS,UPI,NONE
TXN001357,C0886,P011,649.0,2026-08-01 14:34:00,SUCCESS,UPI,NONE
TXN001358,C0462,P005,1199.0,2026-03-21 21:20:00,SUCCESS,NET_BANKING,NONE
TXN001359,C0224,P007,1499.0,2026-05-15 13:26:00,SUCCESS,CREDIT_CARD,NONE
TXN001360,C0222,P012,1799.0,2026-07-09 05:17:00,SUCCESS,UPI,NONE
TXN001361,C0834,P012,1799.0,2026-08-27 02:03:00,SUCCESS,UPI,NONE
TXN001362,C0128,P016,999.0,2026-03-17 21:34:00,SUCCESS,UPI,NONE
TXN001363,C0556,P014,799.0,2026-04-20 01:53:00,SUCCESS,NET_BANKING,NONE
TXN001364,C0383,P006,2899.0,2026-04-11 16:50:00,SUCCESS,UPI,NONE
TXN001365,C0866,P014,799.0,2026-03-22 02:16:00,FAILED,CREDIT_CARD,NONE
TXN001366,C0090,P004,3499.0,2026-08-08 15:59:00,SUCCESS,UPI,NONE
TXN001367,C0509,P020,1699.0,2026-04-14 08:20:00,SUCCESS,UPI,NONE
TXN001368,C0034,P010,899.0,2026-05-16 05:46:00,SUCCESS,CREDIT_CARD,NONE
TXN001369,C0118,P007,1499.0,2026-05-03 08:38:00,FAILED,NET_BANKING,NONE
TXN001370,C0930,P013,1999.0,2026-08-30 00:10:00,SUCCESS,UPI,NONE
TXN001371,C0901,P009,1899.0,2026-06-13 22:17:00,FAILED,UPI,NONE
TXN001372,C0034,P001,4999.0,2026-08-25 07:10:00,SUCCESS,UPI,NONE
TXN001373,C0840,P020,1699.0,2026-06-11 01:50:00,REFUNDED,NET_BANKING,FULL
TXN001374,C0248,P018,3899.0,2026-05-23 05:21:00,SUCCESS,CREDIT_CARD,NONE
TXN001375,C0821,P019,749.0,2026-05-14 07:20:00,SUCCESS,UPI,NONE
TXN001376,C0413,P011,649.0,2026-04-21 06:33:00,SUCCESS,UPI,NONE
TXN001377,C0130,P017,849.0,2026-07-31 15:24:00,SUCCESS,CREDIT_CARD,NONE
TXN001378,C0643,P009,1899.0,2026-04-12 06:40:00,SUCCESS,UPI,NONE
TXN001379,C0448,P001,4999.0,2026-03-23 17:51:00,SUCCESS,UPI,NONE
TXN001380,C0943,P003,2499.0,2026-04-06 23:59:00,SUCCESS,CREDIT_CARD,NONE
TXN001381,C0465,P012,1799.0,2026-07-15 04:19:00,SUCCESS,DEBIT_CARD,NONE
TXN001382,C0549,P008,1299.0,2026-05-27 03:18:00,SUCCESS,UPI,NONE
TXN001383,C0148,P001,4999.0,2026-03-20 17:05:00,SUCCESS,UPI,NONE
TXN001384,C0611,P004,3499.0,2026-08-04 07:42:00,SUCCESS,UPI,NONE
TXN001385,C0080,P016,999.0,2026-05-31 05:35:00,SUCCESS,UPI,NONE
TXN001386,C0424,P003,2499.0,2026-04-28 15:56:00,SUCCESS,UPI,NONE
TXN001387,C0912,P011,649.0,2026-03-21 21:09:00,SUCCESS,UPI,NONE
TXN001388,C0926,P006,2899.0,2026-03-15 17:20:00,SUCCESS,UPI,NONE
TXN001389,C1000,P011,649.0,2026-06-03 20:21:00,SUCCESS,UPI,NONE
TXN001390,C0535,P009,1899.0,2026-07-31 05:22:00,SUCCESS,UPI,NONE
TXN001391,C0525,P005,1199.0,2026-07-07 00:53:00,SUCCESS,DEBIT_CARD,NONE
TXN001392,C0142,P008,1299.0,2026-08-09 12:16:00,SUCCESS,NET_BANKING,NONE
TXN001393,C0494,P007,1499.0,2026-08-08 00:15:00,SUCCESS,UPI,NONE
TXN001394,C0764,P016,999.0,2026-05-11 19:35:00,SUCCESS,NET_BANKING,NONE
TXN001395,C0203,P009,1899.0,2026-05-23 08:23:00,SUCCESS,CREDIT_CARD,NONE
TXN001396,C0170,P007,1499.0,2026-04-28 22:04:00,SUCCESS,UPI,NONE
TXN001397,C0279,P011,649.0,2026-03-25 08:22:00,SUCCESS,UPI,NONE
TXN001398,C0362,P012,1799.0,2026-03-23 09:32:00,SUCCESS,UPI,NONE
TXN001399,C0524,P009,1899.0,2026-04-02 22:42:00,SUCCESS,UPI,NONE
TXN001400,C0974,P017,849.0,2026-06-01 23:59:00,SUCCESS,UPI,NONE
TXN001401,C0440,P006,2899.0,2026-06-01 04:56:00,SUCCESS,UPI,NONE
TXN001402,C0149,P011,649.0,2026-07-31 11:40:00,SUCCESS,CREDIT_CARD,NONE
TXN001403,C0219,P015,2999.0,2026-04-08 01:03:00,SUCCESS,UPI,NONE
TXN001404,C0291,P020,1699.0,2026-07-07 19:47:00,SUCCESS,UPI,NONE
TXN001405,C0623,P003,2499.0,2026-04-06 15:34:00,SUCCESS,CREDIT_CARD,NONE
TXN001406,C0833,P011,649.0,2026-07-12 05:57:00,SUCCESS,CREDIT_CARD,NONE
TXN001407,C0282,P014,799.0,2026-08-01 08:32:00,SUCCESS,UPI,NONE
TXN001408,C0393,P008,1299.0,2026-04-06 11:42:00,SUCCESS,UPI,NONE
TXN001409,C0590,P001,4999.0,2026-05-05 02:52:00,SUCCESS,DEBIT_CARD,NONE
TXN001410,C0918,P018,3899.0,2026-04-18 10:39:00,SUCCESS,CREDIT_CARD,NONE
TXN001411,C0098,P014,799.0,2026-06-15 03:40:00,SUCCESS,CREDIT_CARD,NONE
TXN001412,C0570,P011,649.0,2026-04-26 16:57:00,SUCCESS,UPI,NONE
TXN001413,C0466,P016,999.0,2026-03-20 08:07:00,SUCCESS,UPI,NONE
TXN001414,C0030,P008,1299.0,2026-08-19 11:52:00,SUCCESS,UPI,NONE
TXN001415,C0705,P014,799.0,2026-07-05 06:55:00,FAILED,UPI,NONE
TXN001416,C0836,P018,3899.0,2026-08-29 13:05:00,SUCCESS,UPI,NONE
TXN001417,C0045,P004,3499.0,2026-08-19 02:56:00,SUCCESS,UPI,NONE
TXN001418,C0811,P013,1999.0,2026-06-22 13:50:00,SUCCESS,NET_BANKING,NONE
TXN001419,C0123,P005,1199.0,2026-06-11 07:12:00,SUCCESS,UPI,NONE
TXN001420,C0917,P014,799.0,2026-03-20 21:18:00,SUCCESS,UPI,NONE
TXN001421,C0592,P016,999.0,2026-03-14 20:43:00,SUCCESS,UPI,NONE
TXN001422,C0232,P003,2499.0,2026-06-25 02:15:00,SUCCESS,UPI,NONE
TXN001423,C0894,P008,1299.0,2026-03-15 15:13:00,SUCCESS,DEBIT_CARD,NONE
TXN001424,C0077,P016,999.0,2026-08-16 06:00:00,SUCCESS,CREDIT_CARD,NONE
TXN001425,C0395,P007,1499.0,2026-04-29 08:39:00,SUCCESS,UPI,NONE
TXN001426,C0541,P017,849.0,2026-06-12 02:15:00,SUCCESS,UPI,NONE
TXN001427,C0517,P004,3499.0,2026-07-29 04:02:00,REFUNDED,UPI,FULL
TXN001428,C0889,P020,1699.0,2026-04-22 05:11:00,SUCCESS,UPI,NONE
TXN001429,C0434,P006,2899.0,2026-03-09 02:05:00,SUCCESS,UPI,NONE
TXN001430,C0473,P004,3499.0,2026-08-03 04:59:00,SUCCESS,DEBIT_CARD,NONE
TXN001431,C0030,P016,999.0,2026-03-14 19:32:00,SUCCESS,UPI,NONE
TXN001432,C0564,P003,2499.0,2026-06-01 22:47:00,SUCCESS,UPI,NONE
TXN001433,C0521,P011,649.0,2026-08-17 21:43:00,SUCCESS,UPI,NONE
TXN001434,C0392,P014,799.0,2026-07-13 02:48:00,SUCCESS,UPI,NONE
TXN001435,C0543,P020,1699.0,2026-04-26 19:33:00,SUCCESS,UPI,NONE
TXN001436,C0255,P004,3499.0,2026-07-06 08:57:00,SUCCESS,DEBIT_CARD,NONE
TXN001437,C0245,P003,2499.0,2026-04-17 08:43:00,SUCCESS,UPI,NONE
TXN001438,C0734,P013,1999.0,2026-05-22 23:54:00,SUCCESS,UPI,NONE
TXN001439,C0709,P009,1899.0,2026-04-27 05:50:00,SUCCESS,CREDIT_CARD,NONE
TXN001440,C0295,P020,1699.0,2026-06-18 13:00:00,SUCCESS,UPI,NONE
TXN001441,C0718,P020,1699.0,2026-04-30 12:41:00,SUCCESS,DEBIT_CARD,NONE
TXN001442,C0175,P011,649.0,2026-03-10 09:50:00,SUCCESS,UPI,NONE
TXN001443,C0146,P001,4999.0,2026-03-13 20:33:00,SUCCESS,UPI,NONE
TXN001444,C0271,P003,2499.0,2026-07-18 14:12:00,SUCCESS,DEBIT_CARD,NONE
TXN001445,C0993,P016,999.0,2026-04-04 11:29:00,SUCCESS,DEBIT_CARD,NONE
TXN001446,C0047,P001,4999.0,2026-04-07 14:42:00,SUCCESS,DEBIT_CARD,NONE
TXN001447,C0172,P005,1199.0,2026-08-07 08:41:00,SUCCESS,CREDIT_CARD,NONE
TXN001448,C0503,P012,1799.0,2026-04-14 03:18:00,SUCCESS,UPI,NONE
TXN001449,C0014,P012,1799.0,2026-06-14 13:39:00,SUCCESS,DEBIT_CARD,NONE
TXN001450,C0878,P020,1699.0,2026-04-30 08:43:00,SUCCESS,CREDIT_CARD,NONE
TXN001451,C0022,P005,1199.0,2026-05-18 04:18:00,SUCCESS,WALLET,NONE
TXN001452,C0032,P008,1299.0,2026-04-05 12:16:00,SUCCESS,WALLET,NONE
TXN001453,C0763,P003,2499.0,2026-07-12 23:20:00,SUCCESS,UPI,NONE
TXN001454,C0642,P018,3899.0,2026-05-07 19:49:00,SUCCESS,UPI,NONE
TXN001455,C0910,P011,649.0,2026-05-22 17:34:00,SUCCESS,NET_BANKING,NONE
TXN001456,C0196,P002,699.0,2026-04-04 19:16:00,SUCCESS,UPI,NONE
TXN001457,C0444,P015,2999.0,2026-04-08 00:42:00,SUCCESS,UPI,NONE
TXN001458,C0950,P005,1199.0,2026-05-03 14:51:00,SUCCESS,UPI,NONE
TXN001459,C0572,P006,2899.0,2026-06-14 20:42:00,SUCCESS,UPI,NONE
TXN001460,C0465,P002,699.0,2026-07-07 02:08:00,SUCCESS,UPI,NONE
TXN001461,C0314,P001,4999.0,2026-05-13 00:18:00,SUCCESS,DEBIT_CARD,NONE
TXN001462,C0142,P012,1799.0,2026-06-19 19:18:00,SUCCESS,NET_BANKING,NONE
TXN001463,C0977,P003,2499.0,2026-06-23 07:14:00,SUCCESS,UPI,NONE
TXN001464,C0083,P010,899.0,2026-07-06 10:30:00,SUCCESS,NET_BANKING,NONE
TXN001465,C0695,P013,1999.0,2026-05-14 23:03:00,SUCCESS,UPI,NONE
TXN001466,C0310,P020,1699.0,2026-06-13 06:24:00,SUCCESS,UPI,NONE
TXN001467,C0824,P019,749.0,2026-07-26 14:11:00,SUCCESS,UPI,NONE
TXN001468,C0568,P007,1499.0,2026-06-15 02:55:00,FAILED,UPI,NONE
TXN001469,C0559,P006,2899.0,2026-05-26 22:54:00,SUCCESS,UPI,NONE
TXN001470,C0321,P017,849.0,2026-03-08 13:38:00,SUCCESS,UPI,NONE
TXN001471,C0431,P014,799.0,2026-05-05 11:02:00,FAILED,UPI,NONE
TXN001472,C0091,P005,1199.0,2026-03-27 02:10:00,SUCCESS,UPI,NONE
TXN001473,C0131,P020,1699.0,2026-04-13 17:04:00,SUCCESS,UPI,NONE
TXN001474,C0403,P005,1199.0,2026-05-19 15:00:00,SUCCESS,UPI,NONE
TXN001475,C0531,P015,2999.0,2026-08-18 09:57:00,REFUNDED,UPI,FULL
TXN001476,C0110,P011,649.0,2026-04-01 08:08:00,SUCCESS,UPI,NONE
TXN001477,C0340,P002,699.0,2026-07-30 12:23:00,SUCCESS,CREDIT_CARD,NONE
TXN001478,C0055,P007,1499.0,2026-04-21 07:25:00,SUCCESS,CREDIT_CARD,NONE
TXN001479,C0229,P005,1199.0,2026-06-14 15:41:00,FAILED,CREDIT_CARD,NONE
TXN001480,C0639,P007,1499.0,2026-08-02 10:00:00,SUCCESS,UPI,NONE
TXN001481,C0533,P004,3499.0,2026-06-29 05:54:00,SUCCESS,UPI,NONE
TXN001482,C0455,P013,1999.0,2026-08-17 08:41:00,REFUNDED,UPI,FULL
TXN001483,C0840,P008,1299.0,2026-04-14 03:08:00,SUCCESS,UPI,NONE
TXN001484,C0674,P020,1699.0,2026-07-30 22:51:00,SUCCESS,CREDIT_CARD,NONE
TXN001485,C0839,P008,1299.0,2026-07-18 19:13:00,SUCCESS,CREDIT_CARD,NONE
TXN001486,C0492,P010,899.0,2026-06-17 14:54:00,SUCCESS,NET_BANKING,NONE
TXN001487,C0684,P009,1899.0,2026-05-22 23:16:00,SUCCESS,CREDIT_CARD,NONE
TXN001488,C0834,P014,799.0,2026-07-25 11:42:00,SUCCESS,UPI,NONE
TXN001489,C0012,P019,749.0,2026-06-15 10:19:00,SUCCESS,CREDIT_CARD,NONE
TXN001490,C0456,P002,699.0,2026-06-02 07:31:00,SUCCESS,DEBIT_CARD,NONE
TXN001491,C0010,P006,2899.0,2026-05-31 19:06:00,SUCCESS,DEBIT_CARD,NONE
TXN001492,C0925,P017,849.0,2026-05-23 19:56:00,SUCCESS,UPI,NONE
TXN001493,C0672,P019,749.0,2026-06-05 21:15:00,SUCCESS,DEBIT_CARD,NONE
TXN001494,C0804,P010,899.0,2026-05-23 09:02:00,SUCCESS,DEBIT_CARD,NONE
TXN001495,C0986,P016,999.0,2026-03-28 14:49:00,FAILED,UPI,NONE
TXN001496,C0133,P011,649.0,2026-04-02 17:38:00,SUCCESS,UPI,NONE
TXN001497,C0070,P002,699.0,2026-08-23 12:50:00,SUCCESS,UPI,NONE
TXN001498,C0512,P016,999.0,2026-06-10 04:11:00,SUCCESS,CREDIT_CARD,NONE
TXN001499,C0243,P004,3499.0,2026-07-17 12:03:00,REFUNDED,UPI,FULL
TXN001500,C0945,P003,2499.0,2026-08-15 16:44:00,SUCCESS,UPI,NONE
TXN001501,C0075,P015,2999.0,2026-05-27 16:20:00,FAILED,DEBIT_CARD,NONE
TXN001502,C0111,P015,2999.0,2026-05-27 07:20:00,SUCCESS,UPI,NONE
TXN001503,C0259,P016,999.0,2026-05-10 14:42:00,SUCCESS,UPI,NONE
TXN001504,C0445,P017,849.0,2026-07-13 09:23:00,FAILED,UPI,NONE
TXN001505,C0209,P002,699.0,2026-07-27 11:37:00,SUCCESS,CREDIT_CARD,NONE
TXN001506,C0886,P003,2499.0,2026-06-05 06:17:00,FAILED,CREDIT_CARD,NONE
TXN001507,C0195,P007,1499.0,2026-04-06 20:28:00,SUCCESS,UPI,NONE
TXN001508,C0573,P005,1199.0,2026-08-13 21:33:00,SUCCESS,CREDIT_CARD,NONE
TXN001509,C0583,P003,2499.0,2026-07-29 19:41:00,SUCCESS,UPI,NONE
TXN001510,C0053,P020,1699.0,2026-04-15 01:59:00,FAILED,UPI,NONE
TXN001511,C0400,P012,1799.0,2026-08-14 06:42:00,SUCCESS,UPI,NONE
TXN001512,C0874,P017,849.0,2026-03-27 19:41:00,SUCCESS,UPI,NONE
TXN001513,C0715,P004,3499.0,2026-04-03 20:01:00,SUCCESS,DEBIT_CARD,NONE
TXN001514,C0031,P002,699.0,2026-06-05 22:44:00,SUCCESS,UPI,NONE
TXN001515,C0061,P005,1199.0,2026-07-09 18:08:00,FAILED,CREDIT_CARD,NONE
TXN001516,C0242,P016,999.0,2026-08-12 17:03:00,SUCCESS,UPI,NONE
TXN001517,C0827,P002,699.0,2026-06-04 09:34:00,SUCCESS,UPI,NONE
TXN001518,C0083,P018,3899.0,2026-05-01 07:43:00,SUCCESS,CREDIT_CARD,NONE
TXN001519,C0509,P017,849.0,2026-07-04 15:38:00,SUCCESS,UPI,NONE
TXN001520,C0871,P008,1299.0,2026-08-26 10:59:00,SUCCESS,CREDIT_CARD,NONE
TXN001521,C0548,P020,1699.0,2026-05-25 14:17:00,SUCCESS,CREDIT_CARD,NONE
TXN001522,C0054,P013,1999.0,2026-05-26 13:52:00,SUCCESS,UPI,NONE
TXN001523,C0142,P004,3499.0,2026-05-11 08:03:00,FAILED,UPI,NONE
TXN001524,C0199,P011,649.0,2026-05-12 10:45:00,SUCCESS,UPI,NONE
TXN001525,C0233,P014,799.0,2026-04-15 17:58:00,SUCCESS,WALLET,NONE
TXN001526,C0738,P008,1299.0,2026-08-17 09:57:00,SUCCESS,UPI,NONE
TXN001527,C0045,P011,649.0,2026-06-02 16:19:00,REFUNDED,DEBIT_CARD,FULL
TXN001528,C0133,P020,1699.0,2026-05-21 20:18:00,SUCCESS,UPI,NONE
TXN001529,C0257,P018,3899.0,2026-07-09 20:15:00,SUCCESS,CREDIT_CARD,NONE
TXN001530,C0938,P008,1299.0,2026-05-09 13:41:00,SUCCESS,NET_BANKING,NONE
TXN001531,C0300,P008,1299.0,2026-04-19 03:40:00,SUCCESS,CREDIT_CARD,NONE
TXN001532,C0056,P012,1799.0,2026-05-17 13:21:00,SUCCESS,UPI,NONE
TXN001533,C0934,P005,1199.0,2026-04-20 04:41:00,SUCCESS,CREDIT_CARD,NONE
TXN001534,C0382,P005,1199.0,2026-08-22 04:16:00,SUCCESS,UPI,NONE
TXN001535,C0976,P004,3499.0,2026-08-25 20:07:00,SUCCESS,UPI,NONE
TXN001536,C0394,P010,899.0,2026-08-10 10:43:00,SUCCESS,DEBIT_CARD,NONE
TXN001537,C0020,P013,1999.0,2026-05-24 21:58:00,SUCCESS,UPI,NONE
TXN001538,C0676,P014,799.0,2026-04-17 10:18:00,SUCCESS,UPI,NONE
TXN001539,C0357,P001,4999.0,2026-03-29 01:01:00,SUCCESS,DEBIT_CARD,NONE
TXN001540,C0772,P019,749.0,2026-07-07 11:39:00,SUCCESS,CREDIT_CARD,NONE
TXN001541,C0887,P014,799.0,2026-08-17 08:25:00,SUCCESS,UPI,NONE
TXN001542,C0695,P010,899.0,2026-04-16 21:33:00,SUCCESS,UPI,NONE
TXN001543,C0532,P009,1899.0,2026-07-20 23:31:00,FAILED,CREDIT_CARD,NONE
TXN001544,C0930,P001,4999.0,2026-06-20 14:43:00,SUCCESS,UPI,NONE
TXN001545,C0556,P010,899.0,2026-06-05 17:35:00,SUCCESS,UPI,NONE
TXN001546,C0276,P009,1899.0,2026-03-16 17:00:00,SUCCESS,UPI,NONE
TXN001547,C0329,P009,1899.0,2026-07-16 21:31:00,SUCCESS,UPI,NONE
TXN001548,C0038,P012,1799.0,2026-04-30 15:06:00,SUCCESS,UPI,NONE
TXN001549,C0594,P003,2499.0,2026-06-21 16:25:00,SUCCESS,UPI,NONE
TXN001550,C0185,P009,1899.0,2026-06-22 03:05:00,SUCCESS,UPI,NONE
TXN001551,C0179,P005,1199.0,2026-03-25 15:57:00,SUCCESS,UPI,NONE
TXN001552,C0189,P017,849.0,2026-05-10 17:40:00,SUCCESS,UPI,NONE
TXN001553,C0063,P009,1899.0,2026-06-27 11:17:00,SUCCESS,DEBIT_CARD,NONE
TXN001554,C0554,P002,699.0,2026-03-31 04:38:00,SUCCESS,UPI,NONE
TXN001555,C0116,P017,849.0,2026-08-12 04:47:00,SUCCESS,UPI,NONE
TXN001556,C0843,P014,799.0,2026-08-12 15:33:00,SUCCESS,DEBIT_CARD,NONE
TXN001557,C0335,P020,1699.0,2026-05-31 01:34:00,SUCCESS,DEBIT_CARD,NONE
TXN001558,C0966,P010,899.0,2026-03-25 11:50:00,SUCCESS,UPI,NONE
TXN001559,C0154,P019,749.0,2026-08-25 08:22:00,SUCCESS,UPI,NONE
TXN001560,C0733,P017,849.0,2026-04-04 13:38:00,SUCCESS,NET_BANKING,NONE
TXN001561,C0597,P002,699.0,2026-03-15 12:51:00,REFUNDED,UPI,FULL
TXN001562,C0081,P003,2499.0,2026-07-04 17:28:00,SUCCESS,WALLET,NONE
TXN001563,C0752,P014,799.0,2026-04-15 12:53:00,SUCCESS,DEBIT_CARD,NONE
TXN001564,C0053,P020,1699.0,2026-05-02 14:27:00,SUCCESS,UPI,NONE
TXN001565,C0200,P019,749.0,2026-06-17 04:39:00,SUCCESS,UPI,NONE
TXN001566,C0371,P008,1299.0,2026-05-07 01:13:00,SUCCESS,WALLET,NONE
TXN001567,C0456,P014,799.0,2026-05-31 09:38:00,SUCCESS,UPI,NONE
TXN001568,C0371,P016,999.0,2026-03-30 04:32:00,SUCCESS,CREDIT_CARD,NONE
TXN001569,C0848,P005,1199.0,2026-04-16 04:11:00,SUCCESS,DEBIT_CARD,NONE
TXN001570,C0682,P005,1199.0,2026-03-29 03:10:00,SUCCESS,UPI,NONE
TXN001571,C0084,P014,799.0,2026-05-15 19:51:00,SUCCESS,UPI,NONE
TXN001572,C0792,P007,1499.0,2026-07-15 22:00:00,SUCCESS,UPI,NONE
TXN001573,C0784,P018,3899.0,2026-05-02 12:54:00,SUCCESS,UPI,NONE
TXN001574,C0442,P001,4999.0,2026-03-08 06:56:00,SUCCESS,UPI,NONE
TXN001575,C0941,P013,1999.0,2026-05-15 00:52:00,SUCCESS,UPI,NONE
TXN001576,C0730,P010,899.0,2026-08-01 01:03:00,SUCCESS,DEBIT_CARD,NONE
TXN001577,C0624,P020,1699.0,2026-08-03 12:58:00,FAILED,UPI,NONE
TXN001578,C0933,P014,799.0,2026-03-22 21:13:00,SUCCESS,DEBIT_CARD,NONE
TXN001579,C0489,P005,1199.0,2026-07-15 12:11:00,SUCCESS,UPI,NONE
TXN001580,C0522,P003,2499.0,2026-07-24 11:23:00,SUCCESS,UPI,NONE
TXN001581,C0465,P013,1999.0,2026-06-09 21:49:00,SUCCESS,UPI,NONE
TXN001582,C0968,P004,3499.0,2026-07-03 02:29:00,SUCCESS,UPI,NONE
TXN001583,C0919,P017,849.0,2026-04-04 19:06:00,SUCCESS,NET_BANKING,NONE
TXN001584,C0394,P011,649.0,2026-07-17 07:58:00,SUCCESS,CREDIT_CARD,NONE
TXN001585,C0749,P007,1499.0,2026-05-12 19:43:00,SUCCESS,UPI,NONE
TXN001586,C0102,P012,1799.0,2026-06-20 06:53:00,SUCCESS,UPI,NONE
TXN001587,C0230,P006,2899.0,2026-06-19 03:22:00,FAILED,CREDIT_CARD,NONE
TXN001588,C0145,P004,3499.0,2026-07-09 18:07:00,SUCCESS,UPI,NONE
TXN001589,C0613,P002,699.0,2026-04-14 18:09:00,SUCCESS,UPI,NONE
TXN001590,C0843,P001,4999.0,2026-05-29 05:42:00,SUCCESS,NET_BANKING,NONE
TXN001591,C0750,P015,2999.0,2026-04-20 07:07:00,FAILED,UPI,NONE
TXN001592,C0456,P014,799.0,2026-04-27 03:55:00,REFUNDED,DEBIT_CARD,FULL
TXN001593,C0750,P004,3499.0,2026-06-02 09:13:00,SUCCESS,CREDIT_CARD,NONE
TXN001594,C0335,P006,2899.0,2026-04-24 01:43:00,SUCCESS,UPI,NONE
TXN001595,C0689,P003,2499.0,2026-03-08 01:03:00,SUCCESS,NET_BANKING,NONE
TXN001596,C0955,P017,849.0,2026-06-11 05:07:00,SUCCESS,UPI,NONE
TXN001597,C0642,P002,699.0,2026-03-21 16:00:00,SUCCESS,UPI,NONE
TXN001598,C0894,P008,1299.0,2026-03-12 05:44:00,SUCCESS,UPI,NONE
TXN001599,C0192,P016,999.0,2026-06-20 07:48:00,SUCCESS,CREDIT_CARD,NONE
TXN001600,C0529,P007,1499.0,2026-08-30 22:56:00,SUCCESS,UPI,NONE
TXN001601,C0728,P006,2899.0,2026-08-21 22:16:00,SUCCESS,UPI,NONE
TXN001602,C0598,P008,1299.0,2026-03-21 00:30:00,FAILED,UPI,NONE
TXN001603,C0861,P008,1299.0,2026-06-17 14:29:00,SUCCESS,UPI,NONE
TXN001604,C0613,P012,1799.0,2026-04-13 20:42:00,SUCCESS,UPI,NONE
TXN001605,C0903,P010,899.0,2026-05-15 21:40:00,SUCCESS,UPI,NONE
TXN001606,C0181,P015,2999.0,2026-06-10 14:53:00,SUCCESS,UPI,NONE
TXN001607,C0132,P016,999.0,2026-04-27 16:34:00,SUCCESS,CREDIT_CARD,NONE
TXN001608,C0275,P017,849.0,2026-07-06 22:57:00,SUCCESS,UPI,NONE
TXN001609,C0692,P011,649.0,2026-05-17 23:09:00,SUCCESS,UPI,NONE
TXN001610,C0935,P002,699.0,2026-06-23 20:14:00,SUCCESS,UPI,NONE
TXN001611,C0047,P010,899.0,2026-05-08 22:46:00,SUCCESS,UPI,NONE
TXN001612,C0212,P004,3499.0,2026-03-26 16:39:00,SUCCESS,UPI,NONE
TXN001613,C0974,P001,4999.0,2026-05-26 09:11:00,FAILED,CREDIT_CARD,NONE
TXN001614,C0671,P002,699.0,2026-04-21 05:37:00,REFUNDED,UPI,FULL
TXN001615,C0859,P018,3899.0,2026-05-21 13:46:00,SUCCESS,UPI,NONE
TXN001616,C0383,P011,649.0,2026-05-18 05:25:00,FAILED,CREDIT_CARD,NONE
TXN001617,C0866,P001,4999.0,2026-04-19 08:28:00,SUCCESS,UPI,NONE
TXN001618,C0161,P010,899.0,2026-06-15 11:46:00,SUCCESS,CREDIT_CARD,NONE
TXN001619,C0035,P009,1899.0,2026-07-30 23:19:00,SUCCESS,UPI,NONE
TXN001620,C0898,P009,1899.0,2026-08-10 09:56:00,SUCCESS,UPI,NONE
TXN001621,C0751,P014,799.0,2026-08-26 11:13:00,SUCCESS,DEBIT_CARD,NONE
TXN001622,C0156,P004,3499.0,2026-04-02 23:48:00,SUCCESS,DEBIT_CARD,NONE
TXN001623,C0804,P011,649.0,2026-05-14 19:13:00,SUCCESS,UPI,NONE
TXN001624,C0208,P004,3499.0,2026-06-24 15:24:00,SUCCESS,UPI,NONE
TXN001625,C0096,P008,1299.0,2026-05-18 18:43:00,FAILED,UPI,NONE
TXN001626,C0392,P001,4999.0,2026-04-25 12:35:00,SUCCESS,NET_BANKING,NONE
TXN001627,C0732,P004,3499.0,2026-05-08 04:24:00,SUCCESS,WALLET,NONE
TXN001628,C0238,P015,2999.0,2026-05-28 20:24:00,SUCCESS,UPI,NONE
TXN001629,C0148,P003,2499.0,2026-08-06 18:50:00,FAILED,UPI,NONE
TXN001630,C0086,P005,1199.0,2026-05-19 16:07:00,SUCCESS,UPI,NONE
TXN001631,C0581,P008,1299.0,2026-08-15 20:44:00,SUCCESS,UPI,NONE
TXN001632,C0855,P005,1199.0,2026-08-22 01:16:00,SUCCESS,UPI,NONE
TXN001633,C0006,P009,1899.0,2026-03-08 05:12:00,SUCCESS,UPI,NONE
TXN001634,C0512,P011,649.0,2026-03-18 04:40:00,SUCCESS,UPI,NONE
TXN001635,C0569,P003,2499.0,2026-08-04 22:16:00,SUCCESS,UPI,NONE
TXN001636,C0014,P006,2899.0,2026-04-19 12:53:00,SUCCESS,UPI,NONE
TXN001637,C0996,P004,3499.0,2026-08-21 22:29:00,SUCCESS,UPI,NONE
TXN001638,C0499,P005,1199.0,2026-04-12 22:35:00,SUCCESS,UPI,NONE
TXN001639,C0302,P009,1899.0,2026-04-20 01:21:00,SUCCESS,DEBIT_CARD,NONE
TXN001640,C0170,P005,1199.0,2026-06-17 19:17:00,SUCCESS,UPI,NONE
TXN001641,C0732,P012,1799.0,2026-04-20 16:44:00,SUCCESS,UPI,NONE
TXN001642,C0339,P005,1199.0,2026-07-19 19:15:00,SUCCESS,DEBIT_CARD,NONE
TXN001643,C0427,P006,2899.0,2026-07-23 20:56:00,SUCCESS,WALLET,NONE
TXN001644,C0719,P007,1499.0,2026-07-10 13:54:00,SUCCESS,UPI,NONE
TXN001645,C0063,P020,1699.0,2026-05-03 16:50:00,SUCCESS,UPI,NONE
TXN001646,C0905,P008,1299.0,2026-06-03 16:00:00,SUCCESS,NET_BANKING,NONE
TXN001647,C0841,P014,799.0,2026-04-03 12:41:00,SUCCESS,UPI,NONE
TXN001648,C0957,P009,1899.0,2026-04-09 18:19:00,SUCCESS,CREDIT_CARD,NONE
TXN001649,C0157,P004,3499.0,2026-07-07 03:49:00,SUCCESS,UPI,NONE
TXN001650,C0817,P017,849.0,2026-04-02 15:11:00,SUCCESS,UPI,NONE
TXN001651,C0874,P019,749.0,2026-03-30 03:09:00,SUCCESS,CREDIT_CARD,NONE
TXN001652,C0932,P016,999.0,2026-07-09 07:00:00,REFUNDED,CREDIT_CARD,FULL
TXN001653,C0094,P020,1699.0,2026-07-25 07:50:00,SUCCESS,UPI,NONE
TXN001654,C0080,P002,699.0,2026-07-26 19:09:00,SUCCESS,UPI,NONE
TXN001655,C0335,P010,899.0,2026-04-25 08:45:00,SUCCESS,UPI,NONE
TXN001656,C0395,P016,999.0,2026-06-02 02:07:00,SUCCESS,UPI,NONE
TXN001657,C0905,P020,1699.0,2026-07-08 06:20:00,SUCCESS,DEBIT_CARD,NONE
TXN001658,C0861,P014,799.0,2026-04-09 21:29:00,SUCCESS,CREDIT_CARD,NONE
TXN001659,C0124,P018,3899.0,2026-05-11 15:38:00,SUCCESS,UPI,NONE
TXN001660,C0876,P015,2999.0,2026-03-13 00:14:00,SUCCESS,UPI,NONE
TXN001661,C0898,P007,1499.0,2026-05-26 00:49:00,REFUNDED,NET_BANKING,FULL
TXN001662,C0201,P015,2999.0,2026-05-30 19:48:00,SUCCESS,UPI,NONE
TXN001663,C0097,P012,1799.0,2026-06-27 19:02:00,SUCCESS,UPI,NONE
TXN001664,C0663,P009,1899.0,2026-03-19 20:35:00,SUCCESS,UPI,NONE
TXN001665,C0260,P009,1899.0,2026-03-24 10:24:00,SUCCESS,DEBIT_CARD,NONE
TXN001666,C0950,P016,999.0,2026-03-28 15:31:00,SUCCESS,UPI,NONE
TXN001667,C0896,P018,3899.0,2026-08-05 10:37:00,SUCCESS,UPI,NONE
TXN001668,C0157,P006,2899.0,2026-07-29 09:34:00,SUCCESS,DEBIT_CARD,NONE
TXN001669,C0455,P002,699.0,2026-06-12 08:06:00,REFUNDED,UPI,FULL
TXN001670,C0199,P020,1699.0,2026-08-27 01:07:00,SUCCESS,CREDIT_CARD,NONE
TXN001671,C0920,P006,2899.0,2026-04-02 12:37:00,FAILED,UPI,NONE
TXN001672,C0427,P002,699.0,2026-08-15 05:08:00,SUCCESS,CREDIT_CARD,NONE
TXN001673,C0274,P003,2499.0,2026-07-17 21:58:00,SUCCESS,UPI,NONE
TXN001674,C0518,P014,799.0,2026-07-17 15:13:00,FAILED,DEBIT_CARD,NONE
TXN001675,C0281,P018,3899.0,2026-06-03 08:39:00,SUCCESS,UPI,NONE
TXN001676,C0089,P019,749.0,2026-05-05 09:53:00,SUCCESS,DEBIT_CARD,NONE
TXN001677,C0089,P006,2899.0,2026-06-10 17:20:00,SUCCESS,NET_BANKING,NONE
TXN001678,C0808,P001,4999.0,2026-07-06 15:37:00,SUCCESS,UPI,NONE
TXN001679,C0966,P008,1299.0,2026-06-13 14:19:00,SUCCESS,NET_BANKING,NONE
TXN001680,C0766,P005,1199.0,2026-06-13 10:36:00,SUCCESS,CREDIT_CARD,NONE
TXN001681,C0144,P019,749.0,2026-06-11 22:46:00,SUCCESS,DEBIT_CARD,NONE
TXN001682,C0205,P006,2899.0,2026-06-17 03:16:00,SUCCESS,UPI,NONE
TXN001683,C0364,P019,749.0,2026-05-30 00:11:00,SUCCESS,CREDIT_CARD,NONE
TXN001684,C0647,P006,2899.0,2026-08-21 17:36:00,SUCCESS,UPI,NONE
TXN001685,C0720,P014,799.0,2026-06-03 15:09:00,SUCCESS,CREDIT_CARD,NONE
TXN001686,C0351,P017,849.0,2026-04-11 12:10:00,SUCCESS,UPI,NONE
TXN001687,C0216,P009,1899.0,2026-07-06 21:44:00,SUCCESS,UPI,NONE
TXN001688,C0675,P006,2899.0,2026-05-02 07:31:00,SUCCESS,UPI,NONE
TXN001689,C0387,P019,749.0,2026-08-23 01:16:00,SUCCESS,UPI,NONE
TXN001690,C0923,P001,4999.0,2026-07-21 22:30:00,SUCCESS,UPI,NONE
TXN001691,C0103,P006,2899.0,2026-06-01 02:50:00,SUCCESS,UPI,NONE
TXN001692,C0023,P015,2999.0,2026-03-26 21:23:00,SUCCESS,UPI,NONE
TXN001693,C0409,P016,999.0,2026-06-30 03:14:00,SUCCESS,UPI,NONE
TXN001694,C0695,P013,1999.0,2026-06-16 10:01:00,SUCCESS,DEBIT_CARD,NONE
TXN001695,C0923,P017,849.0,2026-08-03 22:33:00,FAILED,CREDIT_CARD,NONE
TXN001696,C0608,P001,4999.0,2026-07-20 19:50:00,SUCCESS,NET_BANKING,NONE
TXN001697,C0989,P017,849.0,2026-07-11 17:12:00,SUCCESS,UPI,NONE
TXN001698,C0808,P002,699.0,2026-08-08 02:10:00,SUCCESS,CREDIT_CARD,NONE
TXN001699,C0470,P013,1999.0,2026-07-19 22:00:00,SUCCESS,CREDIT_CARD,NONE
TXN001700,C0177,P010,899.0,2026-06-14 09:49:00,SUCCESS,UPI,NONE
TXN001701,C0093,P008,1299.0,2026-07-22 14:25:00,SUCCESS,DEBIT_CARD,NONE
TXN001702,C0489,P006,2899.0,2026-06-04 08:30:00,SUCCESS,UPI,NONE
TXN001703,C0218,P016,999.0,2026-03-12 23:07:00,SUCCESS,UPI,NONE
TXN001704,C0939,P004,3499.0,2026-05-24 07:40:00,SUCCESS,CREDIT_CARD,NONE
TXN001705,C0792,P011,649.0,2026-06-19 14:14:00,SUCCESS,DEBIT_CARD,NONE
TXN001706,C0547,P003,2499.0,2026-06-03 20:18:00,SUCCESS,CREDIT_CARD,NONE
TXN001707,C0228,P020,1699.0,2026-07-17 04:37:00,SUCCESS,UPI,NONE
TXN001708,C0002,P020,1699.0,2026-03-30 23:02:00,SUCCESS,UPI,NONE
TXN001709,C0512,P007,1499.0,2026-08-20 05:41:00,SUCCESS,UPI,NONE
TXN001710,C0670,P006,2899.0,2026-05-15 07:42:00,SUCCESS,UPI,NONE
TXN001711,C0493,P002,699.0,2026-06-25 22:49:00,SUCCESS,UPI,NONE
TXN001712,C0855,P004,3499.0,2026-05-04 09:38:00,SUCCESS,CREDIT_CARD,NONE
TXN001713,C0884,P013,1999.0,2026-08-28 06:40:00,SUCCESS,UPI,NONE
TXN001714,C0703,P015,2999.0,2026-08-28 20:19:00,SUCCESS,NET_BANKING,NONE
TXN001715,C0790,P002,699.0,2026-06-14 22:44:00,SUCCESS,CREDIT_CARD,NONE
TXN001716,C0827,P015,2999.0,2026-04-25 00:11:00,SUCCESS,UPI,NONE
TXN001717,C0548,P012,1799.0,2026-08-03 06:33:00,SUCCESS,UPI,NONE
TXN001718,C0691,P003,2499.0,2026-07-24 11:39:00,SUCCESS,NET_BANKING,NONE
TXN001719,C0265,P007,1499.0,2026-04-21 16:14:00,SUCCESS,DEBIT_CARD,NONE
TXN001720,C0476,P010,899.0,2026-08-21 08:05:00,SUCCESS,UPI,NONE
TXN001721,C0911,P020,1699.0,2026-03-09 00:44:00,SUCCESS,UPI,NONE
TXN001722,C0786,P001,4999.0,2026-04-15 03:49:00,SUCCESS,UPI,NONE
TXN001723,C0458,P011,649.0,2026-06-15 15:58:00,SUCCESS,UPI,NONE
TXN001724,C0038,P018,3899.0,2026-05-22 04:49:00,SUCCESS,UPI,NONE
TXN001725,C0745,P005,1199.0,2026-03-21 20:33:00,SUCCESS,DEBIT_CARD,NONE
TXN001726,C0470,P020,1699.0,2026-06-29 12:08:00,SUCCESS,UPI,NONE
TXN001727,C0079,P011,649.0,2026-05-28 10:51:00,SUCCESS,UPI,NONE
TXN001728,C0832,P004,3499.0,2026-05-25 19:14:00,FAILED,UPI,NONE
TXN001729,C0433,P013,1999.0,2026-08-26 06:13:00,SUCCESS,UPI,NONE
TXN001730,C0905,P003,2499.0,2026-05-13 08:10:00,SUCCESS,UPI,NONE
TXN001731,C0311,P020,1699.0,2026-04-21 18:06:00,SUCCESS,CREDIT_CARD,NONE
TXN001732,C0051,P012,1799.0,2026-04-06 20:47:00,SUCCESS,CREDIT_CARD,NONE
TXN001733,C0765,P006,2899.0,2026-06-21 19:18:00,SUCCESS,UPI,NONE
TXN001734,C0186,P010,899.0,2026-06-23 11:34:00,SUCCESS,UPI,NONE
TXN001735,C0673,P005,1199.0,2026-06-22 03:31:00,REFUNDED,UPI,FULL
TXN001736,C0326,P004,3499.0,2026-07-06 04:59:00,SUCCESS,CREDIT_CARD,NONE
TXN001737,C0627,P010,899.0,2026-03-28 21:23:00,SUCCESS,UPI,NONE
TXN001738,C0555,P013,1999.0,2026-05-01 19:00:00,SUCCESS,UPI,NONE
TXN001739,C0843,P015,2999.0,2026-07-23 21:06:00,SUCCESS,CREDIT_CARD,NONE
TXN001740,C0715,P006,2899.0,2026-03-11 23:44:00,SUCCESS,UPI,NONE
TXN001741,C0586,P003,2499.0,2026-03-22 20:25:00,SUCCESS,WALLET,NONE
TXN001742,C0766,P017,849.0,2026-05-29 02:42:00,SUCCESS,CREDIT_CARD,NONE
TXN001743,C0479,P001,4999.0,2026-07-22 16:23:00,SUCCESS,UPI,NONE
TXN001744,C0442,P014,799.0,2026-08-26 02:25:00,REFUNDED,CREDIT_CARD,FULL
TXN001745,C0385,P018,3899.0,2026-07-28 23:22:00,SUCCESS,NET_BANKING,NONE
TXN001746,C0406,P007,1499.0,2026-07-08 08:24:00,SUCCESS,UPI,NONE
TXN001747,C0786,P013,1999.0,2026-04-12 22:38:00,SUCCESS,CREDIT_CARD,NONE
TXN001748,C0614,P009,1899.0,2026-06-11 00:20:00,SUCCESS,UPI,NONE
TXN001749,C0984,P011,649.0,2026-04-24 18:26:00,SUCCESS,UPI,NONE
TXN001750,C0507,P015,2999.0,2026-06-18 21:50:00,SUCCESS,NET_BANKING,NONE
TXN001751,C0296,P001,4999.0,2026-04-17 01:12:00,SUCCESS,UPI,NONE
TXN001752,C0930,P004,3499.0,2026-05-24 17:19:00,SUCCESS,UPI,NONE
TXN001753,C0194,P001,4999.0,2026-03-26 04:52:00,SUCCESS,UPI,NONE
TXN001754,C0083,P020,1699.0,2026-04-06 12:34:00,SUCCESS,NET_BANKING,NONE
TXN001755,C0256,P006,2899.0,2026-04-07 15:30:00,FAILED,CREDIT_CARD,NONE
TXN001756,C0761,P020,1699.0,2026-03-16 23:25:00,SUCCESS,UPI,NONE
TXN001757,C0936,P006,2899.0,2026-05-06 00:14:00,SUCCESS,DEBIT_CARD,NONE
TXN001758,C0960,P007,1499.0,2026-06-10 07:42:00,SUCCESS,UPI,NONE
TXN001759,C0592,P015,2999.0,2026-05-06 04:17:00,REFUNDED,UPI,FULL
TXN001760,C0816,P006,2899.0,2026-05-04 19:19:00,SUCCESS,UPI,NONE
TXN001761,C0340,P006,2899.0,2026-06-29 21:14:00,SUCCESS,NET_BANKING,NONE
TXN001762,C0034,P014,799.0,2026-04-19 20:05:00,SUCCESS,UPI,NONE
TXN001763,C0981,P009,1899.0,2026-04-16 08:15:00,SUCCESS,CREDIT_CARD,NONE
TXN001764,C0547,P001,4999.0,2026-05-10 20:08:00,SUCCESS,CREDIT_CARD,NONE
TXN001765,C0408,P002,699.0,2026-05-29 23:15:00,SUCCESS,NET_BANKING,NONE
TXN001766,C0451,P014,799.0,2026-07-31 08:51:00,SUCCESS,DEBIT_CARD,NONE
TXN001767,C0594,P004,3499.0,2026-07-19 00:34:00,SUCCESS,CREDIT_CARD,NONE
TXN001768,C0249,P016,999.0,2026-07-09 03:54:00,SUCCESS,UPI,NONE
TXN001769,C0470,P016,999.0,2026-06-30 03:39:00,SUCCESS,UPI,NONE
TXN001770,C0807,P015,2999.0,2026-03-05 03:24:00,SUCCESS,UPI,NONE
TXN001771,C0144,P005,1199.0,2026-04-20 02:59:00,SUCCESS,UPI,NONE
TXN001772,C0372,P010,899.0,2026-06-13 13:50:00,SUCCESS,UPI,NONE
TXN001773,C0731,P015,2999.0,2026-03-12 02:51:00,SUCCESS,CREDIT_CARD,NONE
TXN001774,C0151,P020,1699.0,2026-06-17 23:44:00,SUCCESS,CREDIT_CARD,NONE
TXN001775,C0217,P019,749.0,2026-06-15 07:23:00,SUCCESS,UPI,NONE
TXN001776,C0521,P017,849.0,2026-05-19 20:21:00,REFUNDED,DEBIT_CARD,FULL
TXN001777,C0660,P005,1199.0,2026-04-02 19:40:00,SUCCESS,UPI,NONE
TXN001778,C0949,P016,999.0,2026-03-19 06:05:00,SUCCESS,UPI,NONE
TXN001779,C0919,P013,1999.0,2026-08-27 14:56:00,SUCCESS,UPI,NONE
TXN001780,C0230,P005,1199.0,2026-06-20 16:11:00,SUCCESS,CREDIT_CARD,NONE
TXN001781,C0202,P012,1799.0,2026-04-25 21:24:00,FAILED,DEBIT_CARD,NONE
TXN001782,C0760,P007,1499.0,2026-05-29 14:58:00,SUCCESS,UPI,NONE
TXN001783,C0338,P017,849.0,2026-08-14 03:25:00,SUCCESS,NET_BANKING,NONE
TXN001784,C0551,P003,2499.0,2026-08-16 21:24:00,SUCCESS,UPI,NONE
TXN001785,C0817,P006,2899.0,2026-03-07 15:06:00,SUCCESS,UPI,NONE
TXN001786,C0468,P006,2899.0,2026-08-20 16:43:00,SUCCESS,UPI,NONE
TXN001787,C0195,P003,2499.0,2026-07-28 19:41:00,SUCCESS,UPI,NONE
TXN001788,C0600,P019,749.0,2026-04-30 21:54:00,SUCCESS,UPI,NONE
TXN001789,C0327,P003,2499.0,2026-07-11 20:53:00,SUCCESS,UPI,NONE
TXN001790,C0103,P018,3899.0,2026-04-03 05:22:00,SUCCESS,UPI,NONE
TXN001791,C0596,P014,799.0,2026-08-02 12:04:00,SUCCESS,UPI,NONE
TXN001792,C0604,P020,1699.0,2026-05-07 11:44:00,SUCCESS,CREDIT_CARD,NONE
TXN001793,C0505,P006,2899.0,2026-06-07 19:30:00,FAILED,UPI,NONE
TXN001794,C0271,P018,3899.0,2026-06-29 01:43:00,SUCCESS,CREDIT_CARD,NONE
TXN001795,C0641,P015,2999.0,2026-08-03 06:29:00,SUCCESS,UPI,NONE
TXN001796,C0522,P016,999.0,2026-04-27 06:49:00,SUCCESS,UPI,NONE
TXN001797,C0312,P004,3499.0,2026-05-10 01:20:00,SUCCESS,CREDIT_CARD,NONE
TXN001798,C0199,P004,3499.0,2026-07-03 05:41:00,SUCCESS,UPI,NONE
TXN001799,C0544,P016,999.0,2026-08-04 14:41:00,SUCCESS,NET_BANKING,NONE
TXN001800,C0689,P005,1199.0,2026-06-10 06:48:00,SUCCESS,CREDIT_CARD,NONE
TXN001801,C0873,P006,2899.0,2026-03-27 14:50:00,SUCCESS,UPI,NONE
TXN001802,C0486,P020,1699.0,2026-05-16 12:43:00,SUCCESS,UPI,NONE
TXN001803,C0957,P010,899.0,2026-05-29 07:41:00,SUCCESS,UPI,NONE
TXN001804,C0764,P011,649.0,2026-05-08 02:33:00,SUCCESS,UPI,NONE
TXN001805,C0006,P013,1999.0,2026-08-16 22:38:00,SUCCESS,CREDIT_CARD,NONE
TXN001806,C0468,P009,1899.0,2026-08-26 13:48:00,SUCCESS,UPI,NONE
TXN001807,C0302,P012,1799.0,2026-08-25 01:33:00,SUCCESS,CREDIT_CARD,NONE
TXN001808,C0574,P007,1499.0,2026-07-06 16:28:00,SUCCESS,UPI,NONE
TXN001809,C0077,P008,1299.0,2026-07-21 01:14:00,SUCCESS,UPI,NONE
TXN001810,C0482,P002,699.0,2026-03-15 23:16:00,SUCCESS,NET_BANKING,NONE
TXN001811,C0256,P009,1899.0,2026-03-28 17:36:00,SUCCESS,UPI,NONE
TXN001812,C0351,P009,1899.0,2026-04-16 00:32:00,SUCCESS,NET_BANKING,NONE
TXN001813,C0138,P003,2499.0,2026-06-08 12:34:00,SUCCESS,DEBIT_CARD,NONE
TXN001814,C0604,P010,899.0,2026-04-07 05:25:00,SUCCESS,UPI,NONE
TXN001815,C0587,P018,3899.0,2026-03-15 03:25:00,SUCCESS,UPI,NONE
TXN001816,C0023,P005,1199.0,2026-08-13 13:15:00,FAILED,CREDIT_CARD,NONE
TXN001817,C0927,P015,2999.0,2026-07-08 06:40:00,SUCCESS,UPI,NONE
TXN001818,C0342,P007,1499.0,2026-03-10 13:44:00,SUCCESS,UPI,NONE
TXN001819,C0024,P005,1199.0,2026-07-31 15:34:00,SUCCESS,UPI,NONE
TXN001820,C0818,P002,699.0,2026-04-18 10:02:00,SUCCESS,WALLET,NONE
TXN001821,C0580,P014,799.0,2026-08-22 19:05:00,SUCCESS,CREDIT_CARD,NONE
TXN001822,C0504,P010,899.0,2026-04-06 01:20:00,SUCCESS,UPI,NONE
TXN001823,C0095,P018,3899.0,2026-08-02 18:50:00,SUCCESS,CREDIT_CARD,NONE
TXN001824,C0090,P019,749.0,2026-05-03 16:19:00,SUCCESS,WALLET,NONE
TXN001825,C0786,P014,799.0,2026-06-21 21:32:00,REFUNDED,DEBIT_CARD,FULL
TXN001826,C0156,P011,649.0,2026-08-13 06:19:00,SUCCESS,UPI,NONE
TXN001827,C0800,P014,799.0,2026-08-25 23:24:00,SUCCESS,UPI,NONE
TXN001828,C0400,P001,4999.0,2026-08-29 04:40:00,SUCCESS,UPI,NONE
TXN001829,C0229,P019,749.0,2026-03-12 01:26:00,SUCCESS,UPI,NONE
TXN001830,C0789,P019,749.0,2026-06-01 13:05:00,SUCCESS,UPI,NONE
TXN001831,C0152,P007,1499.0,2026-06-14 06:54:00,SUCCESS,UPI,NONE
TXN001832,C0865,P002,699.0,2026-07-29 18:38:00,SUCCESS,NET_BANKING,NONE
TXN001833,C0323,P008,1299.0,2026-03-16 05:48:00,SUCCESS,UPI,NONE
TXN001834,C0278,P008,1299.0,2026-07-07 00:59:00,SUCCESS,UPI,NONE
TXN001835,C0451,P004,3499.0,2026-05-27 11:32:00,SUCCESS,DEBIT_CARD,NONE
TXN001836,C0214,P013,1999.0,2026-08-18 21:32:00,SUCCESS,UPI,NONE
TXN001837,C0390,P019,749.0,2026-07-31 09:49:00,SUCCESS,UPI,NONE
TXN001838,C0529,P004,3499.0,2026-07-21 05:53:00,SUCCESS,NET_BANKING,NONE
TXN001839,C0367,P011,649.0,2026-05-17 05:47:00,SUCCESS,WALLET,NONE
TXN001840,C0369,P016,999.0,2026-06-26 19:53:00,SUCCESS,NET_BANKING,NONE
TXN001841,C0390,P014,799.0,2026-05-21 08:38:00,SUCCESS,UPI,NONE
TXN001842,C0067,P014,799.0,2026-03-18 02:46:00,SUCCESS,WALLET,NONE
TXN001843,C0660,P013,1999.0,2026-05-03 11:43:00,SUCCESS,CREDIT_CARD,NONE
TXN001844,C0047,P005,1199.0,2026-06-29 06:24:00,SUCCESS,UPI,NONE
TXN001845,C0144,P016,999.0,2026-08-22 10:22:00,SUCCESS,CREDIT_CARD,NONE
TXN001846,C0677,P010,899.0,2026-05-27 16:34:00,SUCCESS,DEBIT_CARD,NONE
TXN001847,C0179,P017,849.0,2026-07-23 12:09:00,SUCCESS,CREDIT_CARD,NONE
TXN001848,C0901,P004,3499.0,2026-07-21 11:29:00,SUCCESS,UPI,NONE
TXN001849,C0383,P009,1899.0,2026-03-25 01:59:00,SUCCESS,CREDIT_CARD,NONE
TXN001850,C0911,P016,999.0,2026-08-22 12:05:00,SUCCESS,UPI,NONE
TXN001851,C0553,P013,1999.0,2026-03-30 12:27:00,SUCCESS,UPI,NONE
TXN001852,C0358,P008,1299.0,2026-08-07 22:56:00,SUCCESS,UPI,NONE
TXN001853,C0426,P018,3899.0,2026-05-11 07:06:00,SUCCESS,UPI,NONE
TXN001854,C0319,P016,999.0,2026-05-03 03:52:00,SUCCESS,UPI,NONE
TXN001855,C0980,P020,1699.0,2026-03-12 13:54:00,SUCCESS,UPI,NONE
TXN001856,C0873,P019,749.0,2026-07-12 07:46:00,SUCCESS,UPI,NONE
TXN001857,C0147,P008,1299.0,2026-03-16 09:13:00,SUCCESS,UPI,NONE
TXN001858,C0909,P020,1699.0,2026-08-05 04:46:00,SUCCESS,UPI,NONE
TXN001859,C0309,P011,649.0,2026-05-04 14:23:00,SUCCESS,UPI,NONE
TXN001860,C0905,P009,1899.0,2026-07-29 01:33:00,SUCCESS,UPI,NONE
TXN001861,C0755,P002,699.0,2026-05-24 15:57:00,REFUNDED,CREDIT_CARD,FULL
TXN001862,C0015,P005,1199.0,2026-03-22 10:07:00,SUCCESS,CREDIT_CARD,NONE
TXN001863,C0331,P001,4999.0,2026-04-06 20:30:00,SUCCESS,DEBIT_CARD,NONE
TXN001864,C0891,P019,749.0,2026-05-19 21:47:00,SUCCESS,UPI,NONE
TXN001865,C0451,P004,3499.0,2026-06-20 15:11:00,SUCCESS,UPI,NONE
TXN001866,C0914,P006,2899.0,2026-06-27 01:09:00,SUCCESS,DEBIT_CARD,NONE
TXN001867,C0468,P004,3499.0,2026-03-13 01:12:00,SUCCESS,UPI,NONE
TXN001868,C0375,P014,799.0,2026-03-20 11:26:00,SUCCESS,UPI,NONE
TXN001869,C0469,P004,3499.0,2026-07-31 18:15:00,SUCCESS,UPI,NONE
TXN001870,C0315,P015,2999.0,2026-05-11 18:55:00,REFUNDED,NET_BANKING,FULL
TXN001871,C0187,P013,1999.0,2026-04-23 05:51:00,SUCCESS,DEBIT_CARD,NONE
TXN001872,C0018,P007,1499.0,2026-06-01 19:22:00,SUCCESS,CREDIT_CARD,NONE
TXN001873,C0544,P017,849.0,2026-08-18 18:37:00,SUCCESS,UPI,NONE
TXN001874,C0544,P006,2899.0,2026-05-28 06:54:00,SUCCESS,CREDIT_CARD,NONE
TXN001875,C0880,P020,1699.0,2026-07-04 13:51:00,FAILED,UPI,NONE
TXN001876,C0879,P007,1499.0,2026-06-21 10:35:00,FAILED,UPI,NONE
TXN001877,C0916,P016,999.0,2026-05-04 01:52:00,SUCCESS,CREDIT_CARD,NONE
TXN001878,C0077,P009,1899.0,2026-04-10 14:41:00,SUCCESS,UPI,NONE
TXN001879,C0609,P003,2499.0,2026-08-15 22:52:00,SUCCESS,UPI,NONE
TXN001880,C0783,P008,1299.0,2026-05-23 06:19:00,SUCCESS,UPI,NONE
TXN001881,C0255,P012,1799.0,2026-08-13 04:43:00,SUCCESS,UPI,NONE
TXN001882,C0744,P019,749.0,2026-03-12 07:47:00,SUCCESS,UPI,NONE
TXN001883,C0779,P011,649.0,2026-08-28 15:53:00,SUCCESS,UPI,NONE
TXN001884,C0791,P020,1699.0,2026-05-03 04:18:00,SUCCESS,UPI,NONE
TXN001885,C0555,P020,1699.0,2026-05-07 07:56:00,SUCCESS,DEBIT_CARD,NONE
TXN001886,C0738,P011,649.0,2026-06-23 10:36:00,SUCCESS,DEBIT_CARD,NONE
TXN001887,C0642,P015,2999.0,2026-05-13 17:50:00,SUCCESS,DEBIT_CARD,NONE
TXN001888,C0814,P016,999.0,2026-06-18 04:27:00,REFUNDED,UPI,FULL
TXN001889,C0618,P020,1699.0,2026-05-31 04:05:00,SUCCESS,DEBIT_CARD,NONE
TXN001890,C0719,P014,799.0,2026-05-16 10:20:00,SUCCESS,UPI,NONE
TXN001891,C0863,P009,1899.0,2026-06-27 15:28:00,SUCCESS,UPI,NONE
TXN001892,C0258,P012,1799.0,2026-08-10 11:54:00,SUCCESS,CREDIT_CARD,NONE
TXN001893,C0600,P016,999.0,2026-07-05 17:33:00,SUCCESS,CREDIT_CARD,NONE
TXN001894,C0800,P016,999.0,2026-04-09 16:07:00,SUCCESS,UPI,NONE
TXN001895,C0892,P013,1999.0,2026-08-20 16:54:00,SUCCESS,UPI,NONE
TXN001896,C0977,P004,3499.0,2026-04-06 08:53:00,SUCCESS,NET_BANKING,NONE
TXN001897,C0595,P020,1699.0,2026-05-15 23:15:00,SUCCESS,CREDIT_CARD,NONE
TXN001898,C0808,P015,2999.0,2026-05-05 17:05:00,FAILED,UPI,NONE
TXN001899,C0686,P001,4999.0,2026-07-06 17:49:00,FAILED,UPI,NONE
TXN001900,C0300,P014,799.0,2026-08-23 12:31:00,SUCCESS,DEBIT_CARD,NONE
TXN001901,C0839,P012,1799.0,2026-06-02 04:43:00,SUCCESS,UPI,NONE
TXN001902,C0470,P009,1899.0,2026-07-21 05:25:00,SUCCESS,CREDIT_CARD,NONE
TXN001903,C0330,P013,1999.0,2026-06-03 06:06:00,SUCCESS,UPI,NONE
TXN001904,C0361,P020,1699.0,2026-04-15 12:09:00,SUCCESS,DEBIT_CARD,NONE
TXN001905,C0849,P010,899.0,2026-08-05 12:55:00,SUCCESS,CREDIT_CARD,NONE
TXN001906,C0510,P006,2899.0,2026-05-26 05:44:00,SUCCESS,DEBIT_CARD,NONE
TXN001907,C0346,P015,2999.0,2026-05-31 06:50:00,SUCCESS,UPI,NONE
TXN001908,C0596,P010,899.0,2026-04-23 13:19:00,SUCCESS,UPI,NONE
TXN001909,C0552,P006,2899.0,2026-05-21 16:16:00,SUCCESS,UPI,NONE
TXN001910,C0729,P020,1699.0,2026-03-14 23:06:00,SUCCESS,UPI,NONE
TXN001911,C0546,P012,1799.0,2026-05-22 07:02:00,SUCCESS,UPI,NONE
TXN001912,C0754,P010,899.0,2026-03-26 17:55:00,SUCCESS,UPI,NONE
TXN001913,C0846,P002,699.0,2026-06-29 18:51:00,SUCCESS,CREDIT_CARD,NONE
TXN001914,C0507,P008,1299.0,2026-03-07 04:45:00,SUCCESS,DEBIT_CARD,NONE
TXN001915,C0832,P007,1499.0,2026-07-25 11:42:00,SUCCESS,UPI,NONE
TXN001916,C0627,P016,999.0,2026-05-10 22:25:00,SUCCESS,UPI,NONE
TXN001917,C0423,P006,2899.0,2026-04-20 17:35:00,SUCCESS,CREDIT_CARD,NONE
TXN001918,C0397,P009,1899.0,2026-05-30 03:33:00,FAILED,UPI,NONE
TXN001919,C0328,P018,3899.0,2026-06-01 09:16:00,SUCCESS,UPI,NONE
TXN001920,C0720,P008,1299.0,2026-04-15 17:52:00,FAILED,UPI,NONE
TXN001921,C0549,P011,649.0,2026-08-04 16:46:00,SUCCESS,CREDIT_CARD,NONE
TXN001922,C0661,P018,3899.0,2026-07-04 21:43:00,SUCCESS,UPI,NONE
TXN001923,C0634,P015,2999.0,2026-04-25 17:33:00,REFUNDED,UPI,FULL
TXN001924,C0023,P018,3899.0,2026-05-08 18:19:00,SUCCESS,UPI,NONE
TXN001925,C0889,P005,1199.0,2026-08-14 14:38:00,SUCCESS,UPI,NONE
TXN001926,C0584,P009,1899.0,2026-08-23 13:22:00,SUCCESS,UPI,NONE
TXN001927,C0966,P005,1199.0,2026-05-22 05:18:00,SUCCESS,UPI,NONE
TXN001928,C0691,P010,899.0,2026-06-08 04:24:00,SUCCESS,CREDIT_CARD,NONE
TXN001929,C0417,P005,1199.0,2026-04-14 14:23:00,SUCCESS,UPI,NONE
TXN001930,C0625,P002,699.0,2026-05-31 17:53:00,SUCCESS,CREDIT_CARD,NONE
TXN001931,C0066,P017,849.0,2026-05-17 12:50:00,SUCCESS,CREDIT_CARD,NONE
TXN001932,C0616,P006,2899.0,2026-07-16 11:19:00,SUCCESS,NET_BANKING,NONE
TXN001933,C0340,P003,2499.0,2026-08-06 23:24:00,SUCCESS,CREDIT_CARD,NONE
TXN001934,C0825,P014,799.0,2026-05-25 13:30:00,SUCCESS,UPI,NONE
TXN001935,C0099,P010,899.0,2026-06-02 06:15:00,SUCCESS,UPI,NONE
TXN001936,C0093,P006,2899.0,2026-06-25 23:48:00,REFUNDED,UPI,FULL
TXN001937,C0649,P003,2499.0,2026-06-05 21:12:00,SUCCESS,UPI,NONE
TXN001938,C0901,P020,1699.0,2026-08-15 18:57:00,SUCCESS,CREDIT_CARD,NONE
TXN001939,C0002,P017,849.0,2026-08-28 11:40:00,SUCCESS,UPI,NONE
TXN001940,C0927,P019,749.0,2026-04-09 00:06:00,SUCCESS,UPI,NONE
TXN001941,C0652,P020,1699.0,2026-04-26 06:26:00,SUCCESS,UPI,NONE
TXN001942,C0894,P005,1199.0,2026-03-31 00:24:00,SUCCESS,UPI,NONE
TXN001943,C0867,P006,2899.0,2026-04-24 07:08:00,SUCCESS,CREDIT_CARD,NONE
TXN001944,C0040,P018,3899.0,2026-08-01 02:01:00,SUCCESS,UPI,NONE
TXN001945,C0185,P019,749.0,2026-04-21 06:03:00,SUCCESS,UPI,NONE
TXN001946,C0159,P020,1699.0,2026-06-05 21:01:00,SUCCESS,CREDIT_CARD,NONE
TXN001947,C0803,P015,2999.0,2026-08-01 14:25:00,SUCCESS,UPI,NONE
TXN001948,C0145,P008,1299.0,2026-04-28 05:10:00,SUCCESS,UPI,NONE
TXN001949,C0939,P016,999.0,2026-03-15 13:12:00,SUCCESS,DEBIT_CARD,NONE
TXN001950,C0533,P003,2499.0,2026-03-14 15:40:00,SUCCESS,DEBIT_CARD,NONE
TXN001951,C0720,P018,3899.0,2026-04-19 23:12:00,SUCCESS,UPI,NONE
TXN001952,C0329,P005,1199.0,2026-05-09 05:42:00,SUCCESS,NET_BANKING,NONE
TXN001953,C0446,P013,1999.0,2026-08-09 20:59:00,SUCCESS,UPI,NONE
TXN001954,C0496,P020,1699.0,2026-05-24 02:29:00,SUCCESS,WALLET,NONE
TXN001955,C0790,P002,699.0,2026-04-18 10:48:00,SUCCESS,NET_BANKING,NONE
TXN001956,C0602,P019,749.0,2026-04-15 06:19:00,SUCCESS,UPI,NONE
TXN001957,C0029,P002,699.0,2026-06-14 23:48:00,SUCCESS,UPI,NONE
TXN001958,C0844,P014,799.0,2026-04-22 19:06:00,SUCCESS,UPI,NONE
TXN001959,C0716,P002,699.0,2026-07-08 08:31:00,SUCCESS,NET_BANKING,NONE
TXN001960,C0730,P011,649.0,2026-08-12 13:47:00,SUCCESS,UPI,NONE
TXN001961,C0628,P001,4999.0,2026-08-19 23:47:00,SUCCESS,DEBIT_CARD,NONE
TXN001962,C0298,P001,4999.0,2026-06-30 14:08:00,SUCCESS,DEBIT_CARD,NONE
TXN001963,C0182,P013,1999.0,2026-07-04 00:02:00,SUCCESS,DEBIT_CARD,NONE
TXN001964,C0146,P020,1699.0,2026-06-28 16:18:00,FAILED,UPI,NONE
TXN001965,C0210,P009,1899.0,2026-05-18 14:00:00,SUCCESS,UPI,NONE
TXN001966,C0285,P007,1499.0,2026-04-29 03:22:00,SUCCESS,UPI,NONE
TXN001967,C0043,P015,2999.0,2026-07-29 14:16:00,SUCCESS,UPI,NONE
TXN001968,C0119,P006,2899.0,2026-04-28 09:49:00,SUCCESS,UPI,NONE
TXN001969,C0758,P009,1899.0,2026-03-09 13:01:00,SUCCESS,CREDIT_CARD,NONE
TXN001970,C0294,P010,899.0,2026-04-08 03:54:00,SUCCESS,CREDIT_CARD,NONE
TXN001971,C0907,P007,1499.0,2026-08-08 18:06:00,SUCCESS,UPI,NONE
TXN001972,C0037,P016,999.0,2026-05-01 08:53:00,SUCCESS,UPI,NONE
TXN001973,C0189,P003,2499.0,2026-03-07 09:45:00,SUCCESS,UPI,NONE
TXN001974,C0757,P005,1199.0,2026-05-09 16:11:00,FAILED,UPI,NONE
TXN001975,C0787,P007,1499.0,2026-06-11 10:24:00,SUCCESS,UPI,NONE
TXN001976,C0881,P009,1899.0,2026-07-18 00:31:00,SUCCESS,UPI,NONE
TXN001977,C0401,P013,1999.0,2026-07-23 02:28:00,SUCCESS,UPI,NONE
TXN001978,C0200,P011,649.0,2026-03-15 12:32:00,SUCCESS,UPI,NONE
TXN001979,C0864,P008,1299.0,2026-03-29 19:42:00,SUCCESS,UPI,NONE
TXN001980,C0988,P011,649.0,2026-08-17 08:17:00,SUCCESS,UPI,NONE
TXN001981,C0018,P020,1699.0,2026-07-18 12:01:00,SUCCESS,UPI,NONE
TXN001982,C0924,P004,3499.0,2026-03-09 05:00:00,SUCCESS,UPI,NONE
TXN001983,C0834,P013,1999.0,2026-04-08 08:06:00,SUCCESS,UPI,NONE
TXN001984,C0578,P018,3899.0,2026-08-13 11:19:00,SUCCESS,DEBIT_CARD,NONE
TXN001985,C0586,P013,1999.0,2026-06-19 14:21:00,FAILED,UPI,NONE
TXN001986,C0700,P016,999.0,2026-03-28 03:38:00,SUCCESS,WALLET,NONE
TXN001987,C0491,P005,1199.0,2026-05-06 18:04:00,SUCCESS,UPI,NONE
TXN001988,C0653,P006,2899.0,2026-05-24 03:04:00,SUCCESS,UPI,NONE
TXN001989,C0443,P010,899.0,2026-07-26 10:31:00,SUCCESS,UPI,NONE
TXN001990,C0873,P008,1299.0,2026-05-21 07:07:00,SUCCESS,CREDIT_CARD,NONE
TXN001991,C0416,P014,799.0,2026-05-16 21:14:00,FAILED,UPI,NONE
TXN001992,C0373,P011,649.0,2026-06-08 14:35:00,SUCCESS,UPI,NONE
TXN001993,C0252,P007,1499.0,2026-07-13 17:48:00,SUCCESS,NET_BANKING,NONE
TXN001994,C0803,P020,1699.0,2026-05-29 21:25:00,SUCCESS,DEBIT_CARD,NONE
TXN001995,C0384,P010,899.0,2026-07-07 23:51:00,SUCCESS,UPI,NONE
TXN001996,C0464,P010,899.0,2026-03-24 22:57:00,SUCCESS,UPI,NONE
TXN001997,C0912,P006,2899.0,2026-03-15 23:01:00,SUCCESS,UPI,NONE
TXN001998,C0454,P001,4999.0,2026-03-07 05:36:00,SUCCESS,UPI,NONE
TXN001999,C0764,P019,749.0,2026-07-22 15:35:00,SUCCESS,UPI,NONE
TXN002000,C0155,P014,799.0,2026-06-10 21:45:00,SUCCESS,DEBIT_CARD,NONE
TXN002001,C0954,P016,999.0,2026-06-11 16:01:00,SUCCESS,CREDIT_CARD,NONE
TXN002002,C0644,P002,699.0,2026-03-11 08:10:00,SUCCESS,UPI,NONE
TXN002003,C0943,P002,699.0,2026-06-08 09:40:00,SUCCESS,NET_BANKING,NONE
TXN002004,C0762,P005,1199.0,2026-07-08 02:07:00,SUCCESS,UPI,NONE
TXN002005,C0324,P019,749.0,2026-05-08 20:39:00,SUCCESS,CREDIT_CARD,NONE
TXN002006,C0104,P018,3899.0,2026-07-22 07:50:00,SUCCESS,UPI,NONE
TXN002007,C0634,P014,799.0,2026-07-21 18:25:00,SUCCESS,CREDIT_CARD,NONE
TXN002008,C0288,P008,1299.0,2026-08-01 14:51:00,SUCCESS,DEBIT_CARD,NONE
TXN002009,C0041,P005,1199.0,2026-05-25 20:36:00,SUCCESS,UPI,NONE
TXN002010,C0601,P012,1799.0,2026-05-10 17:24:00,SUCCESS,UPI,NONE
TXN002011,C0994,P016,999.0,2026-03-12 17:38:00,REFUNDED,DEBIT_CARD,FULL
TXN002012,C0908,P012,1799.0,2026-08-14 06:52:00,SUCCESS,CREDIT_CARD,NONE
TXN002013,C0939,P005,1199.0,2026-08-02 14:48:00,SUCCESS,NET_BANKING,NONE
TXN002014,C0729,P003,2499.0,2026-06-01 16:09:00,SUCCESS,UPI,NONE
TXN002015,C0605,P014,799.0,2026-07-19 00:06:00,SUCCESS,UPI,NONE
TXN002016,C0533,P001,4999.0,2026-04-28 01:03:00,SUCCESS,UPI,NONE
TXN002017,C0718,P010,899.0,2026-06-24 21:33:00,SUCCESS,UPI,NONE
TXN002018,C0778,P015,2999.0,2026-03-16 09:39:00,SUCCESS,UPI,NONE
TXN002019,C0949,P020,1699.0,2026-08-28 12:24:00,SUCCESS,UPI,NONE
TXN002020,C0927,P016,999.0,2026-05-25 23:58:00,SUCCESS,CREDIT_CARD,NONE
TXN002021,C0385,P011,649.0,2026-05-29 19:06:00,SUCCESS,WALLET,NONE
TXN002022,C0725,P011,649.0,2026-07-29 00:14:00,SUCCESS,UPI,NONE
TXN002023,C0289,P009,1899.0,2026-08-09 21:02:00,SUCCESS,CREDIT_CARD,NONE
TXN002024,C0936,P011,649.0,2026-04-23 08:59:00,SUCCESS,CREDIT_CARD,NONE
TXN002025,C0110,P008,1299.0,2026-08-12 06:37:00,SUCCESS,UPI,NONE
TXN002026,C0243,P003,2499.0,2026-08-12 11:14:00,SUCCESS,UPI,NONE
TXN002027,C0892,P020,1699.0,2026-08-13 07:23:00,SUCCESS,CREDIT_CARD,NONE
TXN002028,C0472,P011,649.0,2026-03-14 08:21:00,SUCCESS,UPI,NONE
TXN002029,C0205,P003,2499.0,2026-07-15 09:15:00,SUCCESS,NET_BANKING,NONE
TXN002030,C0811,P008,1299.0,2026-07-09 10:15:00,SUCCESS,UPI,NONE
TXN002031,C0543,P007,1499.0,2026-05-02 05:15:00,SUCCESS,WALLET,NONE
TXN002032,C0191,P016,999.0,2026-06-18 12:17:00,SUCCESS,UPI,NONE
TXN002033,C0454,P006,2899.0,2026-04-24 11:55:00,SUCCESS,UPI,NONE
TXN002034,C0148,P018,3899.0,2026-04-06 05:16:00,SUCCESS,UPI,NONE
TXN002035,C0193,P006,2899.0,2026-06-10 04:50:00,SUCCESS,UPI,NONE
TXN002036,C0304,P020,1699.0,2026-05-17 19:20:00,SUCCESS,UPI,NONE
TXN002037,C0845,P012,1799.0,2026-06-30 20:00:00,FAILED,CREDIT_CARD,NONE
TXN002038,C0289,P006,2899.0,2026-08-15 10:56:00,FAILED,UPI,NONE
TXN002039,C0635,P014,799.0,2026-08-10 14:12:00,SUCCESS,DEBIT_CARD,NONE
TXN002040,C0763,P003,2499.0,2026-06-10 17:11:00,SUCCESS,DEBIT_CARD,NONE
TXN002041,C0698,P020,1699.0,2026-03-11 09:24:00,SUCCESS,UPI,NONE
TXN002042,C0462,P012,1799.0,2026-05-01 00:29:00,SUCCESS,UPI,NONE
TXN002043,C0560,P007,1499.0,2026-07-03 17:50:00,SUCCESS,UPI,NONE
TXN002044,C0477,P015,2999.0,2026-06-08 23:31:00,SUCCESS,DEBIT_CARD,NONE
TXN002045,C0157,P005,1199.0,2026-05-24 22:59:00,SUCCESS,DEBIT_CARD,NONE
TXN002046,C0391,P005,1199.0,2026-05-21 01:00:00,SUCCESS,UPI,NONE
TXN002047,C0928,P006,2899.0,2026-07-23 17:49:00,SUCCESS,UPI,NONE
TXN002048,C0484,P005,1199.0,2026-06-23 01:48:00,SUCCESS,UPI,NONE
TXN002049,C0311,P018,3899.0,2026-06-21 04:48:00,SUCCESS,UPI,NONE
TXN002050,C0444,P014,799.0,2026-07-21 20:18:00,FAILED,UPI,NONE
TXN002051,C0976,P011,649.0,2026-04-30 16:42:00,SUCCESS,UPI,NONE
TXN002052,C0507,P007,1499.0,2026-05-16 21:00:00,SUCCESS,NET_BANKING,NONE
TXN002053,C0347,P010,899.0,2026-03-08 16:33:00,SUCCESS,UPI,NONE
TXN002054,C0543,P010,899.0,2026-06-04 12:37:00,SUCCESS,CREDIT_CARD,NONE
TXN002055,C0379,P019,749.0,2026-05-02 09:59:00,SUCCESS,UPI,NONE
TXN002056,C0215,P011,649.0,2026-03-08 04:02:00,SUCCESS,DEBIT_CARD,NONE
TXN002057,C0938,P016,999.0,2026-06-20 18:39:00,SUCCESS,UPI,NONE
TXN002058,C0200,P005,1199.0,2026-06-09 15:24:00,SUCCESS,WALLET,NONE
TXN002059,C0608,P020,1699.0,2026-07-02 04:29:00,SUCCESS,UPI,NONE
TXN002060,C0321,P017,849.0,2026-08-06 23:12:00,SUCCESS,UPI,NONE
TXN002061,C0542,P016,999.0,2026-05-04 16:03:00,FAILED,DEBIT_CARD,NONE
TXN002062,C0069,P015,2999.0,2026-05-24 05:10:00,SUCCESS,CREDIT_CARD,NONE
TXN002063,C0373,P002,699.0,2026-05-02 04:46:00,SUCCESS,CREDIT_CARD,NONE
TXN002064,C0845,P020,1699.0,2026-04-29 18:51:00,FAILED,CREDIT_CARD,NONE
TXN002065,C0322,P020,1699.0,2026-04-16 05:08:00,SUCCESS,CREDIT_CARD,NONE
TXN002066,C0946,P020,1699.0,2026-03-30 08:42:00,SUCCESS,CREDIT_CARD,NONE
TXN002067,C0200,P017,849.0,2026-04-24 02:45:00,SUCCESS,CREDIT_CARD,NONE
TXN002068,C0839,P001,4999.0,2026-06-16 03:47:00,SUCCESS,UPI,NONE
TXN002069,C0668,P014,799.0,2026-08-11 00:31:00,REFUNDED,CREDIT_CARD,FULL
TXN002070,C0458,P013,1999.0,2026-04-11 06:22:00,SUCCESS,UPI,NONE
TXN002071,C0960,P009,1899.0,2026-05-07 03:48:00,SUCCESS,CREDIT_CARD,NONE
TXN002072,C0167,P019,749.0,2026-07-30 01:59:00,SUCCESS,UPI,NONE
TXN002073,C0566,P016,999.0,2026-05-29 07:40:00,SUCCESS,DEBIT_CARD,NONE
TXN002074,C0027,P014,799.0,2026-03-19 01:35:00,SUCCESS,UPI,NONE
TXN002075,C0779,P002,699.0,2026-03-20 02:40:00,SUCCESS,UPI,NONE
TXN002076,C0905,P017,849.0,2026-08-16 12:15:00,SUCCESS,CREDIT_CARD,NONE
TXN002077,C0950,P003,2499.0,2026-07-27 07:54:00,FAILED,UPI,NONE
TXN002078,C0095,P012,1799.0,2026-06-01 01:55:00,SUCCESS,UPI,NONE
TXN002079,C0505,P013,1999.0,2026-04-14 10:27:00,SUCCESS,UPI,NONE
TXN002080,C0712,P005,1199.0,2026-04-13 09:08:00,SUCCESS,UPI,NONE
TXN002081,C0782,P009,1899.0,2026-07-04 04:57:00,SUCCESS,CREDIT_CARD,NONE
TXN002082,C0054,P008,1299.0,2026-05-01 10:58:00,SUCCESS,UPI,NONE
TXN002083,C0157,P005,1199.0,2026-04-25 01:40:00,SUCCESS,UPI,NONE
TXN002084,C0406,P001,4999.0,2026-04-23 02:29:00,SUCCESS,UPI,NONE
TXN002085,C0425,P018,3899.0,2026-08-14 10:48:00,SUCCESS,UPI,NONE
TXN002086,C0597,P016,999.0,2026-08-30 00:16:00,SUCCESS,UPI,NONE
TXN002087,C0522,P006,2899.0,2026-05-22 05:51:00,FAILED,UPI,NONE
TXN002088,C0273,P018,3899.0,2026-05-27 19:36:00,SUCCESS,UPI,NONE
TXN002089,C0623,P009,1899.0,2026-06-07 05:40:00,SUCCESS,DEBIT_CARD,NONE
TXN002090,C0667,P010,899.0,2026-05-08 11:32:00,SUCCESS,UPI,NONE
TXN002091,C0525,P013,1999.0,2026-07-10 06:53:00,SUCCESS,UPI,NONE
TXN002092,C0761,P007,1499.0,2026-07-10 17:13:00,SUCCESS,CREDIT_CARD,NONE
TXN002093,C0691,P007,1499.0,2026-04-02 02:37:00,SUCCESS,UPI,NONE
TXN002094,C0236,P019,749.0,2026-06-28 05:28:00,SUCCESS,UPI,NONE
TXN002095,C0850,P006,2899.0,2026-06-07 05:29:00,SUCCESS,NET_BANKING,NONE
TXN002096,C0336,P015,2999.0,2026-05-22 16:12:00,SUCCESS,UPI,NONE
TXN002097,C0575,P020,1699.0,2026-06-18 14:06:00,SUCCESS,NET_BANKING,NONE
TXN002098,C0110,P001,4999.0,2026-08-23 16:57:00,FAILED,DEBIT_CARD,NONE
TXN002099,C0311,P015,2999.0,2026-05-25 12:24:00,SUCCESS,NET_BANKING,NONE
TXN002100,C0377,P007,1499.0,2026-03-19 05:33:00,SUCCESS,CREDIT_CARD,NONE
TXN002101,C0287,P014,799.0,2026-03-17 11:41:00,SUCCESS,CREDIT_CARD,NONE
TXN002102,C0310,P005,1199.0,2026-06-24 21:01:00,REFUNDED,NET_BANKING,FULL
TXN002103,C0937,P007,1499.0,2026-07-31 15:13:00,SUCCESS,NET_BANKING,NONE
TXN002104,C0902,P016,999.0,2026-07-18 11:53:00,SUCCESS,UPI,NONE
TXN002105,C0891,P019,749.0,2026-03-06 18:43:00,SUCCESS,UPI,NONE
TXN002106,C0492,P003,2499.0,2026-03-07 07:47:00,SUCCESS,UPI,NONE
TXN002107,C0031,P002,699.0,2026-04-25 22:07:00,SUCCESS,UPI,NONE
TXN002108,C0014,P019,749.0,2026-08-19 14:56:00,SUCCESS,NET_BANKING,NONE
TXN002109,C0727,P010,899.0,2026-05-01 05:09:00,SUCCESS,UPI,NONE
TXN002110,C0987,P007,1499.0,2026-07-01 13:32:00,REFUNDED,CREDIT_CARD,FULL
TXN002111,C0046,P019,749.0,2026-05-11 18:16:00,SUCCESS,UPI,NONE
TXN002112,C0869,P002,699.0,2026-06-19 00:55:00,SUCCESS,UPI,NONE
TXN002113,C0484,P018,3899.0,2026-07-21 00:18:00,SUCCESS,DEBIT_CARD,NONE
TXN002114,C0554,P005,1199.0,2026-06-09 12:20:00,SUCCESS,UPI,NONE
TXN002115,C0412,P012,1799.0,2026-05-04 00:11:00,SUCCESS,UPI,NONE
TXN002116,C0770,P016,999.0,2026-03-11 18:34:00,SUCCESS,UPI,NONE
TXN002117,C0617,P009,1899.0,2026-07-27 01:01:00,SUCCESS,UPI,NONE
TXN002118,C0772,P018,3899.0,2026-03-10 06:04:00,SUCCESS,UPI,NONE
TXN002119,C0881,P005,1199.0,2026-03-31 01:26:00,SUCCESS,CREDIT_CARD,NONE
TXN002120,C0872,P019,749.0,2026-07-27 05:08:00,SUCCESS,CREDIT_CARD,NONE
TXN002121,C0430,P004,3499.0,2026-04-24 18:58:00,SUCCESS,UPI,NONE
TXN002122,C0261,P018,3899.0,2026-03-14 06:13:00,SUCCESS,UPI,NONE
TXN002123,C0343,P016,999.0,2026-08-02 01:14:00,SUCCESS,DEBIT_CARD,NONE
TXN002124,C0960,P013,1999.0,2026-04-19 14:08:00,SUCCESS,UPI,NONE
TXN002125,C0768,P014,799.0,2026-03-08 08:46:00,SUCCESS,CREDIT_CARD,NONE
TXN002126,C0855,P007,1499.0,2026-08-30 19:09:00,SUCCESS,UPI,NONE
TXN002127,C0074,P010,899.0,2026-06-30 23:41:00,SUCCESS,DEBIT_CARD,NONE
TXN002128,C0099,P007,1499.0,2026-08-25 11:59:00,SUCCESS,UPI,NONE
TXN002129,C0848,P003,2499.0,2026-08-14 03:32:00,SUCCESS,NET_BANKING,NONE
TXN002130,C0367,P013,1999.0,2026-08-28 13:22:00,SUCCESS,UPI,NONE
TXN002131,C0214,P010,899.0,2026-05-13 16:23:00,SUCCESS,DEBIT_CARD,NONE
TXN002132,C0608,P002,699.0,2026-03-10 20:58:00,SUCCESS,UPI,NONE
TXN002133,C0262,P016,999.0,2026-05-24 18:11:00,SUCCESS,UPI,NONE
TXN002134,C0636,P012,1799.0,2026-03-08 20:59:00,FAILED,UPI,NONE
TXN002135,C0487,P009,1899.0,2026-04-14 09:55:00,SUCCESS,UPI,NONE
TXN002136,C0647,P004,3499.0,2026-05-06 23:13:00,SUCCESS,UPI,NONE
TXN002137,C0481,P002,699.0,2026-06-10 02:25:00,SUCCESS,CREDIT_CARD,NONE
TXN002138,C0222,P020,1699.0,2026-05-18 09:00:00,SUCCESS,CREDIT_CARD,NONE
TXN002139,C0692,P001,4999.0,2026-04-23 21:56:00,SUCCESS,UPI,NONE
TXN002140,C0714,P019,749.0,2026-05-23 18:19:00,SUCCESS,CREDIT_CARD,NONE
TXN002141,C0121,P017,849.0,2026-04-28 06:03:00,SUCCESS,UPI,NONE
TXN002142,C0041,P010,899.0,2026-03-31 01:33:00,SUCCESS,UPI,NONE
TXN002143,C0858,P003,2499.0,2026-07-11 20:29:00,SUCCESS,UPI,NONE
TXN002144,C0763,P006,2899.0,2026-05-27 10:41:00,SUCCESS,UPI,NONE
TXN002145,C0700,P019,749.0,2026-04-27 04:15:00,SUCCESS,UPI,NONE
TXN002146,C0934,P004,3499.0,2026-08-06 06:52:00,REFUNDED,UPI,FULL
TXN002147,C0620,P019,749.0,2026-08-24 21:29:00,SUCCESS,UPI,NONE
TXN002148,C0022,P017,849.0,2026-03-07 00:20:00,SUCCESS,UPI,NONE
TXN002149,C0035,P009,1899.0,2026-05-11 18:16:00,SUCCESS,UPI,NONE
TXN002150,C0270,P012,1799.0,2026-05-01 23:28:00,FAILED,DEBIT_CARD,NONE
TXN002151,C0124,P001,4999.0,2026-07-21 09:24:00,SUCCESS,UPI,NONE
TXN002152,C0676,P018,3899.0,2026-05-27 18:44:00,REFUNDED,UPI,FULL
TXN002153,C0673,P006,2899.0,2026-04-03 22:53:00,SUCCESS,UPI,NONE
TXN002154,C0151,P010,899.0,2026-07-27 12:16:00,SUCCESS,UPI,NONE
TXN002155,C0523,P001,4999.0,2026-08-02 19:18:00,SUCCESS,UPI,NONE
TXN002156,C0311,P005,1199.0,2026-06-11 04:05:00,SUCCESS,UPI,NONE
TXN002157,C0680,P016,999.0,2026-04-30 20:47:00,SUCCESS,UPI,NONE
TXN002158,C0649,P018,3899.0,2026-08-13 07:18:00,SUCCESS,UPI,NONE
TXN002159,C0882,P003,2499.0,2026-04-30 19:56:00,SUCCESS,UPI,NONE
TXN002160,C0772,P014,799.0,2026-03-24 00:46:00,SUCCESS,DEBIT_CARD,NONE
TXN002161,C0771,P014,799.0,2026-08-21 01:11:00,SUCCESS,UPI,NONE
TXN002162,C0744,P012,1799.0,2026-05-22 21:22:00,SUCCESS,DEBIT_CARD,NONE
TXN002163,C0930,P005,1199.0,2026-04-30 16:10:00,SUCCESS,UPI,NONE
TXN002164,C0893,P006,2899.0,2026-06-30 16:27:00,SUCCESS,UPI,NONE
TXN002165,C0444,P020,1699.0,2026-08-23 22:56:00,SUCCESS,UPI,NONE
TXN002166,C0796,P005,1199.0,2026-03-20 10:37:00,SUCCESS,UPI,NONE
TXN002167,C0666,P011,649.0,2026-06-14 18:22:00,SUCCESS,UPI,NONE
TXN002168,C0972,P016,999.0,2026-04-22 20:36:00,SUCCESS,CREDIT_CARD,NONE
TXN002169,C0604,P018,3899.0,2026-03-09 16:22:00,SUCCESS,CREDIT_CARD,NONE
TXN002170,C0481,P011,649.0,2026-08-07 13:29:00,SUCCESS,WALLET,NONE
TXN002171,C0632,P003,2499.0,2026-06-27 15:43:00,SUCCESS,NET_BANKING,NONE
TXN002172,C0609,P017,849.0,2026-07-04 01:01:00,FAILED,DEBIT_CARD,NONE
TXN002173,C0357,P010,899.0,2026-07-13 01:27:00,SUCCESS,CREDIT_CARD,NONE
TXN002174,C0613,P014,799.0,2026-03-12 14:48:00,SUCCESS,CREDIT_CARD,NONE
TXN002175,C0143,P010,899.0,2026-07-13 14:17:00,SUCCESS,UPI,NONE
TXN002176,C0329,P007,1499.0,2026-05-04 17:27:00,SUCCESS,UPI,NONE
TXN002177,C0898,P010,899.0,2026-03-21 04:47:00,SUCCESS,UPI,NONE
TXN002178,C0346,P006,2899.0,2026-03-18 20:37:00,SUCCESS,UPI,NONE
TXN002179,C0278,P019,749.0,2026-05-05 18:39:00,SUCCESS,UPI,NONE
TXN002180,C0259,P004,3499.0,2026-05-26 18:35:00,SUCCESS,UPI,NONE
TXN002181,C0957,P009,1899.0,2026-04-26 21:01:00,SUCCESS,WALLET,NONE
TXN002182,C0284,P017,849.0,2026-04-07 22:48:00,REFUNDED,UPI,FULL
TXN002183,C0644,P016,999.0,2026-04-01 08:30:00,SUCCESS,UPI,NONE
TXN002184,C0144,P006,2899.0,2026-07-31 00:12:00,SUCCESS,CREDIT_CARD,NONE
TXN002185,C0868,P003,2499.0,2026-06-21 08:25:00,SUCCESS,UPI,NONE
TXN002186,C0099,P014,799.0,2026-07-10 10:03:00,SUCCESS,CREDIT_CARD,NONE
TXN002187,C0115,P011,649.0,2026-03-24 12:43:00,SUCCESS,UPI,NONE
TXN002188,C0226,P020,1699.0,2026-03-29 17:12:00,SUCCESS,UPI,NONE
TXN002189,C0861,P008,1299.0,2026-07-24 11:25:00,SUCCESS,UPI,NONE
TXN002190,C0176,P013,1999.0,2026-07-09 18:21:00,SUCCESS,UPI,NONE
TXN002191,C0585,P020,1699.0,2026-06-22 20:53:00,SUCCESS,UPI,NONE
TXN002192,C0227,P008,1299.0,2026-05-05 16:50:00,FAILED,DEBIT_CARD,NONE
TXN002193,C0110,P001,4999.0,2026-06-30 14:41:00,SUCCESS,UPI,NONE
TXN002194,C0870,P013,1999.0,2026-05-09 05:46:00,SUCCESS,UPI,NONE
TXN002195,C0730,P015,2999.0,2026-05-10 07:13:00,SUCCESS,DEBIT_CARD,NONE
TXN002196,C0769,P013,1999.0,2026-08-25 18:12:00,SUCCESS,UPI,NONE
TXN002197,C0504,P014,799.0,2026-04-19 01:40:00,SUCCESS,UPI,NONE
TXN002198,C0398,P015,2999.0,2026-03-29 05:37:00,SUCCESS,UPI,NONE
TXN002199,C0858,P013,1999.0,2026-07-18 23:47:00,SUCCESS,UPI,NONE
TXN002200,C0281,P008,1299.0,2026-06-18 04:36:00,SUCCESS,UPI,NONE
TXN002201,C0025,P019,749.0,2026-06-29 15:16:00,SUCCESS,UPI,NONE
TXN002202,C0023,P013,1999.0,2026-04-07 00:37:00,SUCCESS,UPI,NONE
TXN002203,C0742,P015,2999.0,2026-05-15 09:33:00,SUCCESS,UPI,NONE
TXN002204,C0376,P009,1899.0,2026-05-01 06:50:00,SUCCESS,UPI,NONE
TXN002205,C0530,P020,1699.0,2026-04-18 05:06:00,SUCCESS,UPI,NONE
TXN002206,C0050,P008,1299.0,2026-08-07 13:02:00,SUCCESS,UPI,NONE
TXN002207,C0567,P002,699.0,2026-06-28 09:27:00,SUCCESS,NET_BANKING,NONE
TXN002208,C0301,P005,1199.0,2026-05-12 03:05:00,SUCCESS,DEBIT_CARD,NONE
TXN002209,C0320,P006,2899.0,2026-04-20 09:46:00,SUCCESS,DEBIT_CARD,NONE
TXN002210,C0587,P006,2899.0,2026-06-18 18:30:00,SUCCESS,NET_BANKING,NONE
TXN002211,C0242,P001,4999.0,2026-07-11 16:15:00,SUCCESS,UPI,NONE
TXN002212,C0276,P006,2899.0,2026-04-17 08:11:00,SUCCESS,UPI,NONE
TXN002213,C0741,P006,2899.0,2026-07-22 18:01:00,SUCCESS,UPI,NONE
TXN002214,C0334,P006,2899.0,2026-06-22 19:08:00,SUCCESS,UPI,NONE
TXN002215,C0059,P013,1999.0,2026-07-28 06:57:00,SUCCESS,UPI,NONE
TXN002216,C0248,P020,1699.0,2026-05-28 17:10:00,SUCCESS,UPI,NONE
TXN002217,C0180,P004,3499.0,2026-06-29 06:20:00,SUCCESS,UPI,NONE
TXN002218,C0387,P005,1199.0,2026-08-31 02:31:00,SUCCESS,UPI,NONE
TXN002219,C0773,P013,1999.0,2026-04-12 18:14:00,SUCCESS,UPI,NONE
TXN002220,C0986,P017,849.0,2026-06-01 16:24:00,SUCCESS,CREDIT_CARD,NONE
TXN002221,C0770,P009,1899.0,2026-04-18 22:50:00,SUCCESS,UPI,NONE
TXN002222,C0825,P002,699.0,2026-07-10 09:22:00,SUCCESS,WALLET,NONE
TXN002223,C0119,P020,1699.0,2026-05-17 23:36:00,SUCCESS,UPI,NONE
TXN002224,C0499,P007,1499.0,2026-08-27 05:33:00,SUCCESS,CREDIT_CARD,NONE
TXN002225,C0461,P019,749.0,2026-07-26 15:10:00,SUCCESS,UPI,NONE
TXN002226,C0017,P008,1299.0,2026-05-11 03:29:00,SUCCESS,UPI,NONE
TXN002227,C0381,P007,1499.0,2026-05-05 07:34:00,SUCCESS,NET_BANKING,NONE
TXN002228,C0150,P004,3499.0,2026-06-17 00:57:00,FAILED,UPI,NONE
TXN002229,C0080,P020,1699.0,2026-06-17 00:08:00,SUCCESS,UPI,NONE
TXN002230,C0957,P016,999.0,2026-08-14 00:39:00,FAILED,UPI,NONE
TXN002231,C0012,P004,3499.0,2026-07-24 12:15:00,SUCCESS,UPI,NONE
TXN002232,C0522,P007,1499.0,2026-03-22 19:37:00,SUCCESS,UPI,NONE
TXN002233,C0818,P020,1699.0,2026-05-06 00:21:00,SUCCESS,UPI,NONE
TXN002234,C0821,P017,849.0,2026-04-04 08:04:00,SUCCESS,UPI,NONE
TXN002235,C0782,P017,849.0,2026-08-21 14:11:00,SUCCESS,UPI,NONE
TXN002236,C0519,P003,2499.0,2026-07-22 23:39:00,SUCCESS,CREDIT_CARD,NONE
TXN002237,C0740,P009,1899.0,2026-07-26 07:12:00,SUCCESS,DEBIT_CARD,NONE
TXN002238,C0394,P009,1899.0,2026-05-23 04:58:00,SUCCESS,UPI,NONE
TXN002239,C0137,P007,1499.0,2026-05-15 17:48:00,SUCCESS,UPI,NONE
TXN002240,C0156,P014,799.0,2026-04-12 17:44:00,SUCCESS,WALLET,NONE
TXN002241,C0068,P006,2899.0,2026-08-22 03:14:00,SUCCESS,UPI,NONE
TXN002242,C0480,P006,2899.0,2026-03-11 20:53:00,SUCCESS,UPI,NONE
TXN002243,C0921,P011,649.0,2026-03-26 12:37:00,FAILED,DEBIT_CARD,NONE
TXN002244,C0591,P018,3899.0,2026-04-12 12:39:00,SUCCESS,CREDIT_CARD,NONE
TXN002245,C0160,P019,749.0,2026-04-19 14:43:00,SUCCESS,CREDIT_CARD,NONE
TXN002246,C0252,P008,1299.0,2026-08-25 22:30:00,FAILED,UPI,NONE
TXN002247,C0511,P013,1999.0,2026-08-17 17:41:00,SUCCESS,CREDIT_CARD,NONE
TXN002248,C0844,P005,1199.0,2026-04-11 04:06:00,SUCCESS,CREDIT_CARD,NONE
TXN002249,C0255,P015,2999.0,2026-07-23 08:16:00,SUCCESS,UPI,NONE
TXN002250,C0761,P013,1999.0,2026-05-15 17:39:00,SUCCESS,UPI,NONE
TXN002251,C0639,P016,999.0,2026-03-15 09:11:00,SUCCESS,UPI,NONE
TXN002252,C0447,P013,1999.0,2026-05-13 07:34:00,SUCCESS,UPI,NONE
TXN002253,C0961,P012,1799.0,2026-08-01 02:45:00,REFUNDED,UPI,FULL
TXN002254,C0951,P013,1999.0,2026-04-03 05:35:00,SUCCESS,UPI,NONE
TXN002255,C0250,P020,1699.0,2026-07-20 01:50:00,SUCCESS,UPI,NONE
TXN002256,C0874,P003,2499.0,2026-08-06 09:55:00,SUCCESS,CREDIT_CARD,NONE
TXN002257,C0554,P014,799.0,2026-04-27 09:01:00,SUCCESS,WALLET,NONE
TXN002258,C0664,P005,1199.0,2026-08-18 11:30:00,SUCCESS,UPI,NONE
TXN002259,C0864,P012,1799.0,2026-03-10 14:02:00,SUCCESS,DEBIT_CARD,NONE
TXN002260,C0586,P003,2499.0,2026-08-21 06:03:00,SUCCESS,UPI,NONE
TXN002261,C0597,P003,2499.0,2026-08-20 17:00:00,SUCCESS,DEBIT_CARD,NONE
TXN002262,C0175,P013,1999.0,2026-04-28 08:43:00,SUCCESS,UPI,NONE
TXN002263,C0539,P003,2499.0,2026-03-28 02:52:00,SUCCESS,UPI,NONE
TXN002264,C0267,P006,2899.0,2026-03-19 13:28:00,SUCCESS,UPI,NONE
TXN002265,C0706,P010,899.0,2026-08-22 23:06:00,SUCCESS,UPI,NONE
TXN002266,C0485,P015,2999.0,2026-05-31 19:41:00,SUCCESS,UPI,NONE
TXN002267,C0411,P014,799.0,2026-07-02 02:18:00,SUCCESS,UPI,NONE
TXN002268,C0153,P005,1199.0,2026-08-22 09:57:00,SUCCESS,UPI,NONE
TXN002269,C0111,P015,2999.0,2026-07-30 07:14:00,SUCCESS,UPI,NONE
TXN002270,C0705,P011,649.0,2026-04-05 04:15:00,SUCCESS,UPI,NONE
TXN002271,C0953,P018,3899.0,2026-04-03 02:01:00,SUCCESS,CREDIT_CARD,NONE
TXN002272,C0672,P002,699.0,2026-05-30 06:35:00,SUCCESS,UPI,NONE
TXN002273,C0033,P009,1899.0,2026-05-24 06:08:00,SUCCESS,UPI,NONE
TXN002274,C0408,P011,649.0,2026-05-08 07:08:00,FAILED,UPI,NONE
TXN002275,C0675,P011,649.0,2026-04-07 13:49:00,SUCCESS,UPI,NONE
TXN002276,C0978,P009,1899.0,2026-05-17 09:29:00,SUCCESS,DEBIT_CARD,NONE
TXN002277,C0044,P005,1199.0,2026-06-30 19:22:00,SUCCESS,UPI,NONE
TXN002278,C0208,P006,2899.0,2026-05-17 10:11:00,SUCCESS,UPI,NONE
TXN002279,C0352,P020,1699.0,2026-05-28 02:00:00,SUCCESS,UPI,NONE
TXN002280,C0993,P017,849.0,2026-07-11 05:51:00,SUCCESS,UPI,NONE
TXN002281,C0755,P017,849.0,2026-06-21 19:35:00,REFUNDED,DEBIT_CARD,FULL
TXN002282,C0628,P020,1699.0,2026-07-11 22:11:00,SUCCESS,NET_BANKING,NONE
TXN002283,C0466,P019,749.0,2026-04-13 02:26:00,SUCCESS,WALLET,NONE
TXN002284,C0292,P011,649.0,2026-08-26 22:23:00,SUCCESS,CREDIT_CARD,NONE
TXN002285,C0486,P014,799.0,2026-05-04 16:24:00,SUCCESS,UPI,NONE
TXN002286,C0606,P008,1299.0,2026-05-08 03:41:00,SUCCESS,DEBIT_CARD,NONE
TXN002287,C0837,P008,1299.0,2026-03-12 17:44:00,SUCCESS,UPI,NONE
TXN002288,C0235,P002,699.0,2026-07-05 21:45:00,SUCCESS,UPI,NONE
TXN002289,C0982,P003,2499.0,2026-06-21 18:08:00,FAILED,DEBIT_CARD,NONE
TXN002290,C0514,P010,899.0,2026-03-30 14:57:00,SUCCESS,UPI,NONE
TXN002291,C0547,P018,3899.0,2026-06-19 08:06:00,REFUNDED,UPI,FULL
TXN002292,C0575,P011,649.0,2026-07-16 18:19:00,SUCCESS,UPI,NONE
TXN002293,C0082,P011,649.0,2026-03-19 04:30:00,SUCCESS,UPI,NONE
TXN002294,C0768,P009,1899.0,2026-07-18 14:42:00,SUCCESS,CREDIT_CARD,NONE
TXN002295,C0928,P014,799.0,2026-07-09 12:50:00,SUCCESS,UPI,NONE
TXN002296,C0296,P010,899.0,2026-04-14 13:25:00,SUCCESS,CREDIT_CARD,NONE
TXN002297,C0160,P004,3499.0,2026-08-31 04:56:00,SUCCESS,CREDIT_CARD,NONE
TXN002298,C0968,P009,1899.0,2026-07-17 08:12:00,SUCCESS,UPI,NONE
TXN002299,C0785,P018,3899.0,2026-05-03 19:53:00,SUCCESS,UPI,NONE
TXN002300,C0805,P003,2499.0,2026-06-01 09:38:00,SUCCESS,UPI,NONE
TXN002301,C0559,P009,1899.0,2026-08-26 16:09:00,SUCCESS,NET_BANKING,NONE
TXN002302,C0065,P006,2899.0,2026-07-25 01:50:00,SUCCESS,UPI,NONE
TXN002303,C0199,P016,999.0,2026-03-23 00:59:00,SUCCESS,UPI,NONE
TXN002304,C0775,P014,799.0,2026-08-04 19:11:00,SUCCESS,CREDIT_CARD,NONE
TXN002305,C0195,P020,1699.0,2026-03-20 20:11:00,SUCCESS,UPI,NONE
TXN002306,C1000,P008,1299.0,2026-03-15 20:25:00,SUCCESS,CREDIT_CARD,NONE
TXN002307,C0658,P012,1799.0,2026-07-12 10:58:00,SUCCESS,UPI,NONE
TXN002308,C0364,P001,4999.0,2026-03-14 00:19:00,SUCCESS,UPI,NONE
TXN002309,C0008,P011,649.0,2026-05-05 09:52:00,SUCCESS,DEBIT_CARD,NONE
TXN002310,C0575,P004,3499.0,2026-04-02 07:30:00,REFUNDED,UPI,FULL
TXN002311,C0744,P011,649.0,2026-07-31 16:09:00,SUCCESS,UPI,NONE
TXN002312,C0325,P008,1299.0,2026-06-12 18:08:00,SUCCESS,UPI,NONE
TXN002313,C0110,P002,699.0,2026-06-15 14:52:00,SUCCESS,CREDIT_CARD,NONE
TXN002314,C0157,P009,1899.0,2026-06-04 22:56:00,SUCCESS,WALLET,NONE
TXN002315,C0511,P010,899.0,2026-06-15 22:59:00,SUCCESS,UPI,NONE
TXN002316,C0190,P003,2499.0,2026-07-26 19:22:00,SUCCESS,UPI,NONE
TXN002317,C0117,P004,3499.0,2026-06-25 01:40:00,SUCCESS,DEBIT_CARD,NONE
TXN002318,C0218,P019,749.0,2026-08-11 04:57:00,SUCCESS,UPI,NONE
TXN002319,C0564,P018,3899.0,2026-08-10 13:25:00,SUCCESS,NET_BANKING,NONE
TXN002320,C0560,P010,899.0,2026-04-11 14:41:00,SUCCESS,UPI,NONE
TXN002321,C0954,P002,699.0,2026-06-12 22:55:00,SUCCESS,CREDIT_CARD,NONE
TXN002322,C0054,P005,1199.0,2026-08-14 08:23:00,SUCCESS,UPI,NONE
TXN002323,C0044,P016,999.0,2026-05-30 23:26:00,SUCCESS,UPI,NONE
TXN002324,C0963,P018,3899.0,2026-06-29 09:39:00,SUCCESS,UPI,NONE
TXN002325,C0583,P004,3499.0,2026-03-23 11:30:00,SUCCESS,UPI,NONE
TXN002326,C0174,P017,849.0,2026-06-30 23:00:00,SUCCESS,CREDIT_CARD,NONE
TXN002327,C0591,P007,1499.0,2026-04-26 18:45:00,SUCCESS,UPI,NONE
TXN002328,C0683,P013,1999.0,2026-07-12 19:42:00,SUCCESS,UPI,NONE
TXN002329,C0605,P014,799.0,2026-04-05 02:43:00,SUCCESS,UPI,NONE
TXN002330,C0128,P014,799.0,2026-06-26 15:22:00,REFUNDED,UPI,FULL
TXN002331,C0416,P019,749.0,2026-07-13 12:44:00,SUCCESS,CREDIT_CARD,NONE
TXN002332,C0834,P019,749.0,2026-07-31 14:45:00,SUCCESS,UPI,NONE
TXN002333,C0256,P002,699.0,2026-08-12 14:35:00,SUCCESS,UPI,NONE
TXN002334,C0983,P004,3499.0,2026-04-06 11:19:00,SUCCESS,UPI,NONE
TXN002335,C0713,P001,4999.0,2026-05-18 08:39:00,SUCCESS,UPI,NONE
TXN002336,C0742,P004,3499.0,2026-05-29 01:34:00,SUCCESS,UPI,NONE
TXN002337,C0282,P015,2999.0,2026-03-15 05:06:00,SUCCESS,CREDIT_CARD,NONE
TXN002338,C0362,P007,1499.0,2026-03-13 14:45:00,FAILED,UPI,NONE
TXN002339,C0051,P009,1899.0,2026-08-30 22:31:00,SUCCESS,UPI,NONE
TXN002340,C0854,P002,699.0,2026-05-05 19:42:00,SUCCESS,UPI,NONE
TXN002341,C0295,P005,1199.0,2026-06-20 03:49:00,SUCCESS,UPI,NONE
TXN002342,C0805,P017,849.0,2026-08-14 17:31:00,SUCCESS,UPI,NONE
TXN002343,C0461,P007,1499.0,2026-03-08 03:07:00,SUCCESS,UPI,NONE
TXN002344,C0165,P016,999.0,2026-07-05 21:03:00,SUCCESS,UPI,NONE
TXN002345,C0661,P016,999.0,2026-05-25 04:25:00,FAILED,UPI,NONE
TXN002346,C0275,P012,1799.0,2026-04-20 03:16:00,SUCCESS,UPI,NONE
TXN002347,C0529,P010,899.0,2026-05-20 11:56:00,SUCCESS,UPI,NONE
TXN002348,C0248,P010,899.0,2026-06-28 04:12:00,FAILED,NET_BANKING,NONE
TXN002349,C0643,P016,999.0,2026-04-18 11:51:00,SUCCESS,NET_BANKING,NONE
TXN002350,C0707,P018,3899.0,2026-05-15 17:39:00,SUCCESS,UPI,NONE
TXN002351,C0112,P010,899.0,2026-05-15 03:16:00,SUCCESS,CREDIT_CARD,NONE
TXN002352,C0644,P013,1999.0,2026-03-12 16:24:00,SUCCESS,UPI,NONE
TXN002353,C0484,P020,1699.0,2026-07-12 04:40:00,SUCCESS,UPI,NONE
TXN002354,C0483,P008,1299.0,2026-04-17 01:29:00,FAILED,UPI,NONE
TXN002355,C0707,P003,2499.0,2026-08-04 17:03:00,SUCCESS,UPI,NONE
TXN002356,C0045,P007,1499.0,2026-05-03 22:26:00,SUCCESS,WALLET,NONE
TXN002357,C0698,P018,3899.0,2026-05-10 13:52:00,SUCCESS,UPI,NONE
TXN002358,C0380,P004,3499.0,2026-08-22 04:00:00,SUCCESS,DEBIT_CARD,NONE
TXN002359,C0288,P019,749.0,2026-05-08 05:55:00,SUCCESS,UPI,NONE
TXN002360,C0122,P003,2499.0,2026-06-27 16:26:00,FAILED,CREDIT_CARD,NONE
TXN002361,C0046,P016,999.0,2026-03-08 03:26:00,SUCCESS,UPI,NONE
TXN002362,C0747,P001,4999.0,2026-04-28 05:10:00,SUCCESS,UPI,NONE
TXN002363,C0091,P017,849.0,2026-04-04 04:01:00,SUCCESS,UPI,NONE
TXN002364,C0714,P012,1799.0,2026-05-31 21:25:00,SUCCESS,CREDIT_CARD,NONE
TXN002365,C0100,P019,749.0,2026-08-25 14:43:00,SUCCESS,UPI,NONE
TXN002366,C0240,P002,699.0,2026-07-17 05:08:00,SUCCESS,UPI,NONE
TXN002367,C0472,P002,699.0,2026-03-14 21:46:00,SUCCESS,UPI,NONE
TXN002368,C0744,P007,1499.0,2026-05-29 15:12:00,SUCCESS,DEBIT_CARD,NONE
TXN002369,C0704,P014,799.0,2026-07-22 13:56:00,SUCCESS,DEBIT_CARD,NONE
TXN002370,C0388,P001,4999.0,2026-07-19 00:58:00,SUCCESS,UPI,NONE
TXN002371,C0915,P014,799.0,2026-08-04 09:12:00,SUCCESS,UPI,NONE
TXN002372,C0426,P004,3499.0,2026-05-12 04:16:00,SUCCESS,CREDIT_CARD,NONE
TXN002373,C0533,P018,3899.0,2026-03-10 19:03:00,SUCCESS,NET_BANKING,NONE
TXN002374,C0940,P019,749.0,2026-06-07 21:50:00,SUCCESS,DEBIT_CARD,NONE
TXN002375,C0677,P019,749.0,2026-07-06 21:33:00,SUCCESS,UPI,NONE
TXN002376,C0456,P009,1899.0,2026-06-12 03:22:00,SUCCESS,UPI,NONE
TXN002377,C0791,P001,4999.0,2026-07-11 23:42:00,SUCCESS,UPI,NONE
TXN002378,C0950,P003,2499.0,2026-04-05 08:10:00,FAILED,CREDIT_CARD,NONE
TXN002379,C0755,P018,3899.0,2026-08-02 18:30:00,SUCCESS,UPI,NONE
TXN002380,C0730,P005,1199.0,2026-08-17 19:49:00,SUCCESS,UPI,NONE
TXN002381,C0130,P008,1299.0,2026-08-18 19:06:00,SUCCESS,UPI,NONE
TXN002382,C0248,P018,3899.0,2026-04-12 09:39:00,SUCCESS,UPI,NONE
TXN002383,C0268,P011,649.0,2026-04-13 07:08:00,SUCCESS,UPI,NONE
TXN002384,C0871,P007,1499.0,2026-07-27 04:16:00,SUCCESS,CREDIT_CARD,NONE
TXN002385,C0640,P015,2999.0,2026-08-12 22:14:00,SUCCESS,CREDIT_CARD,NONE
TXN002386,C0779,P011,649.0,2026-05-06 06:17:00,SUCCESS,UPI,NONE
TXN002387,C0031,P002,699.0,2026-08-29 11:11:00,SUCCESS,CREDIT_CARD,NONE
TXN002388,C0830,P001,4999.0,2026-08-10 01:50:00,SUCCESS,CREDIT_CARD,NONE
TXN002389,C0600,P003,2499.0,2026-08-09 13:48:00,SUCCESS,UPI,NONE
TXN002390,C0450,P018,3899.0,2026-03-19 00:57:00,SUCCESS,CREDIT_CARD,NONE
TXN002391,C0620,P001,4999.0,2026-07-24 00:40:00,SUCCESS,UPI,NONE
TXN002392,C0937,P017,849.0,2026-03-19 02:12:00,SUCCESS,UPI,NONE
TXN002393,C0559,P005,1199.0,2026-03-30 14:24:00,SUCCESS,UPI,NONE
TXN002394,C0535,P003,2499.0,2026-07-24 06:08:00,SUCCESS,CREDIT_CARD,NONE
TXN002395,C0808,P002,699.0,2026-06-11 23:30:00,SUCCESS,UPI,NONE
TXN002396,C0027,P002,699.0,2026-03-31 11:00:00,SUCCESS,CREDIT_CARD,NONE
TXN002397,C0387,P012,1799.0,2026-03-22 01:55:00,SUCCESS,UPI,NONE
TXN002398,C0543,P005,1199.0,2026-05-19 23:24:00,SUCCESS,UPI,NONE
TXN002399,C0817,P009,1899.0,2026-04-23 04:40:00,SUCCESS,UPI,NONE
TXN002400,C0318,P006,2899.0,2026-04-05 23:14:00,SUCCESS,UPI,NONE
TXN002401,C0641,P016,999.0,2026-08-17 22:47:00,SUCCESS,UPI,NONE
TXN002402,C0629,P018,3899.0,2026-05-05 16:38:00,SUCCESS,CREDIT_CARD,NONE
TXN002403,C0640,P017,849.0,2026-07-15 07:56:00,SUCCESS,UPI,NONE
TXN002404,C0951,P004,3499.0,2026-05-23 03:07:00,SUCCESS,UPI,NONE
TXN002405,C0938,P017,849.0,2026-08-30 03:20:00,FAILED,CREDIT_CARD,NONE
TXN002406,C0561,P016,999.0,2026-04-26 04:27:00,SUCCESS,UPI,NONE
TXN002407,C0193,P017,849.0,2026-03-19 09:35:00,SUCCESS,UPI,NONE
TXN002408,C0068,P005,1199.0,2026-03-05 23:21:00,SUCCESS,CREDIT_CARD,NONE
TXN002409,C0535,P019,749.0,2026-03-18 14:18:00,SUCCESS,CREDIT_CARD,NONE
TXN002410,C0163,P001,4999.0,2026-06-29 22:12:00,SUCCESS,CREDIT_CARD,NONE
TXN002411,C0743,P017,849.0,2026-05-13 05:54:00,SUCCESS,UPI,NONE
TXN002412,C0085,P015,2999.0,2026-08-20 23:42:00,SUCCESS,NET_BANKING,NONE
TXN002413,C0161,P012,1799.0,2026-05-28 02:05:00,SUCCESS,DEBIT_CARD,NONE
TXN002414,C0808,P008,1299.0,2026-03-12 00:39:00,SUCCESS,UPI,NONE
TXN002415,C0197,P001,4999.0,2026-03-13 09:30:00,SUCCESS,UPI,NONE
TXN002416,C0287,P010,899.0,2026-04-21 17:08:00,FAILED,UPI,NONE
TXN002417,C0791,P008,1299.0,2026-08-04 00:45:00,SUCCESS,UPI,NONE
TXN002418,C0183,P009,1899.0,2026-06-07 12:52:00,SUCCESS,UPI,NONE
TXN002419,C0064,P011,649.0,2026-08-22 02:17:00,REFUNDED,CREDIT_CARD,FULL
TXN002420,C0299,P008,1299.0,2026-07-10 05:47:00,SUCCESS,NET_BANKING,NONE
TXN002421,C0199,P017,849.0,2026-06-26 17:40:00,SUCCESS,DEBIT_CARD,NONE
TXN002422,C0746,P008,1299.0,2026-07-26 08:55:00,SUCCESS,UPI,NONE
TXN002423,C0539,P015,2999.0,2026-07-30 18:57:00,SUCCESS,UPI,NONE
TXN002424,C0608,P003,2499.0,2026-03-22 14:48:00,SUCCESS,UPI,NONE
TXN002425,C0660,P011,649.0,2026-07-05 10:04:00,SUCCESS,UPI,NONE
TXN002426,C0079,P003,2499.0,2026-03-27 19:29:00,SUCCESS,CREDIT_CARD,NONE
TXN002427,C0399,P004,3499.0,2026-05-04 19:06:00,SUCCESS,UPI,NONE
TXN002428,C0885,P017,849.0,2026-08-29 11:02:00,SUCCESS,UPI,NONE
TXN002429,C0831,P001,4999.0,2026-04-03 08:39:00,SUCCESS,CREDIT_CARD,NONE
TXN002430,C0131,P020,1699.0,2026-04-19 11:45:00,SUCCESS,CREDIT_CARD,NONE
TXN002431,C0653,P016,999.0,2026-06-24 12:42:00,SUCCESS,DEBIT_CARD,NONE
TXN002432,C0984,P014,799.0,2026-08-30 16:17:00,SUCCESS,UPI,NONE
TXN002433,C0812,P012,1799.0,2026-07-28 10:56:00,SUCCESS,UPI,NONE
TXN002434,C0127,P017,849.0,2026-03-20 17:42:00,SUCCESS,UPI,NONE
TXN002435,C0237,P013,1999.0,2026-04-17 20:39:00,SUCCESS,DEBIT_CARD,NONE
TXN002436,C0775,P014,799.0,2026-07-13 06:08:00,FAILED,CREDIT_CARD,NONE
TXN002437,C0076,P008,1299.0,2026-05-08 03:39:00,SUCCESS,UPI,NONE
TXN002438,C0262,P002,699.0,2026-03-05 12:06:00,SUCCESS,CREDIT_CARD,NONE
TXN002439,C0549,P014,799.0,2026-08-21 00:20:00,SUCCESS,UPI,NONE
TXN002440,C0244,P016,999.0,2026-05-21 22:33:00,SUCCESS,NET_BANKING,NONE
TXN002441,C0532,P004,3499.0,2026-08-01 12:52:00,SUCCESS,UPI,NONE
TXN002442,C0962,P002,699.0,2026-07-13 10:27:00,SUCCESS,DEBIT_CARD,NONE
TXN002443,C0408,P020,1699.0,2026-08-09 11:36:00,SUCCESS,UPI,NONE
TXN002444,C0329,P007,1499.0,2026-08-06 06:11:00,SUCCESS,UPI,NONE
TXN002445,C0365,P002,699.0,2026-05-12 19:25:00,SUCCESS,UPI,NONE
TXN002446,C0498,P016,999.0,2026-05-14 18:19:00,SUCCESS,DEBIT_CARD,NONE
TXN002447,C0538,P009,1899.0,2026-06-17 12:58:00,SUCCESS,UPI,NONE
TXN002448,C0568,P001,4999.0,2026-04-17 21:11:00,SUCCESS,UPI,NONE
TXN002449,C0489,P018,3899.0,2026-04-18 07:34:00,SUCCESS,UPI,NONE
TXN002450,C0384,P020,1699.0,2026-07-31 10:54:00,SUCCESS,CREDIT_CARD,NONE
TXN002451,C0711,P001,4999.0,2026-03-29 10:28:00,SUCCESS,UPI,NONE
TXN002452,C0725,P003,2499.0,2026-06-18 02:24:00,SUCCESS,UPI,NONE
TXN002453,C0464,P009,1899.0,2026-04-04 06:35:00,SUCCESS,CREDIT_CARD,NONE
TXN002454,C0639,P014,799.0,2026-03-24 17:09:00,SUCCESS,UPI,NONE
TXN002455,C0304,P018,3899.0,2026-03-19 16:12:00,SUCCESS,UPI,NONE
TXN002456,C0695,P015,2999.0,2026-08-08 19:42:00,SUCCESS,UPI,NONE
TXN002457,C0594,P013,1999.0,2026-03-20 17:45:00,SUCCESS,UPI,NONE
TXN002458,C0302,P001,4999.0,2026-04-25 02:24:00,REFUNDED,UPI,FULL
TXN002459,C0200,P006,2899.0,2026-07-14 08:49:00,SUCCESS,DEBIT_CARD,NONE
TXN002460,C0229,P010,899.0,2026-07-25 22:35:00,FAILED,UPI,NONE
TXN002461,C0418,P020,1699.0,2026-03-05 11:25:00,SUCCESS,UPI,NONE
TXN002462,C0121,P015,2999.0,2026-05-17 11:19:00,SUCCESS,UPI,NONE
TXN002463,C0317,P018,3899.0,2026-07-03 19:22:00,SUCCESS,UPI,NONE
TXN002464,C0617,P012,1799.0,2026-03-18 04:03:00,SUCCESS,NET_BANKING,NONE
TXN002465,C0919,P018,3899.0,2026-08-27 02:08:00,SUCCESS,UPI,NONE
TXN002466,C0418,P004,3499.0,2026-07-25 13:24:00,SUCCESS,UPI,NONE
TXN002467,C0563,P005,1199.0,2026-05-19 17:12:00,SUCCESS,UPI,NONE
TXN002468,C0445,P009,1899.0,2026-08-07 18:36:00,SUCCESS,UPI,NONE
TXN002469,C0646,P003,2499.0,2026-07-07 11:25:00,SUCCESS,UPI,NONE
TXN002470,C0689,P005,1199.0,2026-07-13 19:40:00,REFUNDED,UPI,FULL
TXN002471,C0769,P004,3499.0,2026-06-28 05:11:00,SUCCESS,UPI,NONE
TXN002472,C0247,P019,749.0,2026-06-12 19:43:00,SUCCESS,CREDIT_CARD,NONE
TXN002473,C0031,P006,2899.0,2026-05-01 05:00:00,SUCCESS,UPI,NONE
TXN002474,C0445,P020,1699.0,2026-05-22 23:56:00,SUCCESS,WALLET,NONE
TXN002475,C0782,P013,1999.0,2026-04-25 05:56:00,SUCCESS,UPI,NONE
TXN002476,C0627,P011,649.0,2026-08-25 10:56:00,SUCCESS,UPI,NONE
TXN002477,C0664,P009,1899.0,2026-08-11 02:20:00,SUCCESS,UPI,NONE
TXN002478,C0330,P002,699.0,2026-05-06 22:11:00,SUCCESS,UPI,NONE
TXN002479,C0201,P019,749.0,2026-05-09 15:34:00,SUCCESS,CREDIT_CARD,NONE
TXN002480,C0378,P008,1299.0,2026-03-21 03:43:00,SUCCESS,UPI,NONE
TXN002481,C0454,P020,1699.0,2026-06-19 23:50:00,FAILED,UPI,NONE
TXN002482,C0744,P013,1999.0,2026-05-17 14:52:00,SUCCESS,UPI,NONE
TXN002483,C0569,P003,2499.0,2026-04-27 12:20:00,FAILED,DEBIT_CARD,NONE
TXN002484,C0165,P019,749.0,2026-03-04 16:56:00,SUCCESS,CREDIT_CARD,NONE
TXN002485,C0407,P017,849.0,2026-03-11 18:44:00,SUCCESS,UPI,NONE
TXN002486,C0208,P015,2999.0,2026-07-03 09:01:00,FAILED,UPI,NONE
TXN002487,C0733,P006,2899.0,2026-07-11 00:02:00,SUCCESS,NET_BANKING,NONE
TXN002488,C0558,P003,2499.0,2026-05-05 11:47:00,SUCCESS,DEBIT_CARD,NONE
TXN002489,C0169,P004,3499.0,2026-08-10 16:50:00,SUCCESS,UPI,NONE
TXN002490,C0769,P014,799.0,2026-07-01 19:18:00,SUCCESS,UPI,NONE
TXN002491,C0560,P019,749.0,2026-06-03 23:53:00,SUCCESS,UPI,NONE
TXN002492,C0913,P018,3899.0,2026-06-17 02:44:00,SUCCESS,UPI,NONE
TXN002493,C0173,P019,749.0,2026-06-10 10:51:00,SUCCESS,DEBIT_CARD,NONE
TXN002494,C0045,P004,3499.0,2026-05-13 03:42:00,SUCCESS,WALLET,NONE
TXN002495,C0210,P009,1899.0,2026-08-04 23:30:00,FAILED,UPI,NONE
TXN002496,C0759,P016,999.0,2026-03-13 19:50:00,SUCCESS,DEBIT_CARD,NONE
TXN002497,C0854,P006,2899.0,2026-03-21 09:04:00,SUCCESS,UPI,NONE
TXN002498,C0550,P006,2899.0,2026-08-04 15:48:00,FAILED,UPI,NONE
TXN002499,C0176,P019,749.0,2026-04-14 01:13:00,SUCCESS,DEBIT_CARD,NONE
TXN002500,C0704,P020,1699.0,2026-05-11 04:12:00,SUCCESS,UPI,NONE
TXN002501,C0896,P018,3899.0,2026-06-30 08:06:00,SUCCESS,UPI,NONE
TXN002502,C0327,P014,799.0,2026-08-24 01:46:00,SUCCESS,UPI,NONE
TXN002503,C0757,P001,4999.0,2026-04-26 13:23:00,SUCCESS,UPI,NONE
TXN002504,C0413,P004,3499.0,2026-05-06 20:16:00,SUCCESS,UPI,NONE
TXN002505,C0509,P008,1299.0,2026-05-19 19:11:00,SUCCESS,CREDIT_CARD,NONE
TXN002506,C0016,P012,1799.0,2026-08-30 23:26:00,SUCCESS,UPI,NONE
TXN002507,C0176,P006,2899.0,2026-07-04 15:38:00,SUCCESS,UPI,NONE
TXN002508,C0403,P012,1799.0,2026-08-28 01:26:00,FAILED,WALLET,NONE
TXN002509,C0415,P019,749.0,2026-07-23 12:56:00,SUCCESS,UPI,NONE
TXN002510,C0179,P003,2499.0,2026-04-07 07:40:00,FAILED,UPI,NONE
TXN002511,C0571,P019,749.0,2026-04-16 14:43:00,SUCCESS,UPI,NONE
TXN002512,C0555,P010,899.0,2026-04-14 11:50:00,FAILED,UPI,NONE
TXN002513,C0818,P002,699.0,2026-03-29 13:14:00,SUCCESS,UPI,NONE
TXN002514,C0444,P020,1699.0,2026-03-07 03:28:00,SUCCESS,NET_BANKING,NONE
TXN002515,C0306,P020,1699.0,2026-06-05 12:21:00,SUCCESS,UPI,NONE
TXN002516,C0663,P003,2499.0,2026-06-20 00:32:00,SUCCESS,CREDIT_CARD,NONE
TXN002517,C0986,P002,699.0,2026-03-06 15:32:00,FAILED,UPI,NONE
TXN002518,C0917,P018,3899.0,2026-05-20 21:36:00,SUCCESS,UPI,NONE
TXN002519,C0996,P006,2899.0,2026-08-24 16:32:00,SUCCESS,UPI,NONE
TXN002520,C0987,P020,1699.0,2026-08-14 12:20:00,SUCCESS,CREDIT_CARD,NONE
TXN002521,C0626,P018,3899.0,2026-04-26 23:26:00,SUCCESS,UPI,NONE
TXN002522,C0938,P014,799.0,2026-04-23 20:15:00,SUCCESS,DEBIT_CARD,NONE
TXN002523,C0133,P011,649.0,2026-04-20 17:48:00,SUCCESS,UPI,NONE
TXN002524,C0810,P018,3899.0,2026-06-10 14:27:00,SUCCESS,UPI,NONE
TXN002525,C0699,P008,1299.0,2026-05-29 10:16:00,SUCCESS,UPI,NONE
TXN002526,C0917,P012,1799.0,2026-05-23 23:14:00,SUCCESS,UPI,NONE
TXN002527,C0583,P002,699.0,2026-08-23 14:53:00,SUCCESS,UPI,NONE
TXN002528,C0181,P011,649.0,2026-05-28 03:44:00,SUCCESS,UPI,NONE
TXN002529,C0472,P019,749.0,2026-05-23 05:52:00,SUCCESS,UPI,NONE
TXN002530,C0302,P006,2899.0,2026-03-21 04:20:00,SUCCESS,NET_BANKING,NONE
TXN002531,C0758,P019,749.0,2026-06-23 23:07:00,SUCCESS,DEBIT_CARD,NONE
TXN002532,C0200,P018,3899.0,2026-04-07 08:39:00,SUCCESS,UPI,NONE
TXN002533,C0701,P011,649.0,2026-07-14 18:12:00,REFUNDED,UPI,FULL
TXN002534,C0495,P006,2899.0,2026-06-04 23:50:00,SUCCESS,NET_BANKING,NONE
TXN002535,C0969,P019,749.0,2026-07-05 13:46:00,SUCCESS,UPI,NONE
TXN002536,C0703,P012,1799.0,2026-08-05 04:05:00,SUCCESS,WALLET,NONE
TXN002537,C0574,P013,1999.0,2026-05-29 00:59:00,SUCCESS,NET_BANKING,NONE
TXN002538,C0270,P013,1999.0,2026-04-10 01:59:00,SUCCESS,UPI,NONE
TXN002539,C0792,P010,899.0,2026-06-26 05:00:00,SUCCESS,UPI,NONE
TXN002540,C0123,P017,849.0,2026-04-06 09:01:00,FAILED,DEBIT_CARD,NONE
TXN002541,C0169,P002,699.0,2026-07-11 19:07:00,SUCCESS,CREDIT_CARD,NONE
TXN002542,C0276,P002,699.0,2026-08-09 00:47:00,SUCCESS,UPI,NONE
TXN002543,C0301,P015,2999.0,2026-08-04 01:08:00,SUCCESS,UPI,NONE
TXN002544,C0747,P006,2899.0,2026-05-29 16:04:00,SUCCESS,UPI,NONE
TXN002545,C0746,P017,849.0,2026-08-07 04:09:00,SUCCESS,UPI,NONE
TXN002546,C0047,P001,4999.0,2026-03-26 03:06:00,SUCCESS,UPI,NONE
TXN002547,C0822,P004,3499.0,2026-06-20 09:58:00,SUCCESS,CREDIT_CARD,NONE
TXN002548,C0393,P020,1699.0,2026-04-18 08:16:00,SUCCESS,UPI,NONE
TXN002549,C0062,P020,1699.0,2026-07-28 21:00:00,SUCCESS,UPI,NONE
TXN002550,C0865,P017,849.0,2026-04-18 18:06:00,SUCCESS,CREDIT_CARD,NONE
TXN002551,C0912,P005,1199.0,2026-06-07 18:09:00,SUCCESS,DEBIT_CARD,NONE
TXN002552,C0427,P002,699.0,2026-06-08 17:28:00,SUCCESS,UPI,NONE
TXN002553,C0552,P015,2999.0,2026-06-21 02:05:00,SUCCESS,UPI,NONE
TXN002554,C0346,P017,849.0,2026-06-05 12:03:00,SUCCESS,CREDIT_CARD,NONE
TXN002555,C0348,P019,749.0,2026-05-15 00:10:00,SUCCESS,DEBIT_CARD,NONE
TXN002556,C0862,P020,1699.0,2026-06-19 06:28:00,FAILED,UPI,NONE
TXN002557,C0991,P003,2499.0,2026-03-06 22:39:00,FAILED,UPI,NONE
TXN002558,C0904,P002,699.0,2026-08-21 07:09:00,SUCCESS,UPI,NONE
TXN002559,C0601,P008,1299.0,2026-08-13 04:52:00,SUCCESS,CREDIT_CARD,NONE
TXN002560,C0847,P004,3499.0,2026-06-09 01:56:00,SUCCESS,UPI,NONE
TXN002561,C0493,P002,699.0,2026-04-20 05:20:00,SUCCESS,CREDIT_CARD,NONE
TXN002562,C0187,P004,3499.0,2026-06-20 02:42:00,SUCCESS,DEBIT_CARD,NONE
TXN002563,C0393,P013,1999.0,2026-04-02 16:15:00,SUCCESS,UPI,NONE
TXN002564,C0871,P008,1299.0,2026-05-14 21:03:00,SUCCESS,CREDIT_CARD,NONE
TXN002565,C0973,P010,899.0,2026-03-19 22:51:00,SUCCESS,CREDIT_CARD,NONE
TXN002566,C0867,P017,849.0,2026-07-20 00:42:00,FAILED,UPI,NONE
TXN002567,C0825,P006,2899.0,2026-04-14 08:13:00,SUCCESS,UPI,NONE
TXN002568,C0130,P007,1499.0,2026-03-29 07:04:00,SUCCESS,DEBIT_CARD,NONE
TXN002569,C0313,P020,1699.0,2026-08-08 10:36:00,SUCCESS,CREDIT_CARD,NONE
TXN002570,C0533,P008,1299.0,2026-05-17 03:29:00,SUCCESS,UPI,NONE
TXN002571,C0475,P012,1799.0,2026-08-24 18:50:00,SUCCESS,CREDIT_CARD,NONE
TXN002572,C0724,P003,2499.0,2026-03-13 21:49:00,SUCCESS,CREDIT_CARD,NONE
TXN002573,C0492,P015,2999.0,2026-06-10 03:13:00,SUCCESS,WALLET,NONE
TXN002574,C0273,P016,999.0,2026-07-27 23:51:00,FAILED,DEBIT_CARD,NONE
TXN002575,C0146,P020,1699.0,2026-08-07 19:08:00,SUCCESS,CREDIT_CARD,NONE
TXN002576,C0465,P013,1999.0,2026-03-15 18:45:00,SUCCESS,CREDIT_CARD,NONE
TXN002577,C0563,P006,2899.0,2026-05-11 08:19:00,SUCCESS,UPI,NONE
TXN002578,C0704,P007,1499.0,2026-07-11 21:10:00,SUCCESS,CREDIT_CARD,NONE
TXN002579,C0579,P019,749.0,2026-07-15 11:40:00,SUCCESS,UPI,NONE
TXN002580,C0979,P019,749.0,2026-03-27 05:13:00,SUCCESS,UPI,NONE
TXN002581,C0104,P014,799.0,2026-06-08 14:06:00,SUCCESS,UPI,NONE
TXN002582,C0242,P018,3899.0,2026-04-13 07:45:00,SUCCESS,DEBIT_CARD,NONE
TXN002583,C0373,P008,1299.0,2026-04-05 18:47:00,FAILED,UPI,NONE
TXN002584,C0428,P004,3499.0,2026-04-27 12:19:00,SUCCESS,UPI,NONE
TXN002585,C0505,P008,1299.0,2026-07-20 23:42:00,SUCCESS,UPI,NONE
TXN002586,C0341,P009,1899.0,2026-06-27 17:09:00,SUCCESS,NET_BANKING,NONE
TXN002587,C0733,P004,3499.0,2026-07-15 21:22:00,SUCCESS,DEBIT_CARD,NONE
TXN002588,C0450,P001,4999.0,2026-07-14 17:49:00,SUCCESS,UPI,NONE
TXN002589,C0340,P008,1299.0,2026-03-13 16:31:00,FAILED,CREDIT_CARD,NONE
TXN002590,C0220,P016,999.0,2026-06-09 07:23:00,FAILED,NET_BANKING,NONE
TXN002591,C0134,P005,1199.0,2026-08-23 14:12:00,SUCCESS,WALLET,NONE
TXN002592,C0374,P013,1999.0,2026-08-17 18:48:00,SUCCESS,UPI,NONE
TXN002593,C0272,P018,3899.0,2026-04-27 16:09:00,SUCCESS,NET_BANKING,NONE
TXN002594,C0532,P017,849.0,2026-04-23 17:32:00,SUCCESS,UPI,NONE
TXN002595,C0758,P012,1799.0,2026-03-13 19:38:00,SUCCESS,UPI,NONE
TXN002596,C0404,P002,699.0,2026-08-21 05:59:00,SUCCESS,UPI,NONE
TXN002597,C0945,P013,1999.0,2026-03-19 09:08:00,SUCCESS,UPI,NONE
TXN002598,C0329,P004,3499.0,2026-05-06 09:38:00,SUCCESS,DEBIT_CARD,NONE
TXN002599,C0216,P019,749.0,2026-08-08 11:11:00,SUCCESS,UPI,NONE
TXN002600,C0798,P019,749.0,2026-06-02 14:59:00,SUCCESS,UPI,NONE
TXN002601,C0284,P017,849.0,2026-07-13 10:21:00,FAILED,DEBIT_CARD,NONE
TXN002602,C0482,P003,2499.0,2026-07-08 14:23:00,SUCCESS,UPI,NONE
TXN002603,C0118,P005,1199.0,2026-05-22 10:20:00,SUCCESS,UPI,NONE
TXN002604,C0213,P006,2899.0,2026-07-31 14:01:00,SUCCESS,CREDIT_CARD,NONE
TXN002605,C0478,P005,1199.0,2026-08-18 08:22:00,SUCCESS,CREDIT_CARD,NONE
TXN002606,C0119,P004,3499.0,2026-05-25 23:54:00,SUCCESS,UPI,NONE
TXN002607,C0124,P020,1699.0,2026-08-22 21:52:00,SUCCESS,CREDIT_CARD,NONE
TXN002608,C0948,P017,849.0,2026-05-11 04:48:00,SUCCESS,NET_BANKING,NONE
TXN002609,C0220,P002,699.0,2026-06-16 17:48:00,SUCCESS,UPI,NONE
TXN002610,C0550,P001,4999.0,2026-03-15 06:31:00,SUCCESS,CREDIT_CARD,NONE
TXN002611,C0309,P017,849.0,2026-08-05 07:12:00,SUCCESS,CREDIT_CARD,NONE
TXN002612,C0093,P010,899.0,2026-08-25 18:17:00,SUCCESS,UPI,NONE
TXN002613,C0945,P011,649.0,2026-08-28 17:18:00,SUCCESS,UPI,NONE
TXN002614,C0611,P010,899.0,2026-05-27 07:59:00,SUCCESS,DEBIT_CARD,NONE
TXN002615,C0718,P012,1799.0,2026-06-02 12:36:00,SUCCESS,DEBIT_CARD,NONE
TXN002616,C0760,P001,4999.0,2026-07-07 13:18:00,SUCCESS,UPI,NONE
TXN002617,C0798,P019,749.0,2026-04-26 11:11:00,FAILED,UPI,NONE
TXN002618,C0146,P009,1899.0,2026-07-13 22:01:00,SUCCESS,UPI,NONE
TXN002619,C0376,P013,1999.0,2026-06-14 07:47:00,SUCCESS,DEBIT_CARD,NONE
TXN002620,C0077,P005,1199.0,2026-08-25 07:30:00,SUCCESS,NET_BANKING,NONE
TXN002621,C0371,P020,1699.0,2026-07-20 20:46:00,SUCCESS,UPI,NONE
TXN002622,C0171,P020,1699.0,2026-03-26 10:32:00,FAILED,CREDIT_CARD,NONE
TXN002623,C0437,P019,749.0,2026-08-25 22:46:00,SUCCESS,UPI,NONE
TXN002624,C0544,P004,3499.0,2026-06-05 01:44:00,SUCCESS,NET_BANKING,NONE
TXN002625,C0900,P001,4999.0,2026-07-05 13:15:00,SUCCESS,DEBIT_CARD,NONE
TXN002626,C0061,P004,3499.0,2026-08-26 16:37:00,SUCCESS,DEBIT_CARD,NONE
TXN002627,C0509,P019,749.0,2026-03-20 21:37:00,SUCCESS,UPI,NONE
TXN002628,C0638,P003,2499.0,2026-05-28 21:23:00,REFUNDED,CREDIT_CARD,FULL
TXN002629,C0381,P010,899.0,2026-05-15 06:45:00,SUCCESS,UPI,NONE
TXN002630,C0141,P009,1899.0,2026-05-04 23:00:00,SUCCESS,UPI,NONE
TXN002631,C0788,P004,3499.0,2026-04-22 08:58:00,SUCCESS,UPI,NONE
TXN002632,C0755,P014,799.0,2026-04-12 04:54:00,SUCCESS,UPI,NONE
TXN002633,C0966,P003,2499.0,2026-04-28 06:33:00,SUCCESS,UPI,NONE
TXN002634,C0530,P004,3499.0,2026-03-13 00:32:00,SUCCESS,UPI,NONE
TXN002635,C0890,P004,3499.0,2026-06-04 13:57:00,SUCCESS,UPI,NONE
TXN002636,C0044,P014,799.0,2026-05-08 08:45:00,SUCCESS,UPI,NONE
TXN002637,C0341,P003,2499.0,2026-08-19 02:37:00,FAILED,NET_BANKING,NONE
TXN002638,C0308,P007,1499.0,2026-05-21 06:53:00,SUCCESS,CREDIT_CARD,NONE
TXN002639,C0579,P014,799.0,2026-07-16 00:26:00,SUCCESS,DEBIT_CARD,NONE
TXN002640,C0458,P014,799.0,2026-05-13 16:44:00,SUCCESS,UPI,NONE
TXN002641,C0575,P001,4999.0,2026-06-07 05:18:00,SUCCESS,CREDIT_CARD,NONE
TXN002642,C0622,P013,1999.0,2026-07-21 21:01:00,SUCCESS,UPI,NONE
TXN002643,C0404,P014,799.0,2026-07-24 09:38:00,SUCCESS,UPI,NONE
TXN002644,C0851,P005,1199.0,2026-03-04 20:59:00,REFUNDED,UPI,FULL
TXN002645,C0413,P014,799.0,2026-05-15 08:41:00,SUCCESS,NET_BANKING,NONE
TXN002646,C0026,P003,2499.0,2026-08-02 10:32:00,SUCCESS,UPI,NONE
TXN002647,C0128,P009,1899.0,2026-08-22 11:13:00,SUCCESS,CREDIT_CARD,NONE
TXN002648,C0557,P018,3899.0,2026-08-13 13:24:00,SUCCESS,CREDIT_CARD,NONE
TXN002649,C0647,P009,1899.0,2026-04-07 11:40:00,REFUNDED,UPI,FULL
TXN002650,C0068,P011,649.0,2026-07-18 10:44:00,SUCCESS,UPI,NONE
TXN002651,C0828,P019,749.0,2026-06-15 15:07:00,SUCCESS,UPI,NONE
TXN002652,C0935,P013,1999.0,2026-03-28 19:29:00,SUCCESS,CREDIT_CARD,NONE
TXN002653,C0204,P015,2999.0,2026-04-01 21:17:00,SUCCESS,UPI,NONE
TXN002654,C0618,P018,3899.0,2026-06-18 08:34:00,FAILED,DEBIT_CARD,NONE
TXN002655,C0222,P016,999.0,2026-06-19 10:29:00,SUCCESS,UPI,NONE
TXN002656,C0239,P006,2899.0,2026-06-09 22:49:00,SUCCESS,UPI,NONE
TXN002657,C0528,P019,749.0,2026-04-01 02:23:00,SUCCESS,UPI,NONE
TXN002658,C0626,P015,2999.0,2026-08-28 09:15:00,SUCCESS,DEBIT_CARD,NONE
TXN002659,C0905,P014,799.0,2026-03-15 07:59:00,SUCCESS,UPI,NONE
TXN002660,C0472,P018,3899.0,2026-07-19 08:55:00,SUCCESS,UPI,NONE
TXN002661,C0677,P001,4999.0,2026-03-22 14:20:00,SUCCESS,UPI,NONE
TXN002662,C0924,P018,3899.0,2026-08-10 04:37:00,SUCCESS,CREDIT_CARD,NONE
TXN002663,C0586,P017,849.0,2026-03-31 19:04:00,SUCCESS,WALLET,NONE
TXN002664,C0923,P005,1199.0,2026-08-03 09:32:00,SUCCESS,NET_BANKING,NONE
TXN002665,C0551,P017,849.0,2026-03-23 17:42:00,SUCCESS,NET_BANKING,NONE
TXN002666,C0835,P003,2499.0,2026-04-13 23:03:00,SUCCESS,UPI,NONE
TXN002667,C0165,P004,3499.0,2026-05-08 00:27:00,FAILED,UPI,NONE
TXN002668,C0996,P017,849.0,2026-05-27 21:01:00,SUCCESS,UPI,NONE
TXN002669,C0832,P001,4999.0,2026-06-25 18:58:00,SUCCESS,UPI,NONE
TXN002670,C0683,P003,2499.0,2026-07-16 05:36:00,SUCCESS,UPI,NONE
TXN002671,C0413,P003,2499.0,2026-03-18 14:55:00,SUCCESS,NET_BANKING,NONE
TXN002672,C0512,P019,749.0,2026-06-23 06:22:00,SUCCESS,CREDIT_CARD,NONE
TXN002673,C0517,P005,1199.0,2026-05-04 12:12:00,FAILED,UPI,NONE
TXN002674,C0681,P002,699.0,2026-06-24 10:23:00,SUCCESS,UPI,NONE
TXN002675,C0265,P003,2499.0,2026-04-04 22:53:00,SUCCESS,UPI,NONE
TXN002676,C0922,P018,3899.0,2026-03-20 04:49:00,SUCCESS,UPI,NONE
TXN002677,C0828,P018,3899.0,2026-04-11 04:39:00,SUCCESS,CREDIT_CARD,NONE
TXN002678,C0798,P015,2999.0,2026-04-04 14:18:00,SUCCESS,CREDIT_CARD,NONE
TXN002679,C0656,P002,699.0,2026-03-29 22:16:00,SUCCESS,CREDIT_CARD,NONE
TXN002680,C0386,P013,1999.0,2026-04-14 04:14:00,SUCCESS,UPI,NONE
TXN002681,C0027,P009,1899.0,2026-05-07 19:41:00,SUCCESS,UPI,NONE
TXN002682,C0157,P018,3899.0,2026-06-06 08:36:00,REFUNDED,UPI,FULL
TXN002683,C0365,P019,749.0,2026-06-29 15:34:00,SUCCESS,UPI,NONE
TXN002684,C0001,P017,849.0,2026-04-07 04:43:00,SUCCESS,UPI,NONE
TXN002685,C0514,P008,1299.0,2026-03-27 10:04:00,REFUNDED,UPI,FULL
TXN002686,C0405,P016,999.0,2026-07-23 19:32:00,SUCCESS,UPI,NONE
TXN002687,C0023,P020,1699.0,2026-08-15 09:41:00,REFUNDED,UPI,FULL
TXN002688,C0116,P019,749.0,2026-06-29 00:18:00,SUCCESS,CREDIT_CARD,NONE
TXN002689,C0835,P006,2899.0,2026-07-09 13:34:00,SUCCESS,UPI,NONE
TXN002690,C0737,P014,799.0,2026-08-31 01:49:00,SUCCESS,WALLET,NONE
TXN002691,C0261,P011,649.0,2026-04-10 19:54:00,SUCCESS,UPI,NONE
TXN002692,C0718,P001,4999.0,2026-07-20 00:02:00,SUCCESS,NET_BANKING,NONE
TXN002693,C0508,P005,1199.0,2026-06-25 08:21:00,SUCCESS,UPI,NONE
TXN002694,C0033,P007,1499.0,2026-03-06 02:43:00,SUCCESS,UPI,NONE
TXN002695,C0412,P003,2499.0,2026-05-02 12:30:00,FAILED,DEBIT_CARD,NONE
TXN002696,C0791,P017,849.0,2026-07-29 13:44:00,SUCCESS,UPI,NONE
TXN002697,C0560,P002,699.0,2026-04-13 18:02:00,SUCCESS,CREDIT_CARD,NONE
TXN002698,C0473,P018,3899.0,2026-07-25 08:43:00,SUCCESS,UPI,NONE
TXN002699,C0530,P004,3499.0,2026-07-05 01:21:00,SUCCESS,UPI,NONE
TXN002700,C0386,P009,1899.0,2026-04-13 22:21:00,SUCCESS,CREDIT_CARD,NONE
TXN002701,C0938,P008,1299.0,2026-03-05 17:35:00,SUCCESS,CREDIT_CARD,NONE
TXN002702,C0320,P017,849.0,2026-05-25 17:41:00,SUCCESS,CREDIT_CARD,NONE
TXN002703,C0336,P011,649.0,2026-04-03 03:40:00,SUCCESS,CREDIT_CARD,NONE
TXN002704,C0128,P020,1699.0,2026-07-27 12:22:00,SUCCESS,CREDIT_CARD,NONE
TXN002705,C0704,P016,999.0,2026-05-31 04:16:00,SUCCESS,NET_BANKING,NONE
TXN002706,C0046,P012,1799.0,2026-08-02 09:30:00,SUCCESS,UPI,NONE
TXN002707,C0064,P008,1299.0,2026-03-31 18:12:00,SUCCESS,CREDIT_CARD,NONE
TXN002708,C0213,P014,799.0,2026-06-12 04:34:00,SUCCESS,WALLET,NONE
TXN002709,C0103,P017,849.0,2026-04-05 03:40:00,SUCCESS,UPI,NONE
TXN002710,C0498,P001,4999.0,2026-08-19 11:22:00,SUCCESS,CREDIT_CARD,NONE
TXN002711,C0827,P005,1199.0,2026-06-15 19:23:00,SUCCESS,UPI,NONE
TXN002712,C0943,P013,1999.0,2026-05-26 14:05:00,FAILED,UPI,NONE
TXN002713,C0442,P016,999.0,2026-05-18 10:40:00,SUCCESS,CREDIT_CARD,NONE
TXN002714,C0015,P010,899.0,2026-06-11 22:05:00,SUCCESS,UPI,NONE
TXN002715,C0349,P018,3899.0,2026-08-23 17:32:00,SUCCESS,CREDIT_CARD,NONE
TXN002716,C0327,P008,1299.0,2026-07-12 19:09:00,SUCCESS,UPI,NONE
TXN002717,C0249,P012,1799.0,2026-06-25 23:04:00,SUCCESS,UPI,NONE
TXN002718,C0649,P006,2899.0,2026-05-16 01:16:00,SUCCESS,UPI,NONE
TXN002719,C0648,P011,649.0,2026-03-29 16:38:00,SUCCESS,UPI,NONE
TXN002720,C0712,P014,799.0,2026-07-21 06:53:00,SUCCESS,UPI,NONE
TXN002721,C0987,P015,2999.0,2026-05-13 20:16:00,SUCCESS,CREDIT_CARD,NONE
TXN002722,C0138,P011,649.0,2026-03-28 09:36:00,SUCCESS,UPI,NONE
TXN002723,C0288,P004,3499.0,2026-08-08 00:02:00,SUCCESS,WALLET,NONE
TXN002724,C0980,P009,1899.0,2026-04-16 19:20:00,SUCCESS,UPI,NONE
TXN002725,C0779,P018,3899.0,2026-08-28 08:30:00,REFUNDED,UPI,FULL
TXN002726,C0493,P016,999.0,2026-04-10 07:48:00,SUCCESS,DEBIT_CARD,NONE
TXN002727,C0610,P012,1799.0,2026-05-10 11:01:00,SUCCESS,CREDIT_CARD,NONE
TXN002728,C0736,P014,799.0,2026-06-25 06:20:00,SUCCESS,CREDIT_CARD,NONE
TXN002729,C0748,P004,3499.0,2026-07-20 10:47:00,SUCCESS,UPI,NONE
TXN002730,C0778,P016,999.0,2026-06-05 04:33:00,SUCCESS,UPI,NONE
TXN002731,C0396,P018,3899.0,2026-08-18 21:25:00,SUCCESS,UPI,NONE
TXN002732,C0173,P012,1799.0,2026-06-24 19:49:00,SUCCESS,UPI,NONE
TXN002733,C0571,P008,1299.0,2026-04-25 01:04:00,SUCCESS,UPI,NONE
TXN002734,C0973,P009,1899.0,2026-08-19 10:17:00,SUCCESS,NET_BANKING,NONE
TXN002735,C0669,P012,1799.0,2026-06-18 15:31:00,SUCCESS,UPI,NONE
TXN002736,C0202,P003,2499.0,2026-08-03 07:48:00,SUCCESS,UPI,NONE
TXN002737,C0459,P010,899.0,2026-04-15 16:12:00,REFUNDED,CREDIT_CARD,FULL
TXN002738,C0699,P020,1699.0,2026-08-09 21:32:00,SUCCESS,DEBIT_CARD,NONE
TXN002739,C0212,P008,1299.0,2026-03-14 02:19:00,SUCCESS,CREDIT_CARD,NONE
TXN002740,C0502,P006,2899.0,2026-08-24 05:05:00,SUCCESS,DEBIT_CARD,NONE
TXN002741,C0702,P006,2899.0,2026-08-12 20:38:00,SUCCESS,CREDIT_CARD,NONE
TXN002742,C0063,P003,2499.0,2026-03-28 23:45:00,SUCCESS,DEBIT_CARD,NONE
TXN002743,C0732,P007,1499.0,2026-08-22 23:22:00,REFUNDED,WALLET,FULL
TXN002744,C0333,P018,3899.0,2026-04-25 07:43:00,SUCCESS,CREDIT_CARD,NONE
TXN002745,C0869,P008,1299.0,2026-06-14 11:58:00,SUCCESS,DEBIT_CARD,NONE
TXN002746,C0807,P004,3499.0,2026-04-22 09:15:00,SUCCESS,DEBIT_CARD,NONE
TXN002747,C0518,P010,899.0,2026-04-22 09:07:00,REFUNDED,UPI,FULL
TXN002748,C0286,P009,1899.0,2026-06-26 14:37:00,SUCCESS,UPI,NONE
TXN002749,C0846,P018,3899.0,2026-07-08 18:04:00,SUCCESS,UPI,NONE
TXN002750,C0618,P020,1699.0,2026-07-06 21:15:00,SUCCESS,CREDIT_CARD,NONE
TXN002751,C0658,P011,649.0,2026-06-30 15:22:00,SUCCESS,UPI,NONE
TXN002752,C0984,P017,849.0,2026-04-21 14:44:00,SUCCESS,DEBIT_CARD,NONE
TXN002753,C0824,P020,1699.0,2026-04-07 17:33:00,SUCCESS,WALLET,NONE
TXN002754,C0796,P005,1199.0,2026-03-07 16:57:00,REFUNDED,UPI,FULL
TXN002755,C0493,P019,749.0,2026-03-05 07:07:00,SUCCESS,UPI,NONE
TXN002756,C0461,P005,1199.0,2026-06-27 23:46:00,SUCCESS,UPI,NONE
TXN002757,C0747,P020,1699.0,2026-04-14 12:36:00,SUCCESS,CREDIT_CARD,NONE
TXN002758,C0136,P007,1499.0,2026-04-10 15:46:00,SUCCESS,UPI,NONE
TXN002759,C0242,P008,1299.0,2026-04-08 08:51:00,REFUNDED,WALLET,FULL
TXN002760,C0676,P018,3899.0,2026-04-26 11:35:00,SUCCESS,DEBIT_CARD,NONE
TXN002761,C0903,P019,749.0,2026-07-09 06:27:00,FAILED,DEBIT_CARD,NONE
TXN002762,C0172,P005,1199.0,2026-07-31 10:08:00,SUCCESS,UPI,NONE
TXN002763,C0180,P001,4999.0,2026-08-27 09:16:00,SUCCESS,UPI,NONE
TXN002764,C0389,P004,3499.0,2026-08-20 11:28:00,SUCCESS,DEBIT_CARD,NONE
TXN002765,C0889,P018,3899.0,2026-03-10 20:15:00,SUCCESS,UPI,NONE
TXN002766,C0086,P010,899.0,2026-07-14 00:36:00,SUCCESS,CREDIT_CARD,NONE
TXN002767,C0940,P008,1299.0,2026-04-12 02:01:00,SUCCESS,UPI,NONE
TXN002768,C0967,P003,2499.0,2026-04-02 19:12:00,SUCCESS,UPI,NONE
TXN002769,C0432,P018,3899.0,2026-03-20 07:48:00,SUCCESS,UPI,NONE
TXN002770,C0603,P011,649.0,2026-03-11 08:58:00,SUCCESS,UPI,NONE
TXN002771,C0018,P015,2999.0,2026-05-20 07:00:00,SUCCESS,UPI,NONE
TXN002772,C0967,P011,649.0,2026-04-02 23:32:00,SUCCESS,DEBIT_CARD,NONE
TXN002773,C0925,P002,699.0,2026-05-11 22:03:00,SUCCESS,CREDIT_CARD,NONE
TXN002774,C0095,P003,2499.0,2026-08-27 15:35:00,SUCCESS,DEBIT_CARD,NONE
TXN002775,C0089,P003,2499.0,2026-07-05 03:00:00,SUCCESS,CREDIT_CARD,NONE
TXN002776,C0103,P013,1999.0,2026-03-26 17:43:00,SUCCESS,CREDIT_CARD,NONE
TXN002777,C0536,P020,1699.0,2026-08-28 00:11:00,SUCCESS,UPI,NONE
TXN002778,C0430,P018,3899.0,2026-07-11 02:25:00,SUCCESS,UPI,NONE
TXN002779,C0582,P019,749.0,2026-03-24 23:50:00,SUCCESS,UPI,NONE
TXN002780,C0016,P017,849.0,2026-07-02 18:33:00,SUCCESS,UPI,NONE
TXN002781,C0651,P019,749.0,2026-07-31 20:27:00,SUCCESS,WALLET,NONE
TXN002782,C0497,P020,1699.0,2026-08-13 00:59:00,SUCCESS,UPI,NONE
TXN002783,C0185,P012,1799.0,2026-05-07 09:24:00,SUCCESS,UPI,NONE
TXN002784,C0710,P020,1699.0,2026-07-02 07:59:00,SUCCESS,NET_BANKING,NONE
TXN002785,C0903,P012,1799.0,2026-05-06 15:27:00,SUCCESS,UPI,NONE
TXN002786,C0192,P013,1999.0,2026-08-28 02:55:00,SUCCESS,UPI,NONE
TXN002787,C0967,P019,749.0,2026-05-29 07:56:00,SUCCESS,CREDIT_CARD,NONE
TXN002788,C0523,P011,649.0,2026-07-31 21:29:00,SUCCESS,UPI,NONE
TXN002789,C0688,P005,1199.0,2026-04-29 02:36:00,SUCCESS,UPI,NONE
TXN002790,C0099,P018,3899.0,2026-03-11 15:25:00,SUCCESS,UPI,NONE
TXN002791,C0730,P019,749.0,2026-05-20 07:33:00,SUCCESS,UPI,NONE
TXN002792,C0618,P016,999.0,2026-06-06 19:23:00,SUCCESS,UPI,NONE
TXN002793,C0725,P009,1899.0,2026-05-30 03:02:00,SUCCESS,UPI,NONE
TXN002794,C0355,P010,899.0,2026-05-27 20:07:00,SUCCESS,DEBIT_CARD,NONE
TXN002795,C0799,P017,849.0,2026-07-30 11:06:00,SUCCESS,UPI,NONE
TXN002796,C0891,P012,1799.0,2026-04-26 11:15:00,FAILED,UPI,NONE
TXN002797,C0065,P013,1999.0,2026-07-05 13:03:00,SUCCESS,UPI,NONE
TXN002798,C0055,P015,2999.0,2026-07-19 05:08:00,SUCCESS,UPI,NONE
TXN002799,C0482,P006,2899.0,2026-04-25 06:02:00,SUCCESS,UPI,NONE
TXN002800,C0739,P009,1899.0,2026-08-30 10:55:00,SUCCESS,UPI,NONE
TXN002801,C0935,P017,849.0,2026-07-16 06:16:00,SUCCESS,UPI,NONE
TXN002802,C0093,P005,1199.0,2026-05-16 09:36:00,SUCCESS,NET_BANKING,NONE
TXN002803,C0954,P012,1799.0,2026-08-29 20:56:00,SUCCESS,UPI,NONE
TXN002804,C0576,P002,699.0,2026-08-08 08:24:00,SUCCESS,UPI,NONE
TXN002805,C0183,P015,2999.0,2026-08-03 14:55:00,SUCCESS,UPI,NONE
TXN002806,C0766,P002,699.0,2026-05-31 04:08:00,SUCCESS,DEBIT_CARD,NONE
TXN002807,C0841,P019,749.0,2026-07-28 05:58:00,SUCCESS,UPI,NONE
TXN002808,C0441,P019,749.0,2026-06-11 15:00:00,SUCCESS,UPI,NONE
TXN002809,C0928,P003,2499.0,2026-04-23 17:10:00,SUCCESS,UPI,NONE
TXN002810,C0716,P010,899.0,2026-07-03 15:51:00,SUCCESS,CREDIT_CARD,NONE
TXN002811,C0424,P019,749.0,2026-04-10 17:47:00,SUCCESS,DEBIT_CARD,NONE
TXN002812,C0135,P020,1699.0,2026-06-27 03:30:00,SUCCESS,CREDIT_CARD,NONE
TXN002813,C0751,P003,2499.0,2026-03-24 12:28:00,REFUNDED,NET_BANKING,FULL
TXN002814,C0208,P010,899.0,2026-04-16 09:47:00,SUCCESS,DEBIT_CARD,NONE
TXN002815,C0073,P002,699.0,2026-06-26 01:58:00,SUCCESS,UPI,NONE
TXN002816,C0680,P020,1699.0,2026-05-20 04:17:00,SUCCESS,UPI,NONE
TXN002817,C0304,P007,1499.0,2026-05-30 21:44:00,SUCCESS,UPI,NONE
TXN002818,C0248,P011,649.0,2026-07-23 22:27:00,SUCCESS,UPI,NONE
TXN002819,C0559,P014,799.0,2026-08-21 12:33:00,SUCCESS,UPI,NONE
TXN002820,C0225,P009,1899.0,2026-06-15 18:28:00,SUCCESS,UPI,NONE
TXN002821,C0182,P011,649.0,2026-07-03 23:02:00,FAILED,WALLET,NONE
TXN002822,C0416,P005,1199.0,2026-04-15 10:39:00,SUCCESS,UPI,NONE
TXN002823,C0455,P009,1899.0,2026-08-18 23:37:00,SUCCESS,UPI,NONE
TXN002824,C0082,P012,1799.0,2026-05-22 06:47:00,SUCCESS,UPI,NONE
TXN002825,C0010,P020,1699.0,2026-08-22 18:01:00,SUCCESS,UPI,NONE
TXN002826,C0110,P002,699.0,2026-04-26 15:16:00,SUCCESS,UPI,NONE
TXN002827,C0615,P004,3499.0,2026-07-03 08:55:00,SUCCESS,WALLET,NONE
TXN002828,C0520,P013,1999.0,2026-08-06 16:17:00,SUCCESS,UPI,NONE
TXN002829,C0303,P015,2999.0,2026-03-09 23:57:00,SUCCESS,CREDIT_CARD,NONE
TXN002830,C0650,P001,4999.0,2026-05-19 13:21:00,SUCCESS,UPI,NONE
TXN002831,C0838,P009,1899.0,2026-03-06 09:17:00,SUCCESS,UPI,NONE
TXN002832,C0085,P005,1199.0,2026-07-15 21:03:00,SUCCESS,UPI,NONE
TXN002833,C0580,P012,1799.0,2026-08-16 11:50:00,SUCCESS,DEBIT_CARD,NONE
TXN002834,C0717,P002,699.0,2026-08-11 01:53:00,SUCCESS,UPI,NONE
TXN002835,C0953,P006,2899.0,2026-06-03 15:17:00,SUCCESS,CREDIT_CARD,NONE
TXN002836,C0649,P020,1699.0,2026-06-06 10:32:00,FAILED,UPI,NONE
TXN002837,C0103,P015,2999.0,2026-07-14 07:31:00,SUCCESS,UPI,NONE
TXN002838,C0363,P019,749.0,2026-03-12 00:19:00,SUCCESS,UPI,NONE
TXN002839,C0770,P003,2499.0,2026-08-19 11:35:00,SUCCESS,UPI,NONE
TXN002840,C0222,P010,899.0,2026-08-28 05:16:00,SUCCESS,DEBIT_CARD,NONE
TXN002841,C0285,P012,1799.0,2026-07-30 10:04:00,SUCCESS,UPI,NONE
TXN002842,C0627,P010,899.0,2026-08-15 09:26:00,SUCCESS,UPI,NONE
TXN002843,C0097,P008,1299.0,2026-03-17 01:04:00,SUCCESS,UPI,NONE
TXN002844,C0983,P018,3899.0,2026-06-01 00:12:00,FAILED,CREDIT_CARD,NONE
TXN002845,C0151,P002,699.0,2026-05-30 23:56:00,SUCCESS,UPI,NONE
TXN002846,C0499,P019,749.0,2026-04-06 11:19:00,SUCCESS,UPI,NONE
TXN002847,C0966,P018,3899.0,2026-08-16 09:26:00,SUCCESS,UPI,NONE
TXN002848,C0270,P002,699.0,2026-03-06 04:30:00,SUCCESS,UPI,NONE
TXN002849,C0129,P007,1499.0,2026-03-15 05:24:00,SUCCESS,DEBIT_CARD,NONE
TXN002850,C0716,P012,1799.0,2026-07-05 12:00:00,SUCCESS,UPI,NONE
TXN002851,C0777,P006,2899.0,2026-06-07 02:00:00,SUCCESS,UPI,NONE
TXN002852,C0849,P001,4999.0,2026-08-12 20:47:00,SUCCESS,WALLET,NONE
TXN002853,C0134,P013,1999.0,2026-07-15 02:54:00,SUCCESS,UPI,NONE
TXN002854,C0597,P002,699.0,2026-03-24 06:18:00,SUCCESS,NET_BANKING,NONE
TXN002855,C0154,P008,1299.0,2026-07-06 02:39:00,SUCCESS,DEBIT_CARD,NONE
TXN002856,C0755,P002,699.0,2026-04-07 10:19:00,SUCCESS,DEBIT_CARD,NONE
TXN002857,C0694,P002,699.0,2026-06-01 05:00:00,FAILED,CREDIT_CARD,NONE
TXN002858,C0523,P009,1899.0,2026-06-30 11:51:00,SUCCESS,DEBIT_CARD,NONE
TXN002859,C0394,P013,1999.0,2026-05-10 04:10:00,FAILED,UPI,NONE
TXN002860,C0918,P011,649.0,2026-05-07 01:12:00,SUCCESS,DEBIT_CARD,NONE
TXN002861,C0809,P018,3899.0,2026-05-08 01:06:00,SUCCESS,UPI,NONE
TXN002862,C0176,P019,749.0,2026-04-01 22:41:00,SUCCESS,UPI,NONE
TXN002863,C0977,P008,1299.0,2026-05-15 14:09:00,SUCCESS,DEBIT_CARD,NONE
TXN002864,C0906,P005,1199.0,2026-05-06 00:38:00,SUCCESS,UPI,NONE
TXN002865,C0474,P015,2999.0,2026-08-24 13:22:00,FAILED,UPI,NONE
TXN002866,C0094,P012,1799.0,2026-07-21 04:15:00,SUCCESS,CREDIT_CARD,NONE
TXN002867,C0194,P014,799.0,2026-03-05 06:54:00,SUCCESS,CREDIT_CARD,NONE
TXN002868,C0677,P006,2899.0,2026-08-14 00:02:00,SUCCESS,DEBIT_CARD,NONE
TXN002869,C0535,P019,749.0,2026-04-27 13:00:00,SUCCESS,CREDIT_CARD,NONE
TXN002870,C0445,P004,3499.0,2026-08-02 19:33:00,SUCCESS,UPI,NONE
TXN002871,C0564,P018,3899.0,2026-08-10 12:23:00,SUCCESS,DEBIT_CARD,NONE
TXN002872,C0475,P016,999.0,2026-07-19 13:16:00,SUCCESS,UPI,NONE
TXN002873,C0046,P002,699.0,2026-06-06 04:30:00,SUCCESS,UPI,NONE
TXN002874,C0619,P007,1499.0,2026-08-13 18:36:00,SUCCESS,UPI,NONE
TXN002875,C0931,P019,749.0,2026-05-01 06:09:00,SUCCESS,UPI,NONE
TXN002876,C0904,P010,899.0,2026-08-17 14:54:00,SUCCESS,WALLET,NONE
TXN002877,C0740,P016,999.0,2026-07-21 11:57:00,SUCCESS,UPI,NONE
TXN002878,C0302,P018,3899.0,2026-07-29 15:01:00,SUCCESS,DEBIT_CARD,NONE
TXN002879,C0679,P005,1199.0,2026-08-16 03:55:00,SUCCESS,UPI,NONE
TXN002880,C0286,P007,1499.0,2026-07-28 12:05:00,SUCCESS,UPI,NONE
TXN002881,C0432,P012,1799.0,2026-04-05 16:15:00,SUCCESS,UPI,NONE
TXN002882,C0130,P001,4999.0,2026-07-30 10:20:00,SUCCESS,UPI,NONE
TXN002883,C0960,P005,1199.0,2026-07-06 07:52:00,SUCCESS,CREDIT_CARD,NONE
TXN002884,C0871,P005,1199.0,2026-03-06 08:45:00,SUCCESS,UPI,NONE
TXN002885,C0921,P005,1199.0,2026-04-25 09:34:00,SUCCESS,UPI,NONE
TXN002886,C0260,P013,1999.0,2026-07-12 11:17:00,SUCCESS,WALLET,NONE
TXN002887,C0733,P020,1699.0,2026-07-02 21:31:00,SUCCESS,UPI,NONE
TXN002888,C0599,P004,3499.0,2026-03-27 18:46:00,SUCCESS,UPI,NONE
TXN002889,C0024,P006,2899.0,2026-03-31 09:34:00,SUCCESS,CREDIT_CARD,NONE
TXN002890,C0761,P003,2499.0,2026-05-03 02:36:00,SUCCESS,DEBIT_CARD,NONE
TXN002891,C0968,P006,2899.0,2026-04-03 12:27:00,FAILED,UPI,NONE
TXN002892,C0270,P008,1299.0,2026-04-15 03:56:00,SUCCESS,CREDIT_CARD,NONE
TXN002893,C0155,P019,749.0,2026-08-11 05:53:00,SUCCESS,UPI,NONE
TXN002894,C0058,P012,1799.0,2026-05-19 18:04:00,SUCCESS,UPI,NONE
TXN002895,C0862,P013,1999.0,2026-05-06 10:36:00,SUCCESS,UPI,NONE
TXN002896,C0157,P003,2499.0,2026-04-06 19:09:00,SUCCESS,UPI,NONE
TXN002897,C0311,P019,749.0,2026-06-19 03:41:00,SUCCESS,CREDIT_CARD,NONE
TXN002898,C0442,P013,1999.0,2026-07-11 14:41:00,SUCCESS,UPI,NONE
TXN002899,C0231,P019,749.0,2026-05-17 01:00:00,SUCCESS,UPI,NONE
TXN002900,C0172,P015,2999.0,2026-07-14 07:06:00,SUCCESS,UPI,NONE
TXN002901,C0904,P004,3499.0,2026-08-09 02:51:00,SUCCESS,UPI,NONE
TXN002902,C0682,P005,1199.0,2026-06-04 15:25:00,SUCCESS,CREDIT_CARD,NONE
TXN002903,C0155,P004,3499.0,2026-03-10 19:06:00,SUCCESS,UPI,NONE
TXN002904,C0041,P018,3899.0,2026-04-26 16:17:00,SUCCESS,UPI,NONE
TXN002905,C0953,P014,799.0,2026-07-24 15:45:00,FAILED,CREDIT_CARD,NONE
TXN002906,C0674,P020,1699.0,2026-04-06 14:36:00,SUCCESS,UPI,NONE
TXN002907,C0347,P008,1299.0,2026-07-27 12:42:00,REFUNDED,NET_BANKING,FULL
TXN002908,C0192,P012,1799.0,2026-03-14 10:37:00,SUCCESS,UPI,NONE
TXN002909,C0267,P007,1499.0,2026-08-22 13:45:00,SUCCESS,UPI,NONE
TXN002910,C0375,P017,849.0,2026-04-25 23:59:00,SUCCESS,UPI,NONE
TXN002911,C0379,P015,2999.0,2026-05-23 13:24:00,SUCCESS,CREDIT_CARD,NONE
TXN002912,C0816,P015,2999.0,2026-05-20 17:15:00,SUCCESS,DEBIT_CARD,NONE
TXN002913,C0275,P011,649.0,2026-07-11 00:45:00,SUCCESS,UPI,NONE
TXN002914,C0878,P009,1899.0,2026-05-22 23:01:00,SUCCESS,CREDIT_CARD,NONE
TXN002915,C0392,P003,2499.0,2026-05-13 05:03:00,SUCCESS,UPI,NONE
TXN002916,C0352,P010,899.0,2026-05-29 11:26:00,SUCCESS,CREDIT_CARD,NONE
TXN002917,C0341,P020,1699.0,2026-06-13 19:55:00,SUCCESS,CREDIT_CARD,NONE
TXN002918,C0409,P020,1699.0,2026-07-26 01:10:00,SUCCESS,NET_BANKING,NONE
TXN002919,C0407,P010,899.0,2026-05-09 06:53:00,SUCCESS,DEBIT_CARD,NONE
TXN002920,C0465,P009,1899.0,2026-07-28 04:37:00,SUCCESS,CREDIT_CARD,NONE
TXN002921,C0122,P009,1899.0,2026-07-15 23:53:00,SUCCESS,NET_BANKING,NONE
TXN002922,C0684,P009,1899.0,2026-03-17 18:23:00,SUCCESS,UPI,NONE
TXN002923,C0162,P014,799.0,2026-08-02 02:11:00,SUCCESS,UPI,NONE
TXN002924,C0736,P002,699.0,2026-05-07 17:34:00,SUCCESS,UPI,NONE
TXN002925,C0232,P004,3499.0,2026-03-10 11:59:00,SUCCESS,UPI,NONE
TXN002926,C0125,P016,999.0,2026-04-18 00:02:00,FAILED,UPI,NONE
TXN002927,C0378,P018,3899.0,2026-05-09 09:02:00,SUCCESS,NET_BANKING,NONE
TXN002928,C0161,P007,1499.0,2026-05-30 14:43:00,SUCCESS,CREDIT_CARD,NONE
TXN002929,C0911,P017,849.0,2026-05-06 03:43:00,SUCCESS,DEBIT_CARD,NONE
TXN002930,C0696,P016,999.0,2026-08-19 08:29:00,FAILED,UPI,NONE
TXN002931,C0709,P017,849.0,2026-05-18 01:04:00,SUCCESS,CREDIT_CARD,NONE
TXN002932,C0927,P015,2999.0,2026-05-04 21:52:00,SUCCESS,UPI,NONE
TXN002933,C0332,P014,799.0,2026-07-14 05:31:00,SUCCESS,UPI,NONE
TXN002934,C0064,P002,699.0,2026-03-22 13:38:00,SUCCESS,CREDIT_CARD,NONE
TXN002935,C0955,P018,3899.0,2026-08-15 11:01:00,SUCCESS,NET_BANKING,NONE
TXN002936,C0532,P002,699.0,2026-08-22 11:02:00,SUCCESS,UPI,NONE
TXN002937,C0183,P005,1199.0,2026-08-15 02:49:00,SUCCESS,UPI,NONE
TXN002938,C0969,P007,1499.0,2026-07-31 22:59:00,SUCCESS,UPI,NONE
TXN002939,C0588,P004,3499.0,2026-07-06 23:27:00,SUCCESS,CREDIT_CARD,NONE
TXN002940,C0507,P006,2899.0,2026-08-23 05:53:00,SUCCESS,UPI,NONE
TXN002941,C0360,P005,1199.0,2026-04-20 23:49:00,SUCCESS,DEBIT_CARD,NONE
TXN002942,C0661,P006,2899.0,2026-04-05 12:20:00,SUCCESS,DEBIT_CARD,NONE
TXN002943,C0353,P005,1199.0,2026-05-27 16:38:00,SUCCESS,DEBIT_CARD,NONE
TXN002944,C0700,P007,1499.0,2026-07-02 07:50:00,SUCCESS,UPI,NONE
TXN002945,C0835,P015,2999.0,2026-07-03 13:21:00,SUCCESS,UPI,NONE
TXN002946,C0623,P006,2899.0,2026-08-31 02:37:00,SUCCESS,DEBIT_CARD,NONE
TXN002947,C0849,P008,1299.0,2026-06-02 04:52:00,SUCCESS,UPI,NONE
TXN002948,C0520,P012,1799.0,2026-08-22 20:35:00,SUCCESS,UPI,NONE
TXN002949,C1000,P015,2999.0,2026-08-19 19:49:00,SUCCESS,UPI,NONE
TXN002950,C0983,P004,3499.0,2026-04-24 06:07:00,SUCCESS,DEBIT_CARD,NONE
TXN002951,C0102,P001,4999.0,2026-04-28 08:51:00,SUCCESS,UPI,NONE
TXN002952,C0866,P018,3899.0,2026-07-05 18:17:00,FAILED,UPI,NONE
TXN002953,C0987,P016,999.0,2026-03-13 15:33:00,SUCCESS,NET_BANKING,NONE
TXN002954,C0547,P009,1899.0,2026-05-19 20:48:00,SUCCESS,UPI,NONE
TXN002955,C0135,P005,1199.0,2026-07-09 05:16:00,SUCCESS,WALLET,NONE
TXN002956,C0166,P017,849.0,2026-08-26 15:54:00,SUCCESS,CREDIT_CARD,NONE
TXN002957,C0158,P012,1799.0,2026-04-09 14:06:00,SUCCESS,CREDIT_CARD,NONE
TXN002958,C0836,P006,2899.0,2026-07-16 12:38:00,SUCCESS,UPI,NONE
TXN002959,C0841,P020,1699.0,2026-06-06 05:37:00,FAILED,CREDIT_CARD,NONE
TXN002960,C0854,P016,999.0,2026-06-30 09:06:00,SUCCESS,CREDIT_CARD,NONE
TXN002961,C0279,P013,1999.0,2026-03-08 20:43:00,SUCCESS,UPI,NONE
TXN002962,C0498,P011,649.0,2026-07-03 18:41:00,SUCCESS,CREDIT_CARD,NONE
TXN002963,C0332,P005,1199.0,2026-08-27 14:56:00,SUCCESS,UPI,NONE
TXN002964,C0411,P002,699.0,2026-04-23 02:18:00,SUCCESS,UPI,NONE
TXN002965,C0738,P016,999.0,2026-03-16 00:36:00,SUCCESS,UPI,NONE
TXN002966,C0810,P016,999.0,2026-08-20 00:40:00,SUCCESS,UPI,NONE
TXN002967,C0179,P003,2499.0,2026-05-29 09:33:00,SUCCESS,WALLET,NONE
TXN002968,C0080,P019,749.0,2026-03-12 01:39:00,SUCCESS,UPI,NONE
TXN002969,C0956,P003,2499.0,2026-04-05 12:36:00,SUCCESS,UPI,NONE
TXN002970,C0329,P015,2999.0,2026-04-12 20:38:00,SUCCESS,CREDIT_CARD,NONE
TXN002971,C0823,P001,4999.0,2026-07-27 11:44:00,REFUNDED,UPI,FULL
TXN002972,C0683,P001,4999.0,2026-08-12 16:05:00,SUCCESS,CREDIT_CARD,NONE
TXN002973,C0747,P003,2499.0,2026-07-24 02:56:00,SUCCESS,NET_BANKING,NONE
TXN002974,C0770,P014,799.0,2026-03-25 23:31:00,SUCCESS,UPI,NONE
TXN002975,C0416,P002,699.0,2026-04-08 19:30:00,SUCCESS,UPI,NONE
TXN002976,C0503,P016,999.0,2026-07-03 09:09:00,SUCCESS,UPI,NONE
TXN002977,C0136,P015,2999.0,2026-03-17 23:17:00,SUCCESS,CREDIT_CARD,NONE
TXN002978,C0348,P019,749.0,2026-04-17 18:21:00,SUCCESS,UPI,NONE
TXN002979,C0361,P008,1299.0,2026-03-21 05:20:00,FAILED,CREDIT_CARD,NONE
TXN002980,C0208,P004,3499.0,2026-03-30 09:20:00,SUCCESS,CREDIT_CARD,NONE
TXN002981,C0193,P001,4999.0,2026-04-21 14:14:00,SUCCESS,CREDIT_CARD,NONE
TXN002982,C0187,P008,1299.0,2026-07-31 07:58:00,SUCCESS,UPI,NONE
TXN002983,C0361,P001,4999.0,2026-06-02 20:09:00,REFUNDED,UPI,FULL
TXN002984,C0577,P015,2999.0,2026-06-19 21:00:00,SUCCESS,CREDIT_CARD,NONE
TXN002985,C0431,P018,3899.0,2026-05-04 23:41:00,SUCCESS,UPI,NONE
TXN002986,C0446,P016,999.0,2026-05-21 02:24:00,SUCCESS,UPI,NONE
TXN002987,C0317,P003,2499.0,2026-05-16 05:36:00,SUCCESS,DEBIT_CARD,NONE
TXN002988,C0035,P009,1899.0,2026-06-08 10:59:00,SUCCESS,UPI,NONE
TXN002989,C0716,P008,1299.0,2026-05-03 05:58:00,SUCCESS,UPI,NONE
TXN002990,C0279,P019,749.0,2026-05-13 16:49:00,SUCCESS,NET_BANKING,NONE
TXN002991,C0113,P019,749.0,2026-03-18 00:52:00,SUCCESS,UPI,NONE
TXN002992,C0329,P007,1499.0,2026-08-18 13:37:00,SUCCESS,UPI,NONE
TXN002993,C0184,P012,1799.0,2026-06-03 08:50:00,SUCCESS,UPI,NONE
TXN002994,C0691,P007,1499.0,2026-05-14 02:45:00,SUCCESS,WALLET,NONE
TXN002995,C0629,P010,899.0,2026-04-18 16:06:00,SUCCESS,UPI,NONE
TXN002996,C0344,P020,1699.0,2026-05-23 00:01:00,SUCCESS,UPI,NONE
TXN002997,C0254,P010,899.0,2026-06-08 03:05:00,FAILED,DEBIT_CARD,NONE
TXN002998,C0315,P009,1899.0,2026-08-13 02:21:00,SUCCESS,UPI,NONE
TXN002999,C0618,P019,749.0,2026-06-29 16:45:00,FAILED,DEBIT_CARD,NONE
TXN003000,C0283,P019,749.0,2026-05-08 02:46:00,SUCCESS,UPI,NONE
TXN003001,C0420,P009,1899.0,2026-08-26 19:12:00,SUCCESS,CREDIT_CARD,NONE
TXN003002,C0575,P006,2899.0,2026-07-25 04:57:00,SUCCESS,UPI,NONE
TXN003003,C0132,P020,1699.0,2026-04-30 12:01:00,SUCCESS,UPI,NONE
TXN003004,C0838,P018,3899.0,2026-03-19 19:23:00,SUCCESS,DEBIT_CARD,NONE
TXN003005,C0256,P006,2899.0,2026-08-05 11:03:00,SUCCESS,CREDIT_CARD,NONE
TXN003006,C0063,P006,2899.0,2026-08-01 20:12:00,SUCCESS,UPI,NONE
TXN003007,C0921,P017,849.0,2026-06-03 05:42:00,SUCCESS,CREDIT_CARD,NONE
TXN003008,C0380,P011,649.0,2026-05-02 17:52:00,SUCCESS,DEBIT_CARD,NONE
TXN003009,C0251,P001,4999.0,2026-08-21 02:43:00,SUCCESS,UPI,NONE
TXN003010,C0391,P003,2499.0,2026-07-24 12:21:00,SUCCESS,UPI,NONE
TXN003011,C0029,P005,1199.0,2026-06-01 08:52:00,SUCCESS,CREDIT_CARD,NONE
TXN003012,C0885,P015,2999.0,2026-06-06 23:05:00,SUCCESS,UPI,NONE
TXN003013,C0402,P007,1499.0,2026-06-07 17:39:00,SUCCESS,CREDIT_CARD,NONE
TXN003014,C0987,P001,4999.0,2026-04-10 22:09:00,SUCCESS,UPI,NONE
TXN003015,C0224,P003,2499.0,2026-06-25 13:37:00,SUCCESS,UPI,NONE
TXN003016,C0713,P011,649.0,2026-05-21 23:46:00,SUCCESS,UPI,NONE
TXN003017,C0556,P018,3899.0,2026-05-29 10:04:00,SUCCESS,UPI,NONE
TXN003018,C0196,P014,799.0,2026-07-21 14:13:00,SUCCESS,UPI,NONE
TXN003019,C0200,P010,899.0,2026-05-06 02:49:00,SUCCESS,UPI,NONE
TXN003020,C0111,P001,4999.0,2026-06-15 04:18:00,SUCCESS,UPI,NONE
TXN003021,C0517,P013,1999.0,2026-04-15 11:58:00,FAILED,UPI,NONE
TXN003022,C0728,P005,1199.0,2026-04-08 03:36:00,FAILED,CREDIT_CARD,NONE
TXN003023,C0908,P003,2499.0,2026-03-18 14:29:00,SUCCESS,UPI,NONE
TXN003024,C0477,P009,1899.0,2026-07-14 10:41:00,SUCCESS,UPI,NONE
TXN003025,C0159,P008,1299.0,2026-04-16 00:57:00,SUCCESS,UPI,NONE
TXN003026,C0625,P009,1899.0,2026-05-14 23:39:00,SUCCESS,UPI,NONE
TXN003027,C0748,P006,2899.0,2026-07-12 05:52:00,SUCCESS,UPI,NONE
TXN003028,C0813,P008,1299.0,2026-08-29 07:59:00,SUCCESS,UPI,NONE
TXN003029,C0111,P007,1499.0,2026-07-10 11:46:00,SUCCESS,UPI,NONE
TXN003030,C0419,P015,2999.0,2026-05-11 09:14:00,SUCCESS,CREDIT_CARD,NONE
TXN003031,C0439,P015,2999.0,2026-05-30 11:32:00,SUCCESS,DEBIT_CARD,NONE
TXN003032,C0490,P020,1699.0,2026-03-28 00:12:00,SUCCESS,CREDIT_CARD,NONE
TXN003033,C0767,P002,699.0,2026-07-18 03:19:00,SUCCESS,UPI,NONE
TXN003034,C0965,P006,2899.0,2026-07-02 12:23:00,SUCCESS,UPI,NONE
TXN003035,C0500,P006,2899.0,2026-07-02 11:47:00,FAILED,UPI,NONE
TXN003036,C0048,P005,1199.0,2026-04-15 02:31:00,REFUNDED,UPI,FULL
TXN003037,C0596,P001,4999.0,2026-08-07 21:15:00,SUCCESS,UPI,NONE
TXN003038,C0817,P005,1199.0,2026-06-18 10:04:00,SUCCESS,UPI,NONE
TXN003039,C0900,P014,799.0,2026-06-25 14:04:00,SUCCESS,UPI,NONE
TXN003040,C0982,P004,3499.0,2026-05-01 15:20:00,SUCCESS,CREDIT_CARD,NONE
TXN003041,C0267,P014,799.0,2026-08-03 16:10:00,FAILED,DEBIT_CARD,NONE
TXN003042,C0948,P009,1899.0,2026-08-18 23:37:00,SUCCESS,CREDIT_CARD,NONE
TXN003043,C0894,P015,2999.0,2026-07-22 14:30:00,SUCCESS,CREDIT_CARD,NONE
TXN003044,C0894,P003,2499.0,2026-07-16 07:40:00,SUCCESS,UPI,NONE
TXN003045,C0599,P011,649.0,2026-05-24 23:12:00,SUCCESS,UPI,NONE
TXN003046,C0937,P017,849.0,2026-07-25 04:29:00,SUCCESS,UPI,NONE
TXN003047,C0588,P003,2499.0,2026-07-15 08:52:00,REFUNDED,UPI,FULL
TXN003048,C0123,P017,849.0,2026-05-05 19:58:00,SUCCESS,UPI,NONE
TXN003049,C0705,P018,3899.0,2026-05-16 12:21:00,FAILED,UPI,NONE
TXN003050,C0466,P002,699.0,2026-04-29 02:16:00,SUCCESS,UPI,NONE
TXN003051,C0231,P020,1699.0,2026-07-24 00:54:00,SUCCESS,UPI,NONE
TXN003052,C0258,P012,1799.0,2026-07-16 16:40:00,SUCCESS,CREDIT_CARD,NONE
TXN003053,C0113,P016,999.0,2026-08-05 06:49:00,SUCCESS,UPI,NONE
TXN003054,C0398,P009,1899.0,2026-06-29 04:25:00,SUCCESS,UPI,NONE
TXN003055,C0370,P010,899.0,2026-07-24 07:53:00,SUCCESS,UPI,NONE
TXN003056,C0329,P009,1899.0,2026-04-01 15:36:00,SUCCESS,DEBIT_CARD,NONE
TXN003057,C0200,P001,4999.0,2026-03-06 18:08:00,REFUNDED,UPI,FULL
TXN003058,C0302,P010,899.0,2026-05-10 11:41:00,SUCCESS,UPI,NONE
TXN003059,C0521,P020,1699.0,2026-04-05 02:00:00,SUCCESS,UPI,NONE
TXN003060,C0171,P001,4999.0,2026-05-27 16:17:00,SUCCESS,UPI,NONE
TXN003061,C0358,P003,2499.0,2026-03-28 01:48:00,SUCCESS,CREDIT_CARD,NONE
TXN003062,C0264,P020,1699.0,2026-03-05 06:35:00,SUCCESS,UPI,NONE
TXN003063,C0164,P020,1699.0,2026-06-10 22:46:00,SUCCESS,UPI,NONE
TXN003064,C0510,P016,999.0,2026-06-11 06:50:00,SUCCESS,DEBIT_CARD,NONE
TXN003065,C0018,P014,799.0,2026-08-10 23:38:00,SUCCESS,UPI,NONE
TXN003066,C0620,P005,1199.0,2026-08-23 15:37:00,FAILED,UPI,NONE
TXN003067,C0607,P010,899.0,2026-08-02 09:40:00,FAILED,NET_BANKING,NONE
TXN003068,C0224,P002,699.0,2026-07-23 17:40:00,SUCCESS,UPI,NONE
TXN003069,C0596,P013,1999.0,2026-07-02 22:45:00,SUCCESS,UPI,NONE
TXN003070,C0158,P014,799.0,2026-07-17 16:14:00,SUCCESS,UPI,NONE
TXN003071,C0185,P002,699.0,2026-05-12 23:56:00,SUCCESS,UPI,NONE
TXN003072,C0527,P001,4999.0,2026-03-18 14:25:00,SUCCESS,UPI,NONE
TXN003073,C0742,P004,3499.0,2026-07-04 15:26:00,SUCCESS,CREDIT_CARD,NONE
TXN003074,C0280,P019,749.0,2026-04-17 04:15:00,SUCCESS,DEBIT_CARD,NONE
TXN003075,C0658,P003,2499.0,2026-07-17 07:54:00,SUCCESS,NET_BANKING,NONE
TXN003076,C0079,P012,1799.0,2026-06-16 19:18:00,SUCCESS,DEBIT_CARD,NONE
TXN003077,C0382,P018,3899.0,2026-07-22 22:26:00,SUCCESS,UPI,NONE
TXN003078,C0412,P010,899.0,2026-08-29 08:12:00,SUCCESS,UPI,NONE
TXN003079,C0269,P018,3899.0,2026-04-16 10:36:00,SUCCESS,UPI,NONE
TXN003080,C0137,P001,4999.0,2026-08-20 23:49:00,SUCCESS,UPI,NONE
TXN003081,C0955,P016,999.0,2026-05-09 15:27:00,SUCCESS,UPI,NONE
TXN003082,C0534,P011,649.0,2026-05-23 15:35:00,SUCCESS,UPI,NONE
TXN003083,C0767,P010,899.0,2026-07-31 16:33:00,SUCCESS,CREDIT_CARD,NONE
TXN003084,C0675,P006,2899.0,2026-08-02 16:51:00,SUCCESS,CREDIT_CARD,NONE
TXN003085,C0149,P006,2899.0,2026-08-12 05:49:00,SUCCESS,UPI,NONE
TXN003086,C0047,P010,899.0,2026-07-20 16:44:00,SUCCESS,UPI,NONE
TXN003087,C0116,P010,899.0,2026-04-28 19:02:00,SUCCESS,DEBIT_CARD,NONE
TXN003088,C0717,P004,3499.0,2026-08-07 20:05:00,SUCCESS,UPI,NONE
TXN003089,C0779,P014,799.0,2026-04-02 16:22:00,SUCCESS,WALLET,NONE
TXN003090,C0708,P017,849.0,2026-08-06 15:50:00,SUCCESS,UPI,NONE
TXN003091,C0754,P018,3899.0,2026-08-26 10:46:00,SUCCESS,DEBIT_CARD,NONE
TXN003092,C0022,P006,2899.0,2026-08-31 11:00:00,SUCCESS,UPI,NONE
TXN003093,C0166,P018,3899.0,2026-06-06 05:26:00,SUCCESS,UPI,NONE
TXN003094,C0004,P011,649.0,2026-03-23 10:40:00,SUCCESS,CREDIT_CARD,NONE
TXN003095,C0908,P017,849.0,2026-07-01 18:15:00,SUCCESS,UPI,NONE
TXN003096,C0706,P006,2899.0,2026-05-16 16:50:00,SUCCESS,CREDIT_CARD,NONE
TXN003097,C0627,P002,699.0,2026-08-15 21:35:00,SUCCESS,UPI,NONE
TXN003098,C0843,P015,2999.0,2026-05-12 04:06:00,SUCCESS,UPI,NONE
TXN003099,C0911,P007,1499.0,2026-04-24 16:03:00,SUCCESS,UPI,NONE
TXN003100,C0983,P007,1499.0,2026-07-07 20:34:00,SUCCESS,DEBIT_CARD,NONE
TXN003101,C0345,P004,3499.0,2026-03-22 18:02:00,SUCCESS,CREDIT_CARD,NONE
TXN003102,C0413,P006,2899.0,2026-05-21 21:54:00,SUCCESS,UPI,NONE
TXN003103,C0989,P004,3499.0,2026-08-31 09:48:00,SUCCESS,UPI,NONE
TXN003104,C0161,P007,1499.0,2026-07-04 13:22:00,SUCCESS,UPI,NONE
TXN003105,C0870,P017,849.0,2026-07-05 00:03:00,SUCCESS,UPI,NONE
TXN003106,C0746,P003,2499.0,2026-04-17 20:40:00,SUCCESS,CREDIT_CARD,NONE
TXN003107,C0964,P001,4999.0,2026-05-19 20:29:00,SUCCESS,UPI,NONE
TXN003108,C0433,P012,1799.0,2026-04-05 07:00:00,FAILED,CREDIT_CARD,NONE
TXN003109,C0877,P009,1899.0,2026-06-29 09:21:00,SUCCESS,UPI,NONE
TXN003110,C0980,P014,799.0,2026-08-01 21:02:00,SUCCESS,UPI,NONE
TXN003111,C0994,P019,749.0,2026-05-15 17:06:00,SUCCESS,UPI,NONE
TXN003112,C0710,P010,899.0,2026-06-02 14:29:00,SUCCESS,UPI,NONE
TXN003113,C0734,P005,1199.0,2026-03-04 23:36:00,FAILED,UPI,NONE
TXN003114,C0547,P013,1999.0,2026-07-18 16:05:00,SUCCESS,UPI,NONE
TXN003115,C0142,P011,649.0,2026-05-09 05:41:00,SUCCESS,UPI,NONE
TXN003116,C0913,P006,2899.0,2026-06-05 01:46:00,SUCCESS,UPI,NONE
TXN003117,C0644,P001,4999.0,2026-05-09 12:41:00,SUCCESS,DEBIT_CARD,NONE
TXN003118,C0623,P001,4999.0,2026-05-10 03:20:00,SUCCESS,UPI,NONE
TXN003119,C0422,P014,799.0,2026-04-02 02:56:00,SUCCESS,CREDIT_CARD,NONE
TXN003120,C0406,P016,999.0,2026-08-25 19:00:00,SUCCESS,UPI,NONE
TXN003121,C0315,P016,999.0,2026-06-26 18:38:00,SUCCESS,CREDIT_CARD,NONE
TXN003122,C0292,P013,1999.0,2026-06-22 09:28:00,SUCCESS,UPI,NONE
TXN003123,C0517,P010,899.0,2026-08-02 22:31:00,SUCCESS,UPI,NONE
TXN003124,C0532,P011,649.0,2026-07-09 23:14:00,SUCCESS,UPI,NONE
TXN003125,C0110,P013,1999.0,2026-06-17 17:26:00,SUCCESS,UPI,NONE
TXN003126,C0011,P020,1699.0,2026-07-19 14:20:00,SUCCESS,UPI,NONE
TXN003127,C0011,P011,649.0,2026-07-19 08:07:00,SUCCESS,DEBIT_CARD,NONE
TXN003128,C0409,P005,1199.0,2026-05-06 10:35:00,SUCCESS,UPI,NONE
TXN003129,C0924,P002,699.0,2026-08-26 18:49:00,SUCCESS,UPI,NONE
TXN003130,C0368,P017,849.0,2026-08-05 05:00:00,SUCCESS,UPI,NONE
TXN003131,C0569,P007,1499.0,2026-03-14 10:39:00,SUCCESS,UPI,NONE
TXN003132,C0554,P018,3899.0,2026-07-01 16:22:00,SUCCESS,CREDIT_CARD,NONE
TXN003133,C0876,P004,3499.0,2026-04-12 00:34:00,SUCCESS,WALLET,NONE
TXN003134,C0153,P015,2999.0,2026-05-29 11:57:00,SUCCESS,UPI,NONE
TXN003135,C0354,P013,1999.0,2026-03-10 23:54:00,SUCCESS,UPI,NONE
TXN003136,C0611,P012,1799.0,2026-03-19 05:59:00,FAILED,DEBIT_CARD,NONE
TXN003137,C0300,P004,3499.0,2026-04-11 03:11:00,SUCCESS,UPI,NONE
TXN003138,C0555,P010,899.0,2026-05-12 21:24:00,SUCCESS,UPI,NONE
TXN003139,C0936,P001,4999.0,2026-03-17 08:27:00,SUCCESS,UPI,NONE
TXN003140,C0659,P002,699.0,2026-08-24 08:20:00,SUCCESS,CREDIT_CARD,NONE
TXN003141,C0910,P004,3499.0,2026-08-19 04:43:00,SUCCESS,DEBIT_CARD,NONE
TXN003142,C0993,P009,1899.0,2026-07-28 16:22:00,SUCCESS,NET_BANKING,NONE
TXN003143,C0281,P011,649.0,2026-05-14 18:03:00,SUCCESS,NET_BANKING,NONE
TXN003144,C0384,P006,2899.0,2026-06-15 10:36:00,SUCCESS,UPI,NONE
TXN003145,C0120,P011,649.0,2026-06-03 16:22:00,SUCCESS,UPI,NONE
TXN003146,C0323,P014,799.0,2026-07-17 06:06:00,SUCCESS,UPI,NONE
TXN003147,C0340,P008,1299.0,2026-07-06 15:19:00,SUCCESS,CREDIT_CARD,NONE
TXN003148,C0031,P009,1899.0,2026-04-26 02:30:00,SUCCESS,DEBIT_CARD,NONE
TXN003149,C0296,P011,649.0,2026-05-27 16:46:00,SUCCESS,UPI,NONE
TXN003150,C0099,P008,1299.0,2026-04-17 04:40:00,SUCCESS,UPI,NONE
TXN003151,C0993,P005,1199.0,2026-06-19 01:14:00,SUCCESS,UPI,NONE
TXN003152,C0719,P020,1699.0,2026-08-17 11:13:00,SUCCESS,UPI,NONE
TXN003153,C0190,P003,2499.0,2026-08-13 13:11:00,FAILED,UPI,NONE
TXN003154,C0649,P015,2999.0,2026-04-27 06:33:00,SUCCESS,CREDIT_CARD,NONE
TXN003155,C0559,P008,1299.0,2026-03-26 00:25:00,SUCCESS,UPI,NONE
TXN003156,C0568,P011,649.0,2026-07-19 06:23:00,SUCCESS,CREDIT_CARD,NONE
TXN003157,C0862,P012,1799.0,2026-07-26 13:06:00,SUCCESS,UPI,NONE
TXN003158,C0515,P011,649.0,2026-04-28 00:21:00,SUCCESS,UPI,NONE
TXN003159,C0345,P002,699.0,2026-04-17 15:57:00,SUCCESS,UPI,NONE
TXN003160,C0265,P015,2999.0,2026-05-07 02:43:00,SUCCESS,UPI,NONE
TXN003161,C0654,P007,1499.0,2026-06-01 07:41:00,SUCCESS,UPI,NONE
TXN003162,C0762,P010,899.0,2026-08-02 21:53:00,SUCCESS,UPI,NONE
TXN003163,C0826,P019,749.0,2026-05-06 05:44:00,FAILED,UPI,NONE
TXN003164,C0038,P011,649.0,2026-07-02 20:28:00,SUCCESS,UPI,NONE
TXN003165,C0128,P017,849.0,2026-07-06 22:55:00,SUCCESS,DEBIT_CARD,NONE
TXN003166,C0206,P008,1299.0,2026-03-19 19:02:00,SUCCESS,UPI,NONE
TXN003167,C0959,P002,699.0,2026-04-21 20:28:00,SUCCESS,UPI,NONE
TXN003168,C0936,P018,3899.0,2026-08-14 00:10:00,SUCCESS,UPI,NONE
TXN003169,C0202,P001,4999.0,2026-06-18 18:33:00,SUCCESS,UPI,NONE
TXN003170,C0321,P006,2899.0,2026-07-30 21:16:00,SUCCESS,UPI,NONE
TXN003171,C0677,P007,1499.0,2026-06-08 12:46:00,SUCCESS,UPI,NONE
TXN003172,C0525,P002,699.0,2026-08-05 19:24:00,SUCCESS,DEBIT_CARD,NONE
TXN003173,C0703,P016,999.0,2026-07-14 02:43:00,SUCCESS,DEBIT_CARD,NONE
TXN003174,C0753,P016,999.0,2026-05-09 12:36:00,SUCCESS,NET_BANKING,NONE
TXN003175,C0408,P019,749.0,2026-08-15 02:46:00,SUCCESS,UPI,NONE
TXN003176,C0602,P020,1699.0,2026-04-06 03:04:00,SUCCESS,UPI,NONE
TXN003177,C0269,P011,649.0,2026-08-17 16:23:00,SUCCESS,UPI,NONE
TXN003178,C0707,P002,699.0,2026-08-03 10:26:00,SUCCESS,UPI,NONE
TXN003179,C0234,P019,749.0,2026-08-26 18:03:00,FAILED,UPI,NONE
TXN003180,C0168,P004,3499.0,2026-08-09 18:22:00,SUCCESS,UPI,NONE
TXN003181,C0927,P010,899.0,2026-07-18 15:42:00,SUCCESS,UPI,NONE
TXN003182,C0527,P017,849.0,2026-06-15 16:12:00,SUCCESS,NET_BANKING,NONE
TXN003183,C0630,P015,2999.0,2026-04-04 00:32:00,FAILED,UPI,NONE
TXN003184,C0844,P016,999.0,2026-06-07 15:15:00,SUCCESS,UPI,NONE
TXN003185,C0130,P017,849.0,2026-08-02 17:57:00,SUCCESS,UPI,NONE
TXN003186,C0764,P019,749.0,2026-05-04 12:26:00,SUCCESS,UPI,NONE
TXN003187,C0867,P003,2499.0,2026-07-27 02:27:00,SUCCESS,UPI,NONE
TXN003188,C0930,P015,2999.0,2026-08-10 22:00:00,SUCCESS,NET_BANKING,NONE
TXN003189,C0542,P010,899.0,2026-06-25 01:09:00,SUCCESS,UPI,NONE
TXN003190,C0949,P007,1499.0,2026-05-14 20:12:00,SUCCESS,DEBIT_CARD,NONE
TXN003191,C0401,P017,849.0,2026-08-05 09:49:00,SUCCESS,CREDIT_CARD,NONE
TXN003192,C0215,P017,849.0,2026-04-25 01:12:00,SUCCESS,UPI,NONE
TXN003193,C0794,P003,2499.0,2026-04-06 04:21:00,SUCCESS,WALLET,NONE
TXN003194,C0552,P003,2499.0,2026-06-22 01:24:00,SUCCESS,UPI,NONE
TXN003195,C0756,P020,1699.0,2026-03-15 12:24:00,SUCCESS,CREDIT_CARD,NONE
TXN003196,C0108,P015,2999.0,2026-05-03 17:57:00,SUCCESS,UPI,NONE
TXN003197,C0883,P014,799.0,2026-05-14 17:47:00,SUCCESS,UPI,NONE
TXN003198,C0092,P011,649.0,2026-04-23 18:12:00,SUCCESS,UPI,NONE
TXN003199,C0985,P001,4999.0,2026-03-13 01:48:00,SUCCESS,UPI,NONE
TXN003200,C0765,P004,3499.0,2026-07-30 17:45:00,SUCCESS,CREDIT_CARD,NONE
TXN003201,C0255,P018,3899.0,2026-07-29 17:30:00,SUCCESS,UPI,NONE
TXN003202,C0323,P012,1799.0,2026-07-31 04:14:00,SUCCESS,UPI,NONE
TXN003203,C0707,P017,849.0,2026-06-08 18:09:00,SUCCESS,UPI,NONE
TXN003204,C0126,P002,699.0,2026-06-20 01:57:00,SUCCESS,DEBIT_CARD,NONE
TXN003205,C0732,P015,2999.0,2026-07-09 23:56:00,FAILED,DEBIT_CARD,NONE
TXN003206,C0211,P013,1999.0,2026-05-21 07:02:00,SUCCESS,UPI,NONE
TXN003207,C0358,P017,849.0,2026-03-30 23:24:00,SUCCESS,UPI,NONE
TXN003208,C0818,P020,1699.0,2026-08-15 14:00:00,SUCCESS,CREDIT_CARD,NONE
TXN003209,C0999,P014,799.0,2026-08-08 00:20:00,SUCCESS,NET_BANKING,NONE
TXN003210,C0253,P003,2499.0,2026-03-18 01:05:00,SUCCESS,UPI,NONE
TXN003211,C0599,P016,999.0,2026-04-08 06:38:00,SUCCESS,UPI,NONE
TXN003212,C0104,P013,1999.0,2026-06-18 04:35:00,SUCCESS,NET_BANKING,NONE
TXN003213,C0676,P005,1199.0,2026-04-23 04:30:00,SUCCESS,UPI,NONE
TXN003214,C0876,P006,2899.0,2026-04-13 16:34:00,SUCCESS,WALLET,NONE
TXN003215,C0420,P001,4999.0,2026-06-05 04:42:00,SUCCESS,UPI,NONE
TXN003216,C0827,P009,1899.0,2026-06-27 09:08:00,SUCCESS,CREDIT_CARD,NONE
TXN003217,C0036,P004,3499.0,2026-03-24 13:31:00,SUCCESS,NET_BANKING,NONE
TXN003218,C0914,P007,1499.0,2026-06-06 18:05:00,FAILED,CREDIT_CARD,NONE
TXN003219,C0849,P009,1899.0,2026-08-21 00:53:00,SUCCESS,UPI,NONE
TXN003220,C0560,P001,4999.0,2026-07-27 20:47:00,SUCCESS,UPI,NONE
TXN003221,C0430,P007,1499.0,2026-05-15 07:01:00,SUCCESS,DEBIT_CARD,NONE
TXN003222,C0270,P009,1899.0,2026-03-11 03:31:00,SUCCESS,UPI,NONE
TXN003223,C0236,P019,749.0,2026-06-11 05:01:00,SUCCESS,UPI,NONE
TXN003224,C0817,P002,699.0,2026-05-15 20:35:00,SUCCESS,UPI,NONE
TXN003225,C0940,P020,1699.0,2026-03-23 13:02:00,SUCCESS,UPI,NONE
TXN003226,C0518,P018,3899.0,2026-06-20 16:28:00,SUCCESS,UPI,NONE
TXN003227,C0328,P012,1799.0,2026-08-02 13:45:00,SUCCESS,DEBIT_CARD,NONE
TXN003228,C0551,P015,2999.0,2026-07-27 20:53:00,SUCCESS,UPI,NONE
TXN003229,C0022,P014,799.0,2026-04-11 18:53:00,SUCCESS,CREDIT_CARD,NONE
TXN003230,C0860,P009,1899.0,2026-08-23 05:41:00,SUCCESS,NET_BANKING,NONE
TXN003231,C0779,P017,849.0,2026-08-14 19:29:00,SUCCESS,UPI,NONE
TXN003232,C0668,P012,1799.0,2026-04-22 04:14:00,SUCCESS,UPI,NONE
TXN003233,C0780,P016,999.0,2026-05-08 11:07:00,SUCCESS,UPI,NONE
TXN003234,C0009,P020,1699.0,2026-08-27 16:02:00,FAILED,UPI,NONE
TXN003235,C0525,P014,799.0,2026-08-26 06:26:00,SUCCESS,UPI,NONE
TXN003236,C0271,P006,2899.0,2026-08-21 03:56:00,SUCCESS,CREDIT_CARD,NONE
TXN003237,C0891,P008,1299.0,2026-08-09 16:58:00,SUCCESS,CREDIT_CARD,NONE
TXN003238,C0473,P005,1199.0,2026-08-30 03:12:00,SUCCESS,UPI,NONE
TXN003239,C0725,P016,999.0,2026-03-07 17:07:00,SUCCESS,CREDIT_CARD,NONE
TXN003240,C0221,P006,2899.0,2026-06-23 00:11:00,SUCCESS,UPI,NONE
TXN003241,C0078,P002,699.0,2026-03-24 20:15:00,SUCCESS,UPI,NONE
TXN003242,C0650,P005,1199.0,2026-07-26 03:26:00,SUCCESS,NET_BANKING,NONE
TXN003243,C0748,P018,3899.0,2026-05-02 07:13:00,SUCCESS,UPI,NONE
TXN003244,C0956,P019,749.0,2026-05-19 05:49:00,SUCCESS,UPI,NONE
TXN003245,C0508,P010,899.0,2026-07-26 06:42:00,SUCCESS,UPI,NONE
TXN003246,C0711,P007,1499.0,2026-07-17 22:54:00,SUCCESS,UPI,NONE
TXN003247,C0053,P002,699.0,2026-07-13 02:36:00,SUCCESS,UPI,NONE
TXN003248,C0391,P007,1499.0,2026-08-18 21:00:00,SUCCESS,UPI,NONE
TXN003249,C0712,P006,2899.0,2026-08-17 07:11:00,SUCCESS,UPI,NONE
TXN003250,C0799,P008,1299.0,2026-05-22 22:14:00,SUCCESS,UPI,NONE
TXN003251,C0202,P014,799.0,2026-04-13 17:59:00,SUCCESS,UPI,NONE
TXN003252,C0620,P011,649.0,2026-08-24 10:54:00,SUCCESS,UPI,NONE
TXN003253,C0979,P019,749.0,2026-08-28 11:09:00,SUCCESS,UPI,NONE
TXN003254,C0092,P007,1499.0,2026-08-22 15:32:00,SUCCESS,UPI,NONE
TXN003255,C0210,P018,3899.0,2026-05-25 17:58:00,SUCCESS,CREDIT_CARD,NONE
TXN003256,C0078,P013,1999.0,2026-04-27 07:49:00,SUCCESS,UPI,NONE
TXN003257,C0260,P011,649.0,2026-06-20 12:34:00,REFUNDED,CREDIT_CARD,FULL
TXN003258,C0114,P019,749.0,2026-07-19 18:09:00,SUCCESS,WALLET,NONE
TXN003259,C0855,P001,4999.0,2026-05-07 03:41:00,SUCCESS,UPI,NONE
TXN003260,C0149,P008,1299.0,2026-06-15 02:06:00,FAILED,CREDIT_CARD,NONE
TXN003261,C0370,P005,1199.0,2026-08-07 15:35:00,SUCCESS,UPI,NONE
TXN003262,C0220,P019,749.0,2026-06-23 09:51:00,FAILED,NET_BANKING,NONE
TXN003263,C0598,P009,1899.0,2026-06-13 12:08:00,SUCCESS,UPI,NONE
TXN003264,C0905,P006,2899.0,2026-05-26 16:59:00,SUCCESS,UPI,NONE
TXN003265,C0657,P012,1799.0,2026-06-12 08:46:00,SUCCESS,NET_BANKING,NONE
TXN003266,C0081,P015,2999.0,2026-03-30 02:14:00,REFUNDED,UPI,FULL
TXN003267,C0694,P005,1199.0,2026-06-23 00:08:00,SUCCESS,CREDIT_CARD,NONE
TXN003268,C0360,P004,3499.0,2026-05-26 10:52:00,SUCCESS,UPI,NONE
TXN003269,C0114,P011,649.0,2026-04-15 17:01:00,SUCCESS,DEBIT_CARD,NONE
TXN003270,C0441,P018,3899.0,2026-05-19 13:42:00,SUCCESS,CREDIT_CARD,NONE
TXN003271,C0907,P014,799.0,2026-06-26 20:25:00,SUCCESS,UPI,NONE
TXN003272,C0527,P014,799.0,2026-07-30 05:31:00,SUCCESS,UPI,NONE
TXN003273,C0010,P017,849.0,2026-04-19 03:41:00,SUCCESS,UPI,NONE
TXN003274,C0768,P008,1299.0,2026-05-10 14:25:00,REFUNDED,WALLET,FULL
TXN003275,C0113,P019,749.0,2026-08-22 20:42:00,SUCCESS,UPI,NONE
TXN003276,C0088,P014,799.0,2026-06-16 10:57:00,SUCCESS,UPI,NONE
TXN003277,C0783,P017,849.0,2026-07-10 23:22:00,SUCCESS,NET_BANKING,NONE
TXN003278,C0854,P007,1499.0,2026-06-09 04:43:00,SUCCESS,UPI,NONE
TXN003279,C0277,P015,2999.0,2026-08-20 19:50:00,SUCCESS,UPI,NONE
TXN003280,C0541,P014,799.0,2026-06-11 03:33:00,SUCCESS,UPI,NONE
TXN003281,C0010,P006,2899.0,2026-08-15 06:48:00,SUCCESS,CREDIT_CARD,NONE
TXN003282,C0962,P005,1199.0,2026-08-28 00:03:00,SUCCESS,UPI,NONE
TXN003283,C0780,P007,1499.0,2026-08-31 10:59:00,SUCCESS,UPI,NONE
TXN003284,C0255,P010,899.0,2026-05-19 21:45:00,SUCCESS,UPI,NONE
TXN003285,C0004,P017,849.0,2026-04-19 17:11:00,REFUNDED,CREDIT_CARD,FULL
TXN003286,C0125,P009,1899.0,2026-07-31 23:09:00,SUCCESS,UPI,NONE
TXN003287,C0877,P003,2499.0,2026-05-24 17:12:00,SUCCESS,CREDIT_CARD,NONE
TXN003288,C0241,P005,1199.0,2026-03-08 20:48:00,SUCCESS,NET_BANKING,NONE
TXN003289,C0596,P018,3899.0,2026-04-05 12:31:00,SUCCESS,CREDIT_CARD,NONE
TXN003290,C0398,P001,4999.0,2026-04-14 12:39:00,REFUNDED,UPI,FULL
TXN003291,C0974,P003,2499.0,2026-04-12 22:30:00,SUCCESS,WALLET,NONE
TXN003292,C0042,P002,699.0,2026-08-25 16:08:00,SUCCESS,DEBIT_CARD,NONE
TXN003293,C0284,P008,1299.0,2026-06-28 22:53:00,SUCCESS,DEBIT_CARD,NONE
TXN003294,C0251,P015,2999.0,2026-08-10 08:27:00,SUCCESS,DEBIT_CARD,NONE
TXN003295,C0679,P020,1699.0,2026-04-10 15:37:00,SUCCESS,CREDIT_CARD,NONE
TXN003296,C0145,P019,749.0,2026-06-13 07:59:00,SUCCESS,UPI,NONE
TXN003297,C0869,P001,4999.0,2026-08-14 00:47:00,SUCCESS,UPI,NONE
TXN003298,C0423,P014,799.0,2026-08-23 21:40:00,SUCCESS,UPI,NONE
TXN003299,C0612,P009,1899.0,2026-06-19 17:04:00,SUCCESS,CREDIT_CARD,NONE
TXN003300,C0443,P015,2999.0,2026-07-24 13:57:00,SUCCESS,UPI,NONE
TXN003301,C0274,P001,4999.0,2026-07-26 13:11:00,SUCCESS,UPI,NONE
TXN003302,C0520,P005,1199.0,2026-07-26 15:46:00,SUCCESS,UPI,NONE
TXN003303,C0786,P010,899.0,2026-08-31 07:03:00,SUCCESS,UPI,NONE
TXN003304,C0355,P017,849.0,2026-08-13 20:44:00,FAILED,CREDIT_CARD,NONE
TXN003305,C0233,P012,1799.0,2026-03-21 05:34:00,FAILED,UPI,NONE
TXN003306,C0353,P015,2999.0,2026-08-27 11:42:00,SUCCESS,UPI,NONE
TXN003307,C0791,P018,3899.0,2026-07-26 18:16:00,SUCCESS,UPI,NONE
TXN003308,C0704,P014,799.0,2026-08-13 15:49:00,REFUNDED,CREDIT_CARD,FULL
TXN003309,C0355,P019,749.0,2026-08-27 02:18:00,SUCCESS,DEBIT_CARD,NONE
TXN003310,C0905,P002,699.0,2026-08-15 21:22:00,SUCCESS,UPI,NONE
TXN003311,C0437,P014,799.0,2026-08-25 10:55:00,SUCCESS,UPI,NONE
TXN003312,C0147,P015,2999.0,2026-08-09 11:55:00,SUCCESS,CREDIT_CARD,NONE
TXN003313,C0180,P007,1499.0,2026-07-29 17:13:00,SUCCESS,WALLET,NONE
TXN003314,C0071,P012,1799.0,2026-08-09 07:59:00,SUCCESS,CREDIT_CARD,NONE
TXN003315,C0546,P012,1799.0,2026-08-28 20:13:00,SUCCESS,UPI,NONE
TXN003316,C0230,P009,1899.0,2026-06-12 23:14:00,SUCCESS,UPI,NONE
TXN003317,C0671,P006,2899.0,2026-07-25 21:34:00,SUCCESS,WALLET,NONE
TXN003318,C0308,P013,1999.0,2026-08-25 08:21:00,SUCCESS,UPI,NONE
TXN003319,C0375,P016,999.0,2026-03-24 05:14:00,SUCCESS,UPI,NONE
TXN003320,C0266,P008,1299.0,2026-06-02 18:34:00,REFUNDED,UPI,FULL
TXN003321,C0548,P006,2899.0,2026-07-21 01:12:00,SUCCESS,UPI,NONE
TXN003322,C0846,P015,2999.0,2026-03-13 06:35:00,SUCCESS,UPI,NONE
TXN003323,C0402,P014,799.0,2026-05-24 00:01:00,SUCCESS,CREDIT_CARD,NONE
TXN003324,C0157,P005,1199.0,2026-06-22 09:01:00,SUCCESS,CREDIT_CARD,NONE
TXN003325,C0419,P018,3899.0,2026-05-09 19:06:00,SUCCESS,DEBIT_CARD,NONE
TXN003326,C0301,P016,999.0,2026-05-04 09:18:00,SUCCESS,UPI,NONE
TXN003327,C0213,P012,1799.0,2026-08-28 10:34:00,SUCCESS,WALLET,NONE
TXN003328,C0523,P010,899.0,2026-04-24 17:30:00,REFUNDED,WALLET,FULL
TXN003329,C0129,P008,1299.0,2026-06-12 03:09:00,SUCCESS,UPI,NONE
TXN003330,C0744,P014,799.0,2026-05-26 18:51:00,SUCCESS,NET_BANKING,NONE
TXN003331,C0345,P014,799.0,2026-06-27 16:13:00,SUCCESS,CREDIT_CARD,NONE
TXN003332,C0263,P019,749.0,2026-07-18 11:35:00,SUCCESS,CREDIT_CARD,NONE
TXN003333,C0290,P003,2499.0,2026-07-31 08:18:00,SUCCESS,CREDIT_CARD,NONE
TXN003334,C0201,P018,3899.0,2026-04-13 09:27:00,SUCCESS,UPI,NONE
TXN003335,C0878,P014,799.0,2026-07-03 02:46:00,SUCCESS,UPI,NONE
TXN003336,C0295,P017,849.0,2026-04-25 06:14:00,SUCCESS,UPI,NONE
TXN003337,C0601,P014,799.0,2026-04-16 11:35:00,SUCCESS,UPI,NONE
TXN003338,C0019,P012,1799.0,2026-08-06 08:58:00,SUCCESS,UPI,NONE
TXN003339,C0900,P012,1799.0,2026-06-13 05:18:00,SUCCESS,CREDIT_CARD,NONE
TXN003340,C0744,P006,2899.0,2026-06-29 11:53:00,SUCCESS,CREDIT_CARD,NONE
TXN003341,C0626,P017,849.0,2026-05-15 11:08:00,SUCCESS,NET_BANKING,NONE
TXN003342,C0103,P017,849.0,2026-05-25 10:57:00,SUCCESS,UPI,NONE
TXN003343,C0716,P007,1499.0,2026-08-04 16:32:00,SUCCESS,UPI,NONE
TXN003344,C0619,P002,699.0,2026-08-11 09:09:00,FAILED,UPI,NONE
TXN003345,C0305,P016,999.0,2026-08-02 04:54:00,SUCCESS,CREDIT_CARD,NONE
TXN003346,C0102,P019,749.0,2026-05-03 15:25:00,SUCCESS,UPI,NONE
TXN003347,C0108,P013,1999.0,2026-07-23 00:17:00,REFUNDED,CREDIT_CARD,FULL
TXN003348,C0053,P017,849.0,2026-06-26 08:23:00,SUCCESS,CREDIT_CARD,NONE
TXN003349,C0652,P015,2999.0,2026-04-19 01:05:00,SUCCESS,UPI,NONE
TXN003350,C0124,P003,2499.0,2026-07-09 21:39:00,SUCCESS,UPI,NONE
TXN003351,C0724,P004,3499.0,2026-08-25 20:01:00,SUCCESS,UPI,NONE
TXN003352,C0889,P015,2999.0,2026-04-19 13:00:00,SUCCESS,UPI,NONE
TXN003353,C0614,P002,699.0,2026-07-03 21:53:00,SUCCESS,NET_BANKING,NONE
TXN003354,C0029,P018,3899.0,2026-03-07 19:53:00,SUCCESS,CREDIT_CARD,NONE
TXN003355,C0855,P005,1199.0,2026-07-29 05:17:00,SUCCESS,UPI,NONE
TXN003356,C0649,P013,1999.0,2026-06-27 20:29:00,SUCCESS,CREDIT_CARD,NONE
TXN003357,C0497,P011,649.0,2026-07-04 10:32:00,SUCCESS,DEBIT_CARD,NONE
TXN003358,C0109,P001,4999.0,2026-07-16 02:25:00,SUCCESS,UPI,NONE
TXN003359,C0563,P012,1799.0,2026-06-01 21:05:00,SUCCESS,WALLET,NONE
TXN003360,C0174,P009,1899.0,2026-03-13 02:48:00,SUCCESS,CREDIT_CARD,NONE
TXN003361,C0898,P013,1999.0,2026-07-15 06:08:00,SUCCESS,UPI,NONE
TXN003362,C0809,P013,1999.0,2026-03-29 14:12:00,SUCCESS,UPI,NONE
TXN003363,C0467,P009,1899.0,2026-05-21 14:30:00,SUCCESS,UPI,NONE
TXN003364,C0699,P012,1799.0,2026-08-14 22:21:00,SUCCESS,CREDIT_CARD,NONE
TXN003365,C0871,P012,1799.0,2026-03-05 12:04:00,SUCCESS,NET_BANKING,NONE
TXN003366,C0057,P004,3499.0,2026-05-19 02:08:00,SUCCESS,UPI,NONE
TXN003367,C0492,P001,4999.0,2026-07-07 05:37:00,FAILED,UPI,NONE
TXN003368,C0915,P006,2899.0,2026-06-20 05:16:00,SUCCESS,CREDIT_CARD,NONE
TXN003369,C0552,P008,1299.0,2026-04-06 07:42:00,SUCCESS,UPI,NONE
TXN003370,C0068,P008,1299.0,2026-08-25 11:41:00,SUCCESS,DEBIT_CARD,NONE
TXN003371,C0616,P003,2499.0,2026-08-28 01:06:00,SUCCESS,UPI,NONE
TXN003372,C0378,P003,2499.0,2026-05-26 20:14:00,SUCCESS,UPI,NONE
TXN003373,C0564,P013,1999.0,2026-03-06 02:35:00,SUCCESS,CREDIT_CARD,NONE
TXN003374,C0684,P020,1699.0,2026-06-08 04:41:00,SUCCESS,UPI,NONE
TXN003375,C0334,P001,4999.0,2026-08-01 03:02:00,SUCCESS,UPI,NONE
TXN003376,C0160,P016,999.0,2026-04-23 17:10:00,FAILED,UPI,NONE
TXN003377,C0484,P008,1299.0,2026-04-12 01:40:00,FAILED,CREDIT_CARD,NONE
TXN003378,C0141,P018,3899.0,2026-08-11 21:02:00,SUCCESS,UPI,NONE
TXN003379,C0138,P008,1299.0,2026-04-02 00:12:00,SUCCESS,UPI,NONE
TXN003380,C0350,P012,1799.0,2026-06-26 07:36:00,SUCCESS,DEBIT_CARD,NONE
TXN003381,C0781,P020,1699.0,2026-05-05 06:46:00,SUCCESS,CREDIT_CARD,NONE
TXN003382,C0303,P010,899.0,2026-05-11 12:07:00,SUCCESS,WALLET,NONE
TXN003383,C0433,P015,2999.0,2026-05-04 07:58:00,SUCCESS,UPI,NONE
TXN003384,C0028,P015,2999.0,2026-07-10 10:08:00,SUCCESS,UPI,NONE
TXN003385,C0394,P009,1899.0,2026-03-17 20:26:00,SUCCESS,WALLET,NONE
TXN003386,C0493,P002,699.0,2026-07-07 08:29:00,REFUNDED,UPI,FULL
TXN003387,C0543,P001,4999.0,2026-07-14 21:42:00,SUCCESS,DEBIT_CARD,NONE
TXN003388,C0516,P011,649.0,2026-05-05 14:49:00,SUCCESS,UPI,NONE
TXN003389,C0177,P011,649.0,2026-06-25 23:17:00,REFUNDED,UPI,FULL
TXN003390,C0915,P015,2999.0,2026-07-14 18:27:00,REFUNDED,DEBIT_CARD,FULL
TXN003391,C0460,P014,799.0,2026-05-14 03:52:00,SUCCESS,UPI,NONE
TXN003392,C0387,P007,1499.0,2026-07-25 20:56:00,SUCCESS,DEBIT_CARD,NONE
TXN003393,C0966,P011,649.0,2026-07-08 12:25:00,SUCCESS,NET_BANKING,NONE
TXN003394,C0428,P005,1199.0,2026-05-31 16:52:00,SUCCESS,UPI,NONE
TXN003395,C0740,P017,849.0,2026-05-01 16:57:00,SUCCESS,UPI,NONE
TXN003396,C0031,P009,1899.0,2026-04-20 19:35:00,SUCCESS,UPI,NONE
TXN003397,C0059,P011,649.0,2026-05-29 04:44:00,SUCCESS,UPI,NONE
TXN003398,C0704,P017,849.0,2026-03-30 07:30:00,SUCCESS,UPI,NONE
TXN003399,C0086,P011,649.0,2026-03-31 21:33:00,SUCCESS,NET_BANKING,NONE
TXN003400,C0322,P007,1499.0,2026-03-09 15:13:00,SUCCESS,UPI,NONE
TXN003401,C0755,P016,999.0,2026-04-24 16:04:00,SUCCESS,UPI,NONE
TXN003402,C0353,P009,1899.0,2026-07-21 22:06:00,SUCCESS,UPI,NONE
TXN003403,C0029,P008,1299.0,2026-04-19 03:51:00,SUCCESS,DEBIT_CARD,NONE
TXN003404,C0881,P013,1999.0,2026-07-28 21:14:00,SUCCESS,UPI,NONE
TXN003405,C0181,P006,2899.0,2026-03-20 07:30:00,SUCCESS,UPI,NONE
TXN003406,C0856,P015,2999.0,2026-05-28 15:04:00,SUCCESS,UPI,NONE
TXN003407,C0992,P016,999.0,2026-08-03 22:50:00,SUCCESS,UPI,NONE
TXN003408,C0632,P018,3899.0,2026-05-28 08:42:00,SUCCESS,UPI,NONE
TXN003409,C0591,P018,3899.0,2026-07-03 10:37:00,SUCCESS,UPI,NONE
TXN003410,C0436,P019,749.0,2026-08-29 05:23:00,SUCCESS,DEBIT_CARD,NONE
TXN003411,C0031,P006,2899.0,2026-05-17 17:10:00,SUCCESS,UPI,NONE
TXN003412,C0912,P009,1899.0,2026-07-14 14:35:00,SUCCESS,UPI,NONE
TXN003413,C0063,P014,799.0,2026-04-14 11:05:00,SUCCESS,UPI,NONE
TXN003414,C0909,P001,4999.0,2026-07-07 09:35:00,SUCCESS,NET_BANKING,NONE
TXN003415,C0798,P002,699.0,2026-06-04 15:00:00,SUCCESS,NET_BANKING,NONE
TXN003416,C0204,P007,1499.0,2026-07-14 22:07:00,SUCCESS,UPI,NONE
TXN003417,C0287,P013,1999.0,2026-04-06 04:06:00,SUCCESS,UPI,NONE
TXN003418,C0164,P019,749.0,2026-06-20 21:33:00,FAILED,WALLET,NONE
TXN003419,C0553,P008,1299.0,2026-04-09 10:13:00,FAILED,UPI,NONE
TXN003420,C0063,P006,2899.0,2026-06-02 16:14:00,REFUNDED,UPI,FULL
TXN003421,C0333,P004,3499.0,2026-03-05 16:46:00,SUCCESS,CREDIT_CARD,NONE
TXN003422,C0474,P006,2899.0,2026-04-27 06:26:00,SUCCESS,DEBIT_CARD,NONE
TXN003423,C0587,P004,3499.0,2026-05-24 04:38:00,SUCCESS,CREDIT_CARD,NONE
TXN003424,C0791,P019,749.0,2026-05-14 10:52:00,SUCCESS,DEBIT_CARD,NONE
TXN003425,C0464,P013,1999.0,2026-03-19 01:08:00,SUCCESS,UPI,NONE
TXN003426,C0567,P010,899.0,2026-06-01 05:23:00,SUCCESS,UPI,NONE
TXN003427,C0642,P019,749.0,2026-05-28 11:32:00,SUCCESS,CREDIT_CARD,NONE
TXN003428,C0560,P014,799.0,2026-06-15 11:34:00,REFUNDED,CREDIT_CARD,FULL
TXN003429,C0772,P014,799.0,2026-08-26 06:58:00,SUCCESS,UPI,NONE
TXN003430,C0945,P004,3499.0,2026-04-09 06:22:00,SUCCESS,UPI,NONE
TXN003431,C0080,P012,1799.0,2026-06-16 04:21:00,SUCCESS,UPI,NONE
TXN003432,C0587,P002,699.0,2026-04-04 04:49:00,SUCCESS,DEBIT_CARD,NONE
TXN003433,C0198,P008,1299.0,2026-07-10 07:00:00,SUCCESS,NET_BANKING,NONE
TXN003434,C0069,P002,699.0,2026-07-23 00:03:00,SUCCESS,CREDIT_CARD,NONE
TXN003435,C0874,P002,699.0,2026-08-01 16:04:00,REFUNDED,CREDIT_CARD,FULL
TXN003436,C0291,P011,649.0,2026-03-10 10:46:00,SUCCESS,DEBIT_CARD,NONE
TXN003437,C0833,P018,3899.0,2026-04-10 02:16:00,SUCCESS,CREDIT_CARD,NONE
TXN003438,C0774,P008,1299.0,2026-07-13 06:42:00,SUCCESS,DEBIT_CARD,NONE
TXN003439,C0168,P019,749.0,2026-05-14 08:00:00,SUCCESS,CREDIT_CARD,NONE
TXN003440,C0578,P018,3899.0,2026-03-19 04:53:00,FAILED,UPI,NONE
TXN003441,C0771,P009,1899.0,2026-08-08 06:04:00,SUCCESS,UPI,NONE
TXN003442,C0342,P020,1699.0,2026-05-23 01:02:00,SUCCESS,DEBIT_CARD,NONE
TXN003443,C0138,P002,699.0,2026-08-01 07:45:00,SUCCESS,NET_BANKING,NONE
TXN003444,C0078,P016,999.0,2026-05-06 02:23:00,SUCCESS,UPI,NONE
TXN003445,C0929,P001,4999.0,2026-05-25 06:22:00,SUCCESS,CREDIT_CARD,NONE
TXN003446,C0096,P019,749.0,2026-07-09 21:39:00,SUCCESS,CREDIT_CARD,NONE
TXN003447,C0601,P005,1199.0,2026-07-15 23:32:00,SUCCESS,UPI,NONE
TXN003448,C0494,P012,1799.0,2026-07-02 12:35:00,SUCCESS,UPI,NONE
TXN003449,C0974,P009,1899.0,2026-05-02 01:51:00,SUCCESS,CREDIT_CARD,NONE
TXN003450,C0940,P013,1999.0,2026-06-27 23:54:00,SUCCESS,DEBIT_CARD,NONE
TXN003451,C0027,P020,1699.0,2026-05-15 08:32:00,SUCCESS,CREDIT_CARD,NONE
TXN003452,C0005,P019,749.0,2026-04-02 06:18:00,SUCCESS,CREDIT_CARD,NONE
TXN003453,C0276,P011,649.0,2026-07-27 03:57:00,SUCCESS,UPI,NONE
TXN003454,C0065,P012,1799.0,2026-03-08 04:05:00,SUCCESS,UPI,NONE
TXN003455,C0097,P009,1899.0,2026-07-08 12:11:00,SUCCESS,UPI,NONE
TXN003456,C0108,P010,899.0,2026-07-01 14:07:00,SUCCESS,UPI,NONE
TXN003457,C0497,P019,749.0,2026-05-04 15:52:00,SUCCESS,UPI,NONE
TXN003458,C0130,P012,1799.0,2026-03-06 12:44:00,SUCCESS,DEBIT_CARD,NONE
TXN003459,C0096,P017,849.0,2026-04-14 04:15:00,SUCCESS,CREDIT_CARD,NONE
TXN003460,C0692,P011,649.0,2026-03-04 18:10:00,SUCCESS,UPI,NONE
TXN003461,C0950,P001,4999.0,2026-06-14 18:30:00,SUCCESS,UPI,NONE
TXN003462,C0650,P013,1999.0,2026-04-06 05:47:00,SUCCESS,DEBIT_CARD,NONE
TXN003463,C0604,P019,749.0,2026-04-10 22:38:00,SUCCESS,UPI,NONE
TXN003464,C0966,P002,699.0,2026-07-20 01:31:00,SUCCESS,CREDIT_CARD,NONE
TXN003465,C0984,P014,799.0,2026-06-22 10:04:00,SUCCESS,UPI,NONE
TXN003466,C0805,P012,1799.0,2026-04-18 19:48:00,SUCCESS,DEBIT_CARD,NONE
TXN003467,C0997,P011,649.0,2026-03-04 22:15:00,SUCCESS,CREDIT_CARD,NONE
TXN003468,C0808,P006,2899.0,2026-08-26 12:28:00,SUCCESS,UPI,NONE
TXN003469,C0675,P019,749.0,2026-07-19 00:41:00,SUCCESS,NET_BANKING,NONE
TXN003470,C0653,P011,649.0,2026-05-28 09:10:00,SUCCESS,UPI,NONE
TXN003471,C0163,P006,2899.0,2026-07-16 01:00:00,SUCCESS,CREDIT_CARD,NONE
TXN003472,C0362,P013,1999.0,2026-07-19 02:32:00,SUCCESS,UPI,NONE
TXN003473,C0604,P009,1899.0,2026-07-15 16:00:00,FAILED,UPI,NONE
TXN003474,C0252,P009,1899.0,2026-08-09 02:24:00,SUCCESS,UPI,NONE
TXN003475,C0807,P001,4999.0,2026-03-28 13:19:00,SUCCESS,UPI,NONE
TXN003476,C0711,P015,2999.0,2026-08-21 07:34:00,SUCCESS,UPI,NONE
TXN003477,C0851,P011,649.0,2026-08-17 17:37:00,SUCCESS,UPI,NONE
TXN003478,C0489,P010,899.0,2026-03-19 10:59:00,SUCCESS,CREDIT_CARD,NONE
TXN003479,C0052,P003,2499.0,2026-04-06 04:45:00,SUCCESS,UPI,NONE
TXN003480,C0635,P006,2899.0,2026-07-28 06:41:00,SUCCESS,DEBIT_CARD,NONE
TXN003481,C0973,P019,749.0,2026-07-05 23:06:00,SUCCESS,UPI,NONE
TXN003482,C0989,P001,4999.0,2026-04-18 07:31:00,SUCCESS,UPI,NONE
TXN003483,C0410,P009,1899.0,2026-05-21 08:01:00,SUCCESS,CREDIT_CARD,NONE
TXN003484,C0861,P002,699.0,2026-05-01 22:05:00,SUCCESS,UPI,NONE
TXN003485,C0726,P017,849.0,2026-06-02 12:00:00,SUCCESS,UPI,NONE
TXN003486,C0178,P007,1499.0,2026-06-22 22:55:00,SUCCESS,UPI,NONE
TXN003487,C0151,P008,1299.0,2026-03-12 08:47:00,SUCCESS,WALLET,NONE
TXN003488,C0806,P014,799.0,2026-08-02 11:19:00,SUCCESS,NET_BANKING,NONE
TXN003489,C0290,P003,2499.0,2026-05-12 02:52:00,SUCCESS,NET_BANKING,NONE
TXN003490,C0399,P012,1799.0,2026-06-22 02:53:00,SUCCESS,DEBIT_CARD,NONE
TXN003491,C0183,P015,2999.0,2026-05-02 14:03:00,SUCCESS,UPI,NONE
TXN003492,C0974,P014,799.0,2026-08-22 22:06:00,SUCCESS,CREDIT_CARD,NONE
TXN003493,C0619,P010,899.0,2026-07-15 16:58:00,SUCCESS,CREDIT_CARD,NONE
TXN003494,C0829,P003,2499.0,2026-05-02 01:06:00,SUCCESS,UPI,NONE
TXN003495,C0452,P001,4999.0,2026-08-08 20:21:00,SUCCESS,UPI,NONE
TXN003496,C0307,P006,2899.0,2026-08-21 06:42:00,SUCCESS,UPI,NONE
TXN003497,C0274,P009,1899.0,2026-08-11 20:50:00,SUCCESS,UPI,NONE
TXN003498,C0800,P011,649.0,2026-07-11 19:08:00,SUCCESS,UPI,NONE
TXN003499,C0584,P001,4999.0,2026-07-20 00:05:00,SUCCESS,UPI,NONE
TXN003500,C0764,P008,1299.0,2026-05-27 07:34:00,SUCCESS,UPI,NONE
TXN003501,C0705,P015,2999.0,2026-07-18 05:27:00,SUCCESS,UPI,NONE
TXN003502,C0065,P001,4999.0,2026-08-30 16:39:00,SUCCESS,UPI,NONE
TXN003503,C0641,P011,649.0,2026-04-29 12:43:00,SUCCESS,UPI,NONE
TXN003504,C0286,P008,1299.0,2026-06-09 17:22:00,SUCCESS,UPI,NONE
TXN003505,C0596,P008,1299.0,2026-04-30 18:56:00,SUCCESS,UPI,NONE
TXN003506,C0313,P016,999.0,2026-03-18 15:34:00,SUCCESS,CREDIT_CARD,NONE
TXN003507,C0467,P017,849.0,2026-04-20 03:43:00,SUCCESS,UPI,NONE
TXN003508,C0746,P013,1999.0,2026-08-09 18:12:00,SUCCESS,UPI,NONE
TXN003509,C0877,P012,1799.0,2026-05-17 03:03:00,SUCCESS,UPI,NONE
TXN003510,C0696,P013,1999.0,2026-07-02 23:25:00,FAILED,NET_BANKING,NONE
TXN003511,C0377,P010,899.0,2026-03-07 09:27:00,SUCCESS,UPI,NONE
TXN003512,C0624,P019,749.0,2026-08-23 10:51:00,FAILED,UPI,NONE
TXN003513,C0591,P004,3499.0,2026-08-28 19:41:00,SUCCESS,UPI,NONE
TXN003514,C0666,P018,3899.0,2026-05-25 11:42:00,SUCCESS,WALLET,NONE
TXN003515,C0771,P014,799.0,2026-08-23 01:03:00,SUCCESS,UPI,NONE
TXN003516,C0455,P009,1899.0,2026-05-14 17:28:00,SUCCESS,UPI,NONE
TXN003517,C0495,P015,2999.0,2026-03-14 05:59:00,SUCCESS,CREDIT_CARD,NONE
TXN003518,C0811,P004,3499.0,2026-04-13 07:49:00,SUCCESS,CREDIT_CARD,NONE
TXN003519,C0910,P016,999.0,2026-04-05 15:43:00,SUCCESS,CREDIT_CARD,NONE
TXN003520,C0790,P017,849.0,2026-05-07 19:19:00,SUCCESS,UPI,NONE
TXN003521,C0515,P011,649.0,2026-03-10 16:09:00,SUCCESS,DEBIT_CARD,NONE
TXN003522,C0770,P007,1499.0,2026-04-06 22:47:00,SUCCESS,UPI,NONE
TXN003523,C0714,P017,849.0,2026-03-06 16:05:00,SUCCESS,DEBIT_CARD,NONE
TXN003524,C0410,P001,4999.0,2026-06-11 15:40:00,SUCCESS,DEBIT_CARD,NONE
TXN003525,C0653,P010,899.0,2026-04-07 07:52:00,SUCCESS,DEBIT_CARD,NONE
TXN003526,C0061,P009,1899.0,2026-03-18 18:33:00,SUCCESS,CREDIT_CARD,NONE
TXN003527,C0559,P013,1999.0,2026-03-09 12:32:00,SUCCESS,UPI,NONE
TXN003528,C0192,P002,699.0,2026-08-13 23:12:00,FAILED,UPI,NONE
TXN003529,C0486,P007,1499.0,2026-04-04 17:49:00,SUCCESS,CREDIT_CARD,NONE
TXN003530,C0631,P003,2499.0,2026-03-11 17:08:00,SUCCESS,UPI,NONE
TXN003531,C0123,P018,3899.0,2026-07-22 22:16:00,SUCCESS,UPI,NONE
TXN003532,C0209,P008,1299.0,2026-05-05 09:31:00,FAILED,CREDIT_CARD,NONE
TXN003533,C0843,P010,899.0,2026-03-28 03:50:00,SUCCESS,UPI,NONE
TXN003534,C0031,P007,1499.0,2026-03-05 17:26:00,SUCCESS,CREDIT_CARD,NONE
TXN003535,C0996,P003,2499.0,2026-03-12 04:40:00,REFUNDED,UPI,FULL
TXN003536,C0616,P001,4999.0,2026-08-03 02:38:00,SUCCESS,CREDIT_CARD,NONE
TXN003537,C0429,P015,2999.0,2026-08-24 23:22:00,SUCCESS,UPI,NONE
TXN003538,C0840,P018,3899.0,2026-05-11 06:00:00,REFUNDED,UPI,FULL
TXN003539,C0544,P006,2899.0,2026-06-23 04:25:00,SUCCESS,DEBIT_CARD,NONE
TXN003540,C0285,P008,1299.0,2026-08-17 13:51:00,SUCCESS,CREDIT_CARD,NONE
TXN003541,C0842,P003,2499.0,2026-05-03 12:26:00,SUCCESS,UPI,NONE
TXN003542,C0881,P001,4999.0,2026-05-24 15:36:00,SUCCESS,NET_BANKING,NONE
TXN003543,C0228,P004,3499.0,2026-06-04 15:27:00,SUCCESS,UPI,NONE
TXN003544,C0925,P002,699.0,2026-08-04 23:19:00,SUCCESS,DEBIT_CARD,NONE
TXN003545,C0595,P005,1199.0,2026-03-16 19:55:00,SUCCESS,UPI,NONE
TXN003546,C0460,P002,699.0,2026-08-01 20:57:00,REFUNDED,NET_BANKING,FULL
TXN003547,C0423,P010,899.0,2026-08-20 21:04:00,SUCCESS,UPI,NONE
TXN003548,C0645,P018,3899.0,2026-08-22 19:20:00,FAILED,DEBIT_CARD,NONE
TXN003549,C0466,P006,2899.0,2026-05-21 07:27:00,FAILED,UPI,NONE
TXN003550,C0667,P010,899.0,2026-06-15 19:40:00,SUCCESS,CREDIT_CARD,NONE
TXN003551,C0872,P001,4999.0,2026-05-06 07:27:00,SUCCESS,UPI,NONE
TXN003552,C0348,P019,749.0,2026-07-14 15:19:00,SUCCESS,UPI,NONE
TXN003553,C0078,P014,799.0,2026-04-15 11:33:00,SUCCESS,NET_BANKING,NONE
TXN003554,C0737,P020,1699.0,2026-05-25 08:50:00,SUCCESS,CREDIT_CARD,NONE
TXN003555,C0136,P001,4999.0,2026-04-11 10:27:00,SUCCESS,UPI,NONE
TXN003556,C0640,P004,3499.0,2026-05-07 10:20:00,SUCCESS,CREDIT_CARD,NONE
TXN003557,C0945,P014,799.0,2026-07-12 14:03:00,SUCCESS,DEBIT_CARD,NONE
TXN003558,C0224,P011,649.0,2026-03-31 23:20:00,SUCCESS,CREDIT_CARD,NONE
TXN003559,C0343,P017,849.0,2026-03-09 20:03:00,SUCCESS,UPI,NONE
TXN003560,C0754,P010,899.0,2026-03-14 14:51:00,SUCCESS,UPI,NONE
TXN003561,C0383,P007,1499.0,2026-05-18 16:59:00,FAILED,UPI,NONE
TXN003562,C0980,P008,1299.0,2026-05-06 00:45:00,SUCCESS,UPI,NONE
TXN003563,C0273,P019,749.0,2026-05-07 23:08:00,SUCCESS,CREDIT_CARD,NONE
TXN003564,C0256,P020,1699.0,2026-05-26 15:12:00,SUCCESS,UPI,NONE
TXN003565,C0773,P010,899.0,2026-06-29 23:40:00,SUCCESS,UPI,NONE
TXN003566,C0707,P010,899.0,2026-08-21 00:38:00,SUCCESS,UPI,NONE
TXN003567,C0262,P017,849.0,2026-08-10 13:26:00,SUCCESS,CREDIT_CARD,NONE
TXN003568,C0798,P009,1899.0,2026-03-11 11:45:00,SUCCESS,DEBIT_CARD,NONE
TXN003569,C0279,P017,849.0,2026-04-14 07:53:00,SUCCESS,UPI,NONE
TXN003570,C0463,P016,999.0,2026-06-28 19:37:00,SUCCESS,UPI,NONE
TXN003571,C0421,P005,1199.0,2026-07-12 07:46:00,SUCCESS,UPI,NONE
TXN003572,C0827,P015,2999.0,2026-03-29 16:27:00,SUCCESS,UPI,NONE
TXN003573,C0133,P012,1799.0,2026-04-05 02:24:00,FAILED,CREDIT_CARD,NONE
TXN003574,C0139,P002,699.0,2026-06-27 06:22:00,SUCCESS,UPI,NONE
TXN003575,C0985,P014,799.0,2026-04-08 16:52:00,SUCCESS,UPI,NONE
TXN003576,C0075,P015,2999.0,2026-04-07 17:34:00,SUCCESS,UPI,NONE
TXN003577,C0387,P020,1699.0,2026-04-01 16:18:00,SUCCESS,DEBIT_CARD,NONE
TXN003578,C0755,P020,1699.0,2026-04-13 04:47:00,SUCCESS,UPI,NONE
TXN003579,C0489,P013,1999.0,2026-04-10 19:31:00,SUCCESS,CREDIT_CARD,NONE
TXN003580,C0192,P012,1799.0,2026-05-12 11:41:00,SUCCESS,UPI,NONE
TXN003581,C0177,P002,699.0,2026-04-20 03:03:00,SUCCESS,UPI,NONE
TXN003582,C0336,P007,1499.0,2026-03-29 19:13:00,SUCCESS,UPI,NONE
TXN003583,C0087,P005,1199.0,2026-07-30 00:00:00,SUCCESS,UPI,NONE
TXN003584,C0297,P010,899.0,2026-08-18 15:18:00,FAILED,CREDIT_CARD,NONE
TXN003585,C0861,P020,1699.0,2026-08-14 02:13:00,SUCCESS,CREDIT_CARD,NONE
TXN003586,C0035,P010,899.0,2026-04-09 09:47:00,SUCCESS,UPI,NONE
TXN003587,C0529,P019,749.0,2026-04-27 01:51:00,SUCCESS,DEBIT_CARD,NONE
TXN003588,C0482,P005,1199.0,2026-08-22 17:21:00,SUCCESS,UPI,NONE
TXN003589,C0853,P013,1999.0,2026-06-16 06:13:00,FAILED,CREDIT_CARD,NONE
TXN003590,C0304,P001,4999.0,2026-06-07 16:15:00,SUCCESS,CREDIT_CARD,NONE
TXN003591,C0188,P008,1299.0,2026-06-06 04:59:00,SUCCESS,UPI,NONE
TXN003592,C0437,P014,799.0,2026-03-29 08:21:00,SUCCESS,NET_BANKING,NONE
TXN003593,C0636,P013,1999.0,2026-07-29 17:08:00,FAILED,CREDIT_CARD,NONE
TXN003594,C0665,P012,1799.0,2026-05-20 18:52:00,SUCCESS,DEBIT_CARD,NONE
TXN003595,C0675,P012,1799.0,2026-06-29 15:01:00,SUCCESS,UPI,NONE
TXN003596,C0419,P004,3499.0,2026-04-18 22:24:00,SUCCESS,UPI,NONE
TXN003597,C0776,P010,899.0,2026-08-30 02:45:00,SUCCESS,CREDIT_CARD,NONE
TXN003598,C0264,P004,3499.0,2026-07-21 01:46:00,SUCCESS,NET_BANKING,NONE
TXN003599,C0494,P020,1699.0,2026-06-11 23:54:00,SUCCESS,UPI,NONE
TXN003600,C0508,P007,1499.0,2026-03-20 06:56:00,REFUNDED,UPI,FULL
TXN003601,C0064,P008,1299.0,2026-05-16 09:12:00,SUCCESS,UPI,NONE
TXN003602,C0990,P002,699.0,2026-07-24 13:39:00,SUCCESS,DEBIT_CARD,NONE
TXN003603,C0598,P020,1699.0,2026-08-12 17:48:00,SUCCESS,UPI,NONE
TXN003604,C0471,P002,699.0,2026-07-14 02:14:00,SUCCESS,UPI,NONE
TXN003605,C0318,P009,1899.0,2026-05-09 02:25:00,SUCCESS,UPI,NONE
TXN003606,C0506,P014,799.0,2026-08-24 21:13:00,SUCCESS,NET_BANKING,NONE
TXN003607,C0132,P008,1299.0,2026-06-12 09:01:00,SUCCESS,NET_BANKING,NONE
TXN003608,C0858,P016,999.0,2026-05-18 01:56:00,SUCCESS,CREDIT_CARD,NONE
TXN003609,C0806,P016,999.0,2026-03-23 10:02:00,SUCCESS,CREDIT_CARD,NONE
TXN003610,C0999,P012,1799.0,2026-08-08 20:16:00,SUCCESS,UPI,NONE
TXN003611,C0885,P018,3899.0,2026-04-02 00:55:00,SUCCESS,UPI,NONE
TXN003612,C0995,P009,1899.0,2026-08-21 16:08:00,SUCCESS,UPI,NONE
TXN003613,C0522,P001,4999.0,2026-06-04 00:26:00,SUCCESS,CREDIT_CARD,NONE
TXN003614,C0828,P004,3499.0,2026-06-09 21:44:00,SUCCESS,UPI,NONE
TXN003615,C0402,P012,1799.0,2026-06-28 16:18:00,SUCCESS,UPI,NONE
TXN003616,C0663,P016,999.0,2026-05-02 11:57:00,SUCCESS,UPI,NONE
TXN003617,C0914,P001,4999.0,2026-06-13 01:03:00,SUCCESS,UPI,NONE
TXN003618,C0019,P008,1299.0,2026-03-29 13:26:00,SUCCESS,UPI,NONE
TXN003619,C0553,P001,4999.0,2026-03-10 05:23:00,SUCCESS,UPI,NONE
TXN003620,C0786,P002,699.0,2026-06-30 19:37:00,SUCCESS,DEBIT_CARD,NONE
TXN003621,C0409,P009,1899.0,2026-03-23 13:13:00,SUCCESS,UPI,NONE
TXN003622,C0554,P001,4999.0,2026-07-23 23:40:00,SUCCESS,UPI,NONE
TXN003623,C0093,P013,1999.0,2026-06-19 13:33:00,SUCCESS,CREDIT_CARD,NONE
TXN003624,C0209,P008,1299.0,2026-06-04 12:34:00,SUCCESS,UPI,NONE
TXN003625,C0195,P020,1699.0,2026-05-04 02:44:00,SUCCESS,DEBIT_CARD,NONE
TXN003626,C0520,P002,699.0,2026-05-12 20:58:00,FAILED,UPI,NONE
TXN003627,C0993,P002,699.0,2026-04-01 06:58:00,SUCCESS,WALLET,NONE
TXN003628,C0614,P020,1699.0,2026-08-07 18:07:00,SUCCESS,CREDIT_CARD,NONE
TXN003629,C0907,P010,899.0,2026-07-06 09:55:00,SUCCESS,UPI,NONE
TXN003630,C0149,P013,1999.0,2026-05-27 08:54:00,SUCCESS,UPI,NONE
TXN003631,C0347,P018,3899.0,2026-08-19 01:50:00,SUCCESS,CREDIT_CARD,NONE
TXN003632,C0674,P004,3499.0,2026-08-02 16:19:00,SUCCESS,UPI,NONE
TXN003633,C0466,P006,2899.0,2026-07-25 11:40:00,FAILED,UPI,NONE
TXN003634,C0488,P016,999.0,2026-06-23 00:15:00,SUCCESS,UPI,NONE
TXN003635,C0715,P002,699.0,2026-04-16 14:03:00,SUCCESS,CREDIT_CARD,NONE
TXN003636,C0656,P007,1499.0,2026-08-10 21:12:00,SUCCESS,UPI,NONE
TXN003637,C0076,P020,1699.0,2026-04-07 01:14:00,SUCCESS,UPI,NONE
TXN003638,C0898,P016,999.0,2026-05-23 22:52:00,SUCCESS,DEBIT_CARD,NONE
TXN003639,C0335,P019,749.0,2026-05-27 11:37:00,SUCCESS,UPI,NONE
TXN003640,C0768,P013,1999.0,2026-08-12 12:26:00,SUCCESS,UPI,NONE
TXN003641,C0498,P018,3899.0,2026-05-09 11:47:00,SUCCESS,DEBIT_CARD,NONE
TXN003642,C0050,P011,649.0,2026-08-17 23:45:00,SUCCESS,UPI,NONE
TXN003643,C0445,P001,4999.0,2026-05-29 10:52:00,SUCCESS,CREDIT_CARD,NONE
TXN003644,C0090,P014,799.0,2026-06-24 11:21:00,SUCCESS,UPI,NONE
TXN003645,C0881,P007,1499.0,2026-04-03 10:23:00,SUCCESS,UPI,NONE
TXN003646,C0825,P008,1299.0,2026-03-21 11:51:00,SUCCESS,UPI,NONE
TXN003647,C0269,P011,649.0,2026-07-21 13:48:00,SUCCESS,CREDIT_CARD,NONE
TXN003648,C0380,P019,749.0,2026-05-03 13:22:00,SUCCESS,UPI,NONE
TXN003649,C0589,P006,2899.0,2026-05-23 10:57:00,SUCCESS,CREDIT_CARD,NONE
TXN003650,C0045,P005,1199.0,2026-05-05 00:02:00,SUCCESS,CREDIT_CARD,NONE
TXN003651,C0303,P011,649.0,2026-06-27 03:20:00,SUCCESS,UPI,NONE
TXN003652,C0327,P010,899.0,2026-04-10 16:42:00,FAILED,CREDIT_CARD,NONE
TXN003653,C0527,P003,2499.0,2026-07-30 18:59:00,SUCCESS,CREDIT_CARD,NONE
TXN003654,C0562,P020,1699.0,2026-05-24 00:20:00,SUCCESS,UPI,NONE
TXN003655,C0908,P010,899.0,2026-06-07 23:35:00,SUCCESS,UPI,NONE
TXN003656,C0814,P012,1799.0,2026-07-24 08:29:00,SUCCESS,UPI,NONE
TXN003657,C0717,P014,799.0,2026-05-26 11:45:00,SUCCESS,NET_BANKING,NONE
TXN003658,C0831,P014,799.0,2026-07-27 02:26:00,SUCCESS,UPI,NONE
TXN003659,C0304,P015,2999.0,2026-03-21 07:12:00,FAILED,UPI,NONE
TXN003660,C0135,P007,1499.0,2026-06-02 09:37:00,SUCCESS,UPI,NONE
TXN003661,C0384,P007,1499.0,2026-03-10 11:56:00,SUCCESS,UPI,NONE
TXN003662,C0651,P003,2499.0,2026-05-14 20:09:00,SUCCESS,UPI,NONE
TXN003663,C0356,P017,849.0,2026-05-10 17:57:00,SUCCESS,UPI,NONE
TXN003664,C0310,P003,2499.0,2026-07-09 04:23:00,SUCCESS,UPI,NONE
TXN003665,C0272,P002,699.0,2026-05-27 03:14:00,SUCCESS,CREDIT_CARD,NONE
TXN003666,C0697,P011,649.0,2026-03-06 21:23:00,SUCCESS,UPI,NONE
TXN003667,C0127,P019,749.0,2026-08-10 15:01:00,SUCCESS,UPI,NONE
TXN003668,C0408,P014,799.0,2026-06-15 13:35:00,SUCCESS,UPI,NONE
TXN003669,C0398,P004,3499.0,2026-04-12 04:48:00,SUCCESS,DEBIT_CARD,NONE
TXN003670,C0507,P009,1899.0,2026-03-23 14:25:00,SUCCESS,UPI,NONE
TXN003671,C0008,P012,1799.0,2026-03-08 21:57:00,REFUNDED,CREDIT_CARD,FULL
TXN003672,C0764,P016,999.0,2026-05-01 12:55:00,SUCCESS,UPI,NONE
TXN003673,C0007,P004,3499.0,2026-04-09 06:50:00,SUCCESS,UPI,NONE
TXN003674,C0501,P008,1299.0,2026-07-07 05:06:00,SUCCESS,CREDIT_CARD,NONE
TXN003675,C0619,P016,999.0,2026-07-07 14:52:00,REFUNDED,UPI,FULL
TXN003676,C0415,P010,899.0,2026-06-26 10:49:00,FAILED,DEBIT_CARD,NONE
TXN003677,C0246,P006,2899.0,2026-05-21 21:36:00,SUCCESS,UPI,NONE
TXN003678,C0192,P009,1899.0,2026-07-19 21:30:00,SUCCESS,DEBIT_CARD,NONE
TXN003679,C0727,P006,2899.0,2026-07-04 12:26:00,SUCCESS,DEBIT_CARD,NONE
TXN003680,C0048,P005,1199.0,2026-06-30 14:49:00,SUCCESS,UPI,NONE
TXN003681,C0706,P001,4999.0,2026-08-14 22:21:00,SUCCESS,UPI,NONE
TXN003682,C0180,P017,849.0,2026-06-21 02:52:00,SUCCESS,UPI,NONE
TXN003683,C0676,P003,2499.0,2026-03-29 17:27:00,SUCCESS,UPI,NONE
TXN003684,C0819,P016,999.0,2026-06-08 01:05:00,SUCCESS,UPI,NONE
TXN003685,C0707,P011,649.0,2026-07-29 23:57:00,SUCCESS,DEBIT_CARD,NONE
TXN003686,C0447,P019,749.0,2026-03-07 16:21:00,SUCCESS,UPI,NONE
TXN003687,C0227,P004,3499.0,2026-08-24 11:15:00,SUCCESS,DEBIT_CARD,NONE
TXN003688,C0252,P007,1499.0,2026-03-12 07:49:00,SUCCESS,CREDIT_CARD,NONE
TXN003689,C0641,P005,1199.0,2026-07-29 20:32:00,SUCCESS,UPI,NONE
TXN003690,C0962,P003,2499.0,2026-05-16 12:28:00,SUCCESS,CREDIT_CARD,NONE
TXN003691,C0408,P013,1999.0,2026-06-15 12:30:00,SUCCESS,UPI,NONE
TXN003692,C0004,P007,1499.0,2026-04-11 00:57:00,SUCCESS,UPI,NONE
TXN003693,C0344,P020,1699.0,2026-06-12 06:21:00,SUCCESS,UPI,NONE
TXN003694,C0646,P010,899.0,2026-08-09 12:08:00,SUCCESS,UPI,NONE
TXN003695,C0726,P010,899.0,2026-08-18 07:03:00,SUCCESS,UPI,NONE
TXN003696,C0664,P014,799.0,2026-05-02 00:28:00,SUCCESS,UPI,NONE
TXN003697,C0142,P012,1799.0,2026-04-08 11:07:00,SUCCESS,NET_BANKING,NONE
TXN003698,C0015,P002,699.0,2026-06-29 13:35:00,SUCCESS,UPI,NONE
TXN003699,C0366,P013,1999.0,2026-06-24 22:14:00,SUCCESS,UPI,NONE
TXN003700,C0274,P011,649.0,2026-03-31 20:19:00,SUCCESS,UPI,NONE
TXN003701,C0948,P007,1499.0,2026-04-02 13:11:00,SUCCESS,UPI,NONE
TXN003702,C0589,P018,3899.0,2026-06-20 16:10:00,SUCCESS,UPI,NONE
TXN003703,C0724,P017,849.0,2026-05-14 10:23:00,SUCCESS,CREDIT_CARD,NONE
TXN003704,C0834,P011,649.0,2026-08-28 02:22:00,SUCCESS,CREDIT_CARD,NONE
TXN003705,C0147,P014,799.0,2026-05-12 02:47:00,SUCCESS,UPI,NONE
TXN003706,C0999,P019,749.0,2026-06-26 23:54:00,SUCCESS,UPI,NONE
TXN003707,C0562,P019,749.0,2026-04-16 15:56:00,FAILED,CREDIT_CARD,NONE
TXN003708,C0631,P010,899.0,2026-04-10 01:46:00,SUCCESS,UPI,NONE
TXN003709,C0075,P006,2899.0,2026-03-08 21:33:00,REFUNDED,CREDIT_CARD,FULL
TXN003710,C0897,P006,2899.0,2026-07-27 05:08:00,SUCCESS,UPI,NONE
TXN003711,C0938,P010,899.0,2026-04-26 02:49:00,FAILED,DEBIT_CARD,NONE
TXN003712,C0350,P013,1999.0,2026-05-04 12:28:00,SUCCESS,CREDIT_CARD,NONE
TXN003713,C0526,P017,849.0,2026-04-19 07:02:00,SUCCESS,NET_BANKING,NONE
TXN003714,C0539,P018,3899.0,2026-03-17 20:57:00,SUCCESS,UPI,NONE
TXN003715,C0869,P010,899.0,2026-08-13 23:27:00,SUCCESS,UPI,NONE
TXN003716,C0749,P007,1499.0,2026-03-05 12:44:00,SUCCESS,UPI,NONE
TXN003717,C0314,P015,2999.0,2026-04-05 16:26:00,FAILED,WALLET,NONE
TXN003718,C0026,P011,649.0,2026-04-21 22:17:00,SUCCESS,UPI,NONE
TXN003719,C0794,P013,1999.0,2026-07-12 14:26:00,SUCCESS,UPI,NONE
TXN003720,C0636,P015,2999.0,2026-07-23 05:35:00,SUCCESS,CREDIT_CARD,NONE
TXN003721,C0557,P002,699.0,2026-04-07 07:34:00,SUCCESS,UPI,NONE
TXN003722,C0008,P004,3499.0,2026-05-16 01:38:00,SUCCESS,DEBIT_CARD,NONE
TXN003723,C0701,P017,849.0,2026-05-19 03:39:00,FAILED,UPI,NONE
TXN003724,C0331,P011,649.0,2026-05-31 20:38:00,FAILED,UPI,NONE
TXN003725,C0482,P014,799.0,2026-06-22 12:00:00,SUCCESS,UPI,NONE
TXN003726,C0346,P017,849.0,2026-05-16 19:06:00,SUCCESS,UPI,NONE
TXN003727,C0366,P003,2499.0,2026-05-16 23:38:00,SUCCESS,UPI,NONE
TXN003728,C0180,P009,1899.0,2026-06-15 03:56:00,SUCCESS,CREDIT_CARD,NONE
TXN003729,C0484,P010,899.0,2026-08-30 07:09:00,SUCCESS,DEBIT_CARD,NONE
TXN003730,C0542,P014,799.0,2026-04-16 22:59:00,SUCCESS,UPI,NONE
TXN003731,C0326,P016,999.0,2026-08-20 12:56:00,FAILED,UPI,NONE
TXN003732,C0199,P002,699.0,2026-03-25 02:09:00,SUCCESS,NET_BANKING,NONE
TXN003733,C0218,P017,849.0,2026-03-19 22:57:00,SUCCESS,UPI,NONE
TXN003734,C0341,P002,699.0,2026-04-14 16:13:00,SUCCESS,UPI,NONE
TXN003735,C0624,P009,1899.0,2026-08-14 05:43:00,SUCCESS,CREDIT_CARD,NONE
TXN003736,C0789,P014,799.0,2026-03-21 09:08:00,SUCCESS,UPI,NONE
TXN003737,C0889,P019,749.0,2026-04-29 07:07:00,REFUNDED,UPI,FULL
TXN003738,C0569,P009,1899.0,2026-08-03 05:37:00,SUCCESS,UPI,NONE
TXN003739,C0014,P010,899.0,2026-06-11 10:31:00,SUCCESS,UPI,NONE
TXN003740,C0387,P016,999.0,2026-06-15 20:00:00,SUCCESS,UPI,NONE
TXN003741,C0655,P008,1299.0,2026-04-07 03:17:00,SUCCESS,UPI,NONE
TXN003742,C0849,P018,3899.0,2026-08-20 07:18:00,SUCCESS,WALLET,NONE
TXN003743,C0735,P020,1699.0,2026-06-28 03:51:00,SUCCESS,CREDIT_CARD,NONE
TXN003744,C0046,P008,1299.0,2026-08-08 00:02:00,REFUNDED,UPI,FULL
TXN003745,C0144,P011,649.0,2026-04-20 03:21:00,SUCCESS,DEBIT_CARD,NONE
TXN003746,C0196,P010,899.0,2026-07-23 10:46:00,SUCCESS,UPI,NONE
TXN003747,C0681,P015,2999.0,2026-05-03 02:26:00,SUCCESS,UPI,NONE
TXN003748,C0375,P004,3499.0,2026-03-16 02:56:00,SUCCESS,UPI,NONE
TXN003749,C0274,P017,849.0,2026-07-22 06:00:00,SUCCESS,UPI,NONE
TXN003750,C0133,P020,1699.0,2026-06-10 15:27:00,SUCCESS,DEBIT_CARD,NONE
TXN003751,C0826,P009,1899.0,2026-08-03 17:34:00,SUCCESS,UPI,NONE
TXN003752,C0226,P006,2899.0,2026-05-14 11:13:00,SUCCESS,CREDIT_CARD,NONE
TXN003753,C0386,P020,1699.0,2026-06-21 06:31:00,SUCCESS,UPI,NONE
TXN003754,C0951,P017,849.0,2026-07-09 08:06:00,SUCCESS,WALLET,NONE
TXN003755,C0003,P013,1999.0,2026-05-20 06:07:00,SUCCESS,UPI,NONE
TXN003756,C0658,P003,2499.0,2026-05-28 09:09:00,SUCCESS,UPI,NONE
TXN003757,C0783,P003,2499.0,2026-05-03 18:28:00,SUCCESS,UPI,NONE
TXN003758,C0908,P013,1999.0,2026-05-31 01:24:00,SUCCESS,UPI,NONE
TXN003759,C0608,P001,4999.0,2026-05-16 07:45:00,SUCCESS,UPI,NONE
TXN003760,C0226,P016,999.0,2026-07-31 21:21:00,SUCCESS,UPI,NONE
TXN003761,C0156,P006,2899.0,2026-07-03 20:17:00,SUCCESS,DEBIT_CARD,NONE
TXN003762,C0726,P014,799.0,2026-06-12 03:05:00,SUCCESS,CREDIT_CARD,NONE
TXN003763,C0654,P015,2999.0,2026-08-16 14:04:00,SUCCESS,UPI,NONE
TXN003764,C0458,P019,749.0,2026-06-09 13:44:00,SUCCESS,UPI,NONE
TXN003765,C0431,P016,999.0,2026-06-12 01:48:00,SUCCESS,UPI,NONE
TXN003766,C0839,P018,3899.0,2026-04-14 16:17:00,SUCCESS,UPI,NONE
TXN003767,C0216,P015,2999.0,2026-04-22 09:38:00,SUCCESS,UPI,NONE
TXN003768,C0617,P002,699.0,2026-04-10 17:41:00,REFUNDED,UPI,FULL
TXN003769,C0781,P013,1999.0,2026-07-19 23:08:00,SUCCESS,UPI,NONE
TXN003770,C0564,P017,849.0,2026-05-09 22:47:00,SUCCESS,UPI,NONE
TXN003771,C0983,P001,4999.0,2026-03-08 20:35:00,SUCCESS,UPI,NONE
TXN003772,C0409,P004,3499.0,2026-07-16 08:01:00,SUCCESS,CREDIT_CARD,NONE
TXN003773,C0029,P011,649.0,2026-08-08 18:04:00,SUCCESS,CREDIT_CARD,NONE
TXN003774,C0951,P019,749.0,2026-03-18 18:27:00,SUCCESS,CREDIT_CARD,NONE
TXN003775,C0803,P004,3499.0,2026-04-23 07:08:00,SUCCESS,CREDIT_CARD,NONE
TXN003776,C0501,P001,4999.0,2026-05-20 23:15:00,FAILED,CREDIT_CARD,NONE
TXN003777,C0895,P004,3499.0,2026-08-18 21:23:00,SUCCESS,UPI,NONE
TXN003778,C0151,P019,749.0,2026-04-11 07:36:00,SUCCESS,UPI,NONE
TXN003779,C0230,P009,1899.0,2026-04-22 14:01:00,SUCCESS,DEBIT_CARD,NONE
TXN003780,C0623,P015,2999.0,2026-08-20 04:15:00,SUCCESS,UPI,NONE
TXN003781,C0336,P015,2999.0,2026-04-22 16:34:00,SUCCESS,DEBIT_CARD,NONE
TXN003782,C0886,P008,1299.0,2026-07-14 01:38:00,SUCCESS,CREDIT_CARD,NONE
TXN003783,C0499,P015,2999.0,2026-07-01 12:54:00,SUCCESS,CREDIT_CARD,NONE
TXN003784,C0674,P007,1499.0,2026-08-06 01:39:00,SUCCESS,UPI,NONE
TXN003785,C0865,P011,649.0,2026-05-10 14:03:00,SUCCESS,UPI,NONE
TXN003786,C0096,P017,849.0,2026-04-30 16:22:00,SUCCESS,CREDIT_CARD,NONE
TXN003787,C0529,P009,1899.0,2026-06-21 03:58:00,REFUNDED,UPI,FULL
TXN003788,C0551,P007,1499.0,2026-08-05 09:41:00,SUCCESS,UPI,NONE
TXN003789,C0974,P002,699.0,2026-03-17 13:54:00,FAILED,CREDIT_CARD,NONE
TXN003790,C0872,P002,699.0,2026-07-11 23:26:00,SUCCESS,WALLET,NONE
TXN003791,C0643,P013,1999.0,2026-04-16 16:56:00,SUCCESS,CREDIT_CARD,NONE
TXN003792,C0449,P015,2999.0,2026-03-25 21:26:00,SUCCESS,UPI,NONE
TXN003793,C0238,P010,899.0,2026-03-24 03:38:00,SUCCESS,UPI,NONE
TXN003794,C0422,P016,999.0,2026-04-06 02:59:00,REFUNDED,DEBIT_CARD,FULL
TXN003795,C0840,P014,799.0,2026-05-14 02:08:00,SUCCESS,UPI,NONE
TXN003796,C0961,P005,1199.0,2026-03-28 01:30:00,SUCCESS,UPI,NONE
TXN003797,C0678,P007,1499.0,2026-08-01 00:23:00,SUCCESS,NET_BANKING,NONE
TXN003798,C0724,P006,2899.0,2026-03-30 13:18:00,SUCCESS,UPI,NONE
TXN003799,C0107,P017,849.0,2026-05-22 18:11:00,SUCCESS,CREDIT_CARD,NONE
TXN003800,C0140,P019,749.0,2026-08-09 01:25:00,SUCCESS,UPI,NONE
TXN003801,C0312,P006,2899.0,2026-07-04 04:49:00,SUCCESS,UPI,NONE
TXN003802,C0755,P012,1799.0,2026-08-13 18:38:00,SUCCESS,CREDIT_CARD,NONE
TXN003803,C0254,P019,749.0,2026-05-12 23:59:00,FAILED,NET_BANKING,NONE
TXN003804,C0299,P013,1999.0,2026-05-02 13:44:00,SUCCESS,UPI,NONE
TXN003805,C0354,P019,749.0,2026-05-31 18:42:00,FAILED,CREDIT_CARD,NONE
TXN003806,C0275,P020,1699.0,2026-08-01 22:56:00,SUCCESS,UPI,NONE
TXN003807,C0972,P006,2899.0,2026-07-20 09:28:00,SUCCESS,CREDIT_CARD,NONE
TXN003808,C0566,P003,2499.0,2026-03-19 02:03:00,SUCCESS,WALLET,NONE
TXN003809,C0782,P010,899.0,2026-06-21 14:30:00,SUCCESS,UPI,NONE
TXN003810,C0723,P019,749.0,2026-06-26 18:47:00,SUCCESS,CREDIT_CARD,NONE
TXN003811,C0295,P001,4999.0,2026-07-29 17:09:00,SUCCESS,CREDIT_CARD,NONE
TXN003812,C0415,P010,899.0,2026-03-13 15:45:00,SUCCESS,WALLET,NONE
TXN003813,C0030,P005,1199.0,2026-05-14 15:38:00,SUCCESS,NET_BANKING,NONE
TXN003814,C0589,P019,749.0,2026-05-24 13:08:00,SUCCESS,UPI,NONE
TXN003815,C0194,P014,799.0,2026-05-26 21:31:00,SUCCESS,UPI,NONE
TXN003816,C0426,P014,799.0,2026-05-12 10:00:00,SUCCESS,UPI,NONE
TXN003817,C0404,P008,1299.0,2026-06-21 06:09:00,SUCCESS,NET_BANKING,NONE
TXN003818,C0813,P005,1199.0,2026-07-27 14:16:00,SUCCESS,WALLET,NONE
TXN003819,C0603,P018,3899.0,2026-08-21 09:03:00,SUCCESS,WALLET,NONE
TXN003820,C0996,P014,799.0,2026-04-12 04:03:00,SUCCESS,UPI,NONE
TXN003821,C0759,P001,4999.0,2026-08-06 20:05:00,SUCCESS,UPI,NONE
TXN003822,C0154,P010,899.0,2026-06-21 23:53:00,SUCCESS,UPI,NONE
TXN003823,C0169,P007,1499.0,2026-06-30 00:56:00,SUCCESS,UPI,NONE
TXN003824,C0930,P012,1799.0,2026-05-12 02:52:00,SUCCESS,DEBIT_CARD,NONE
TXN003825,C0054,P004,3499.0,2026-04-12 23:45:00,SUCCESS,UPI,NONE
TXN003826,C0224,P003,2499.0,2026-04-07 17:10:00,SUCCESS,CREDIT_CARD,NONE
TXN003827,C0659,P013,1999.0,2026-03-27 15:39:00,SUCCESS,UPI,NONE
TXN003828,C0655,P006,2899.0,2026-04-28 14:32:00,SUCCESS,UPI,NONE
TXN003829,C0832,P003,2499.0,2026-06-15 16:58:00,FAILED,UPI,NONE
TXN003830,C0003,P006,2899.0,2026-06-07 01:56:00,REFUNDED,CREDIT_CARD,FULL
TXN003831,C0852,P009,1899.0,2026-06-18 14:44:00,SUCCESS,DEBIT_CARD,NONE
TXN003832,C0145,P006,2899.0,2026-04-16 18:46:00,SUCCESS,UPI,NONE
TXN003833,C0774,P008,1299.0,2026-07-03 09:44:00,SUCCESS,NET_BANKING,NONE
TXN003834,C0749,P003,2499.0,2026-05-27 14:30:00,SUCCESS,UPI,NONE
TXN003835,C0153,P012,1799.0,2026-08-08 08:44:00,SUCCESS,CREDIT_CARD,NONE
TXN003836,C0539,P017,849.0,2026-05-03 17:08:00,SUCCESS,UPI,NONE
TXN003837,C0896,P001,4999.0,2026-06-18 11:23:00,SUCCESS,UPI,NONE
TXN003838,C0508,P014,799.0,2026-05-15 08:28:00,SUCCESS,UPI,NONE
TXN003839,C0824,P012,1799.0,2026-04-25 10:57:00,SUCCESS,UPI,NONE
TXN003840,C0492,P008,1299.0,2026-08-10 02:47:00,SUCCESS,UPI,NONE
TXN003841,C0961,P003,2499.0,2026-06-28 04:33:00,SUCCESS,UPI,NONE
TXN003842,C0647,P004,3499.0,2026-08-27 20:09:00,SUCCESS,UPI,NONE
TXN003843,C0100,P002,699.0,2026-03-26 14:35:00,SUCCESS,CREDIT_CARD,NONE
TXN003844,C0309,P005,1199.0,2026-06-07 21:07:00,SUCCESS,UPI,NONE
TXN003845,C0668,P001,4999.0,2026-07-25 22:08:00,SUCCESS,UPI,NONE
TXN003846,C0947,P003,2499.0,2026-05-28 03:49:00,SUCCESS,CREDIT_CARD,NONE
TXN003847,C0414,P002,699.0,2026-08-18 06:48:00,FAILED,UPI,NONE
TXN003848,C0896,P011,649.0,2026-03-18 13:39:00,SUCCESS,DEBIT_CARD,NONE
TXN003849,C0335,P005,1199.0,2026-07-19 02:13:00,SUCCESS,UPI,NONE
TXN003850,C0158,P001,4999.0,2026-05-19 22:30:00,SUCCESS,UPI,NONE
TXN003851,C0263,P011,649.0,2026-04-02 17:51:00,REFUNDED,UPI,FULL
TXN003852,C0412,P014,799.0,2026-06-29 05:06:00,SUCCESS,CREDIT_CARD,NONE
TXN003853,C0139,P005,1199.0,2026-06-21 10:58:00,SUCCESS,WALLET,NONE
TXN003854,C0602,P005,1199.0,2026-07-14 14:49:00,SUCCESS,UPI,NONE
TXN003855,C0671,P001,4999.0,2026-08-06 14:13:00,SUCCESS,UPI,NONE
TXN003856,C0078,P004,3499.0,2026-07-09 03:26:00,SUCCESS,UPI,NONE
TXN003857,C0104,P007,1499.0,2026-07-03 15:49:00,SUCCESS,UPI,NONE
TXN003858,C0979,P004,3499.0,2026-07-08 06:45:00,SUCCESS,CREDIT_CARD,NONE
TXN003859,C0853,P014,799.0,2026-03-11 02:39:00,SUCCESS,UPI,NONE
TXN003860,C0513,P013,1999.0,2026-06-16 02:21:00,SUCCESS,UPI,NONE
TXN003861,C0178,P009,1899.0,2026-04-03 19:33:00,SUCCESS,UPI,NONE
TXN003862,C0764,P002,699.0,2026-04-04 00:45:00,SUCCESS,UPI,NONE
TXN003863,C0687,P016,999.0,2026-03-24 04:43:00,SUCCESS,CREDIT_CARD,NONE
TXN003864,C0641,P012,1799.0,2026-07-16 16:30:00,SUCCESS,DEBIT_CARD,NONE
TXN003865,C0855,P003,2499.0,2026-06-06 13:49:00,REFUNDED,WALLET,FULL
TXN003866,C0414,P012,1799.0,2026-06-06 17:06:00,SUCCESS,UPI,NONE
TXN003867,C0919,P013,1999.0,2026-07-22 00:10:00,SUCCESS,UPI,NONE
TXN003868,C0063,P020,1699.0,2026-05-16 22:41:00,SUCCESS,UPI,NONE
TXN003869,C0379,P008,1299.0,2026-06-28 23:06:00,SUCCESS,UPI,NONE
TXN003870,C0296,P015,2999.0,2026-06-22 23:33:00,SUCCESS,CREDIT_CARD,NONE
TXN003871,C0347,P007,1499.0,2026-04-09 17:16:00,FAILED,CREDIT_CARD,NONE
TXN003872,C0781,P019,749.0,2026-04-12 01:13:00,SUCCESS,UPI,NONE
TXN003873,C0899,P013,1999.0,2026-04-26 17:51:00,SUCCESS,UPI,NONE
TXN003874,C0084,P006,2899.0,2026-03-19 21:05:00,FAILED,CREDIT_CARD,NONE
TXN003875,C0763,P018,3899.0,2026-07-05 01:43:00,SUCCESS,UPI,NONE
TXN003876,C0421,P018,3899.0,2026-06-07 19:13:00,SUCCESS,UPI,NONE
TXN003877,C0027,P014,799.0,2026-08-05 23:14:00,SUCCESS,UPI,NONE
TXN003878,C0482,P019,749.0,2026-03-21 04:21:00,SUCCESS,UPI,NONE
TXN003879,C0560,P003,2499.0,2026-05-17 08:38:00,SUCCESS,DEBIT_CARD,NONE
TXN003880,C0513,P003,2499.0,2026-08-05 23:03:00,SUCCESS,CREDIT_CARD,NONE
TXN003881,C0712,P015,2999.0,2026-08-09 11:45:00,SUCCESS,UPI,NONE
TXN003882,C0486,P005,1199.0,2026-05-26 10:30:00,SUCCESS,CREDIT_CARD,NONE
TXN003883,C0792,P001,4999.0,2026-08-07 03:26:00,SUCCESS,UPI,NONE
TXN003884,C0982,P018,3899.0,2026-08-26 18:03:00,SUCCESS,UPI,NONE
TXN003885,C0588,P007,1499.0,2026-08-01 07:53:00,SUCCESS,WALLET,NONE
TXN003886,C0202,P019,749.0,2026-06-15 21:35:00,SUCCESS,UPI,NONE
TXN003887,C0859,P005,1199.0,2026-04-04 15:50:00,SUCCESS,UPI,NONE
TXN003888,C0353,P013,1999.0,2026-07-10 05:22:00,SUCCESS,UPI,NONE
TXN003889,C0954,P019,749.0,2026-04-02 15:03:00,SUCCESS,UPI,NONE
TXN003890,C0841,P019,749.0,2026-06-24 19:06:00,REFUNDED,CREDIT_CARD,FULL
TXN003891,C0113,P006,2899.0,2026-03-19 22:16:00,SUCCESS,DEBIT_CARD,NONE
TXN003892,C0581,P015,2999.0,2026-08-08 16:34:00,SUCCESS,UPI,NONE
TXN003893,C0422,P018,3899.0,2026-07-05 05:39:00,SUCCESS,UPI,NONE
TXN003894,C0108,P013,1999.0,2026-08-04 06:38:00,SUCCESS,CREDIT_CARD,NONE
TXN003895,C0117,P013,1999.0,2026-06-28 17:22:00,SUCCESS,UPI,NONE
TXN003896,C0780,P003,2499.0,2026-07-13 04:46:00,SUCCESS,UPI,NONE
TXN003897,C0488,P014,799.0,2026-04-29 14:09:00,SUCCESS,UPI,NONE
TXN003898,C0547,P004,3499.0,2026-06-20 10:08:00,SUCCESS,UPI,NONE
TXN003899,C0272,P003,2499.0,2026-08-16 09:05:00,SUCCESS,UPI,NONE
TXN003900,C0039,P003,2499.0,2026-06-27 18:55:00,SUCCESS,UPI,NONE
TXN003901,C0290,P019,749.0,2026-03-16 13:23:00,SUCCESS,CREDIT_CARD,NONE
TXN003902,C0026,P002,699.0,2026-06-12 15:03:00,SUCCESS,NET_BANKING,NONE
TXN003903,C0040,P005,1199.0,2026-04-17 18:07:00,SUCCESS,DEBIT_CARD,NONE
TXN003904,C0949,P004,3499.0,2026-05-19 18:58:00,SUCCESS,CREDIT_CARD,NONE
TXN003905,C0636,P020,1699.0,2026-08-21 04:42:00,FAILED,UPI,NONE
TXN003906,C0265,P017,849.0,2026-06-08 02:25:00,SUCCESS,UPI,NONE
TXN003907,C0062,P007,1499.0,2026-06-11 05:56:00,SUCCESS,UPI,NONE
TXN003908,C0580,P004,3499.0,2026-04-28 17:54:00,SUCCESS,UPI,NONE
TXN003909,C0061,P003,2499.0,2026-06-09 20:54:00,SUCCESS,DEBIT_CARD,NONE
TXN003910,C0810,P016,999.0,2026-08-02 05:04:00,SUCCESS,UPI,NONE
TXN003911,C0597,P010,899.0,2026-08-27 07:41:00,SUCCESS,DEBIT_CARD,NONE
TXN003912,C0005,P006,2899.0,2026-04-19 18:09:00,SUCCESS,CREDIT_CARD,NONE
TXN003913,C0123,P005,1199.0,2026-04-16 21:06:00,SUCCESS,CREDIT_CARD,NONE
TXN003914,C0931,P016,999.0,2026-03-06 09:11:00,SUCCESS,NET_BANKING,NONE
TXN003915,C0447,P016,999.0,2026-04-23 00:29:00,SUCCESS,UPI,NONE
TXN003916,C0193,P020,1699.0,2026-08-13 04:25:00,SUCCESS,CREDIT_CARD,NONE
TXN003917,C0941,P016,999.0,2026-06-14 16:53:00,SUCCESS,CREDIT_CARD,NONE
TXN003918,C0802,P019,749.0,2026-06-19 06:45:00,SUCCESS,CREDIT_CARD,NONE
TXN003919,C0291,P002,699.0,2026-08-11 13:45:00,SUCCESS,UPI,NONE
TXN003920,C0340,P002,699.0,2026-05-17 16:18:00,SUCCESS,UPI,NONE
TXN003921,C0398,P003,2499.0,2026-05-18 18:44:00,SUCCESS,CREDIT_CARD,NONE
TXN003922,C0331,P006,2899.0,2026-03-16 20:13:00,SUCCESS,UPI,NONE
TXN003923,C0143,P012,1799.0,2026-06-19 20:14:00,FAILED,CREDIT_CARD,NONE
TXN003924,C0598,P018,3899.0,2026-03-31 13:21:00,SUCCESS,UPI,NONE
TXN003925,C0932,P012,1799.0,2026-05-13 23:22:00,SUCCESS,UPI,NONE
TXN003926,C0973,P020,1699.0,2026-07-06 10:59:00,SUCCESS,UPI,NONE
TXN003927,C0644,P011,649.0,2026-05-12 21:38:00,FAILED,NET_BANKING,NONE
TXN003928,C0375,P012,1799.0,2026-04-24 02:04:00,REFUNDED,UPI,FULL
TXN003929,C0460,P003,2499.0,2026-05-07 07:36:00,SUCCESS,UPI,NONE
TXN003930,C0371,P013,1999.0,2026-05-30 11:44:00,SUCCESS,UPI,NONE
TXN003931,C0024,P002,699.0,2026-08-10 02:06:00,FAILED,WALLET,NONE
TXN003932,C0859,P008,1299.0,2026-08-29 23:28:00,FAILED,CREDIT_CARD,NONE
TXN003933,C0267,P002,699.0,2026-03-04 19:32:00,SUCCESS,CREDIT_CARD,NONE
TXN003934,C0006,P001,4999.0,2026-03-20 22:34:00,SUCCESS,UPI,NONE
TXN003935,C0279,P004,3499.0,2026-04-29 07:26:00,SUCCESS,UPI,NONE
TXN003936,C0173,P007,1499.0,2026-04-24 12:53:00,SUCCESS,UPI,NONE
TXN003937,C0676,P006,2899.0,2026-07-27 04:51:00,SUCCESS,UPI,NONE
TXN003938,C0570,P005,1199.0,2026-06-20 11:26:00,SUCCESS,UPI,NONE
TXN003939,C0160,P017,849.0,2026-07-13 00:22:00,SUCCESS,UPI,NONE
TXN003940,C0002,P009,1899.0,2026-08-08 10:14:00,SUCCESS,CREDIT_CARD,NONE
TXN003941,C0620,P004,3499.0,2026-07-04 00:04:00,SUCCESS,CREDIT_CARD,NONE
TXN003942,C0959,P008,1299.0,2026-06-03 14:59:00,FAILED,DEBIT_CARD,NONE
TXN003943,C0199,P011,649.0,2026-05-10 07:50:00,SUCCESS,CREDIT_CARD,NONE
TXN003944,C0135,P001,4999.0,2026-05-12 02:53:00,FAILED,CREDIT_CARD,NONE
TXN003945,C0980,P016,999.0,2026-04-11 10:22:00,SUCCESS,CREDIT_CARD,NONE
TXN003946,C0030,P005,1199.0,2026-04-15 11:06:00,SUCCESS,UPI,NONE
TXN003947,C0105,P020,1699.0,2026-06-18 13:39:00,SUCCESS,UPI,NONE
TXN003948,C0341,P005,1199.0,2026-04-23 08:01:00,SUCCESS,CREDIT_CARD,NONE
TXN003949,C0570,P014,799.0,2026-05-07 02:14:00,SUCCESS,DEBIT_CARD,NONE
TXN003950,C0038,P006,2899.0,2026-08-09 15:28:00,FAILED,CREDIT_CARD,NONE
TXN003951,C0024,P013,1999.0,2026-07-06 00:29:00,SUCCESS,WALLET,NONE
TXN003952,C0728,P001,4999.0,2026-03-12 04:31:00,SUCCESS,UPI,NONE
TXN003953,C0684,P005,1199.0,2026-08-07 04:08:00,SUCCESS,CREDIT_CARD,NONE
TXN003954,C0736,P015,2999.0,2026-06-28 04:08:00,SUCCESS,CREDIT_CARD,NONE
TXN003955,C0015,P011,649.0,2026-06-07 18:40:00,FAILED,NET_BANKING,NONE
TXN003956,C0607,P019,749.0,2026-06-13 13:11:00,SUCCESS,UPI,NONE
TXN003957,C0192,P019,749.0,2026-08-30 22:22:00,SUCCESS,NET_BANKING,NONE
TXN003958,C0051,P010,899.0,2026-06-01 07:27:00,SUCCESS,UPI,NONE
TXN003959,C0016,P013,1999.0,2026-08-13 12:57:00,SUCCESS,UPI,NONE
TXN003960,C0247,P008,1299.0,2026-05-08 03:37:00,SUCCESS,UPI,NONE
TXN003961,C0409,P011,649.0,2026-07-25 21:34:00,SUCCESS,UPI,NONE
TXN003962,C0680,P018,3899.0,2026-08-14 02:23:00,SUCCESS,DEBIT_CARD,NONE
TXN003963,C0367,P008,1299.0,2026-03-22 11:28:00,SUCCESS,UPI,NONE
TXN003964,C0409,P020,1699.0,2026-03-27 06:20:00,SUCCESS,UPI,NONE
TXN003965,C0276,P010,899.0,2026-05-05 20:05:00,SUCCESS,DEBIT_CARD,NONE
TXN003966,C0898,P001,4999.0,2026-04-17 02:17:00,SUCCESS,UPI,NONE
TXN003967,C0923,P009,1899.0,2026-07-18 05:41:00,SUCCESS,UPI,NONE
TXN003968,C0281,P003,2499.0,2026-05-06 13:52:00,SUCCESS,UPI,NONE
TXN003969,C0351,P008,1299.0,2026-05-21 16:54:00,SUCCESS,UPI,NONE
TXN003970,C0470,P010,899.0,2026-04-04 11:36:00,SUCCESS,UPI,NONE
TXN003971,C0829,P013,1999.0,2026-08-28 06:43:00,SUCCESS,UPI,NONE
TXN003972,C0245,P007,1499.0,2026-07-05 14:51:00,SUCCESS,CREDIT_CARD,NONE
TXN003973,C0615,P010,899.0,2026-06-01 06:01:00,SUCCESS,UPI,NONE
TXN003974,C0656,P018,3899.0,2026-07-26 19:36:00,SUCCESS,UPI,NONE
TXN003975,C0934,P005,1199.0,2026-03-29 22:35:00,SUCCESS,UPI,NONE
TXN003976,C0633,P020,1699.0,2026-08-07 21:50:00,SUCCESS,UPI,NONE
TXN003977,C0161,P020,1699.0,2026-07-27 07:59:00,SUCCESS,UPI,NONE
TXN003978,C0555,P006,2899.0,2026-08-01 00:17:00,SUCCESS,UPI,NONE
TXN003979,C0416,P013,1999.0,2026-03-30 05:30:00,SUCCESS,DEBIT_CARD,NONE
TXN003980,C0406,P008,1299.0,2026-07-30 00:12:00,SUCCESS,UPI,NONE
TXN003981,C0860,P008,1299.0,2026-04-03 06:28:00,SUCCESS,UPI,NONE
TXN003982,C0961,P012,1799.0,2026-08-30 06:51:00,SUCCESS,UPI,NONE
TXN003983,C0600,P002,699.0,2026-08-03 17:45:00,SUCCESS,CREDIT_CARD,NONE
TXN003984,C0634,P008,1299.0,2026-04-27 16:29:00,SUCCESS,UPI,NONE
TXN003985,C0060,P001,4999.0,2026-07-14 13:23:00,SUCCESS,CREDIT_CARD,NONE
TXN003986,C0386,P005,1199.0,2026-07-15 01:36:00,SUCCESS,CREDIT_CARD,NONE
TXN003987,C0717,P016,999.0,2026-08-14 19:13:00,FAILED,UPI,NONE
TXN003988,C0003,P015,2999.0,2026-04-04 16:09:00,SUCCESS,DEBIT_CARD,NONE
TXN003989,C0293,P012,1799.0,2026-07-07 07:13:00,FAILED,UPI,NONE
TXN003990,C0477,P018,3899.0,2026-08-12 02:39:00,SUCCESS,UPI,NONE
TXN003991,C0295,P008,1299.0,2026-05-10 11:10:00,SUCCESS,CREDIT_CARD,NONE
TXN003992,C0968,P012,1799.0,2026-07-11 14:21:00,SUCCESS,CREDIT_CARD,NONE
TXN003993,C0083,P015,2999.0,2026-04-25 22:34:00,SUCCESS,CREDIT_CARD,NONE
TXN003994,C0353,P006,2899.0,2026-03-15 20:19:00,SUCCESS,DEBIT_CARD,NONE
TXN003995,C0129,P001,4999.0,2026-04-06 06:25:00,SUCCESS,UPI,NONE
TXN003996,C0329,P016,999.0,2026-04-13 10:34:00,SUCCESS,CREDIT_CARD,NONE
TXN003997,C0640,P002,699.0,2026-07-23 07:45:00,SUCCESS,UPI,NONE
TXN003998,C0490,P018,3899.0,2026-03-09 21:59:00,SUCCESS,UPI,NONE
TXN003999,C0648,P014,799.0,2026-07-10 01:45:00,SUCCESS,UPI,NONE
TXN004000,C0498,P004,3499.0,2026-04-15 00:23:00,SUCCESS,UPI,NONE
TXN004001,C0388,P017,849.0,2026-06-19 15:28:00,SUCCESS,UPI,NONE
TXN004002,C0510,P003,2499.0,2026-08-10 02:06:00,SUCCESS,UPI,NONE
TXN004003,C0023,P002,699.0,2026-08-23 12:45:00,SUCCESS,UPI,NONE
TXN004004,C0931,P008,1299.0,2026-04-07 18:24:00,SUCCESS,DEBIT_CARD,NONE
TXN004005,C0250,P003,2499.0,2026-07-09 07:44:00,SUCCESS,UPI,NONE
TXN004006,C0642,P017,849.0,2026-05-25 23:21:00,REFUNDED,UPI,FULL
TXN004007,C0774,P018,3899.0,2026-06-26 08:29:00,SUCCESS,CREDIT_CARD,NONE
TXN004008,C0700,P016,999.0,2026-05-18 01:24:00,REFUNDED,UPI,FULL
TXN004009,C0918,P007,1499.0,2026-04-19 07:58:00,SUCCESS,UPI,NONE
TXN004010,C0684,P001,4999.0,2026-05-24 00:50:00,SUCCESS,CREDIT_CARD,NONE
TXN004011,C0189,P014,799.0,2026-05-10 04:05:00,SUCCESS,DEBIT_CARD,NONE
TXN004012,C0148,P016,999.0,2026-07-16 03:40:00,SUCCESS,NET_BANKING,NONE
TXN004013,C0828,P008,1299.0,2026-04-28 00:17:00,FAILED,UPI,NONE
TXN004014,C0629,P016,999.0,2026-05-18 03:27:00,SUCCESS,UPI,NONE
TXN004015,C0437,P006,2899.0,2026-07-20 03:08:00,SUCCESS,CREDIT_CARD,NONE
TXN004016,C0377,P004,3499.0,2026-08-26 02:34:00,SUCCESS,CREDIT_CARD,NONE
TXN004017,C0982,P014,799.0,2026-04-05 07:24:00,SUCCESS,UPI,NONE
TXN004018,C0952,P011,649.0,2026-08-03 07:08:00,SUCCESS,CREDIT_CARD,NONE
TXN004019,C0785,P005,1199.0,2026-05-08 22:15:00,SUCCESS,UPI,NONE
TXN004020,C0237,P011,649.0,2026-03-05 11:21:00,SUCCESS,UPI,NONE
TXN004021,C0264,P009,1899.0,2026-07-27 09:52:00,SUCCESS,UPI,NONE
TXN004022,C0890,P012,1799.0,2026-08-30 06:51:00,SUCCESS,CREDIT_CARD,NONE
TXN004023,C0506,P015,2999.0,2026-04-12 13:01:00,SUCCESS,DEBIT_CARD,NONE
TXN004024,C0716,P001,4999.0,2026-06-19 00:29:00,SUCCESS,CREDIT_CARD,NONE
TXN004025,C0899,P005,1199.0,2026-05-28 08:05:00,SUCCESS,UPI,NONE
TXN004026,C0054,P015,2999.0,2026-08-25 05:46:00,SUCCESS,CREDIT_CARD,NONE
TXN004027,C0096,P010,899.0,2026-05-07 18:17:00,FAILED,DEBIT_CARD,NONE
TXN004028,C0793,P008,1299.0,2026-07-12 21:19:00,SUCCESS,CREDIT_CARD,NONE
TXN004029,C0058,P019,749.0,2026-03-05 13:43:00,SUCCESS,UPI,NONE
TXN004030,C0405,P016,999.0,2026-05-20 12:32:00,SUCCESS,UPI,NONE
TXN004031,C0646,P008,1299.0,2026-03-13 07:06:00,REFUNDED,DEBIT_CARD,FULL
TXN004032,C0533,P014,799.0,2026-07-11 11:53:00,SUCCESS,UPI,NONE
TXN004033,C0813,P005,1199.0,2026-08-25 10:03:00,SUCCESS,DEBIT_CARD,NONE
TXN004034,C0300,P017,849.0,2026-06-24 07:36:00,SUCCESS,CREDIT_CARD,NONE
TXN004035,C0891,P018,3899.0,2026-07-10 05:12:00,SUCCESS,UPI,NONE
TXN004036,C0692,P019,749.0,2026-05-26 11:10:00,FAILED,UPI,NONE
TXN004037,C0511,P003,2499.0,2026-03-06 05:36:00,SUCCESS,UPI,NONE
TXN004038,C0694,P009,1899.0,2026-03-29 02:03:00,FAILED,UPI,NONE
TXN004039,C0025,P018,3899.0,2026-05-28 22:43:00,SUCCESS,UPI,NONE
TXN004040,C0117,P007,1499.0,2026-07-25 03:21:00,SUCCESS,UPI,NONE
TXN004041,C0930,P019,749.0,2026-07-07 00:57:00,FAILED,DEBIT_CARD,NONE
TXN004042,C0080,P004,3499.0,2026-06-08 02:35:00,SUCCESS,UPI,NONE
TXN004043,C0922,P017,849.0,2026-03-07 13:19:00,SUCCESS,UPI,NONE
TXN004044,C0222,P017,849.0,2026-04-22 17:20:00,SUCCESS,CREDIT_CARD,NONE
TXN004045,C0293,P009,1899.0,2026-03-21 09:57:00,SUCCESS,UPI,NONE
TXN004046,C0066,P012,1799.0,2026-05-19 23:03:00,SUCCESS,UPI,NONE
TXN004047,C0219,P011,649.0,2026-07-13 19:20:00,SUCCESS,CREDIT_CARD,NONE
TXN004048,C0662,P007,1499.0,2026-05-01 02:31:00,SUCCESS,UPI,NONE
TXN004049,C0202,P002,699.0,2026-03-24 16:00:00,SUCCESS,UPI,NONE
TXN004050,C0954,P011,649.0,2026-05-26 02:32:00,SUCCESS,UPI,NONE
TXN004051,C0462,P018,3899.0,2026-06-25 10:55:00,SUCCESS,NET_BANKING,NONE
TXN004052,C0159,P015,2999.0,2026-03-16 08:35:00,SUCCESS,DEBIT_CARD,NONE
TXN004053,C0573,P007,1499.0,2026-04-29 13:54:00,SUCCESS,UPI,NONE
TXN004054,C0529,P013,1999.0,2026-05-14 19:33:00,SUCCESS,UPI,NONE
TXN004055,C0482,P013,1999.0,2026-05-11 00:23:00,SUCCESS,CREDIT_CARD,NONE
TXN004056,C0680,P007,1499.0,2026-07-21 22:56:00,SUCCESS,UPI,NONE
TXN004057,C0329,P001,4999.0,2026-06-06 18:47:00,SUCCESS,UPI,NONE
TXN004058,C0660,P018,3899.0,2026-08-13 17:38:00,SUCCESS,UPI,NONE
TXN004059,C0154,P018,3899.0,2026-05-29 04:37:00,REFUNDED,NET_BANKING,FULL
TXN004060,C0593,P019,749.0,2026-04-23 06:42:00,SUCCESS,UPI,NONE
TXN004061,C0146,P004,3499.0,2026-05-03 13:30:00,SUCCESS,UPI,NONE
TXN004062,C0698,P011,649.0,2026-04-15 03:01:00,SUCCESS,UPI,NONE
TXN004063,C0620,P007,1499.0,2026-08-30 06:00:00,SUCCESS,UPI,NONE
TXN004064,C0210,P006,2899.0,2026-05-05 06:30:00,SUCCESS,CREDIT_CARD,NONE
TXN004065,C0574,P008,1299.0,2026-06-27 01:56:00,SUCCESS,CREDIT_CARD,NONE
TXN004066,C0728,P002,699.0,2026-07-20 01:52:00,SUCCESS,DEBIT_CARD,NONE
TXN004067,C0308,P014,799.0,2026-08-04 05:00:00,SUCCESS,CREDIT_CARD,NONE
TXN004068,C0196,P001,4999.0,2026-04-15 17:01:00,SUCCESS,UPI,NONE
TXN004069,C0863,P001,4999.0,2026-03-20 21:12:00,SUCCESS,DEBIT_CARD,NONE
TXN004070,C0733,P006,2899.0,2026-04-29 20:30:00,SUCCESS,UPI,NONE
TXN004071,C0774,P004,3499.0,2026-07-31 19:42:00,SUCCESS,UPI,NONE
TXN004072,C0751,P016,999.0,2026-03-16 19:02:00,SUCCESS,UPI,NONE
TXN004073,C0618,P002,699.0,2026-08-28 21:02:00,SUCCESS,UPI,NONE
TXN004074,C0848,P005,1199.0,2026-06-21 07:48:00,SUCCESS,UPI,NONE
TXN004075,C0222,P002,699.0,2026-06-02 12:18:00,SUCCESS,UPI,NONE
TXN004076,C0679,P015,2999.0,2026-05-03 08:12:00,FAILED,UPI,NONE
TXN004077,C0958,P004,3499.0,2026-03-10 17:23:00,SUCCESS,CREDIT_CARD,NONE
TXN004078,C0374,P020,1699.0,2026-05-12 00:11:00,SUCCESS,UPI,NONE
TXN004079,C0417,P010,899.0,2026-08-20 16:21:00,SUCCESS,CREDIT_CARD,NONE
TXN004080,C0876,P008,1299.0,2026-07-13 02:11:00,SUCCESS,UPI,NONE
TXN004081,C0731,P012,1799.0,2026-07-24 06:01:00,SUCCESS,DEBIT_CARD,NONE
TXN004082,C0142,P013,1999.0,2026-03-09 13:37:00,SUCCESS,UPI,NONE
TXN004083,C0206,P006,2899.0,2026-07-30 09:23:00,SUCCESS,UPI,NONE
TXN004084,C0639,P001,4999.0,2026-05-06 11:37:00,SUCCESS,CREDIT_CARD,NONE
TXN004085,C0250,P014,799.0,2026-08-19 08:39:00,SUCCESS,UPI,NONE
TXN004086,C0118,P003,2499.0,2026-06-08 10:13:00,SUCCESS,CREDIT_CARD,NONE
TXN004087,C0407,P005,1199.0,2026-05-16 11:59:00,SUCCESS,UPI,NONE
TXN004088,C0358,P018,3899.0,2026-04-06 13:47:00,SUCCESS,CREDIT_CARD,NONE
TXN004089,C0932,P011,649.0,2026-03-30 21:05:00,SUCCESS,UPI,NONE
TXN004090,C0226,P011,649.0,2026-06-18 19:28:00,SUCCESS,CREDIT_CARD,NONE
TXN004091,C0916,P003,2499.0,2026-03-31 06:54:00,SUCCESS,UPI,NONE
TXN004092,C0584,P003,2499.0,2026-06-27 23:45:00,SUCCESS,WALLET,NONE
TXN004093,C0947,P014,799.0,2026-03-21 23:06:00,SUCCESS,UPI,NONE
TXN004094,C0832,P005,1199.0,2026-08-26 05:55:00,FAILED,NET_BANKING,NONE
TXN004095,C0837,P014,799.0,2026-05-15 00:51:00,SUCCESS,CREDIT_CARD,NONE
TXN004096,C0403,P018,3899.0,2026-06-07 03:06:00,FAILED,DEBIT_CARD,NONE
TXN004097,C0686,P005,1199.0,2026-06-18 11:58:00,SUCCESS,CREDIT_CARD,NONE
TXN004098,C0753,P005,1199.0,2026-08-25 18:35:00,SUCCESS,CREDIT_CARD,NONE
TXN004099,C0683,P013,1999.0,2026-08-27 01:55:00,SUCCESS,UPI,NONE
TXN004100,C0347,P009,1899.0,2026-07-09 07:29:00,SUCCESS,DEBIT_CARD,NONE
TXN004101,C0668,P007,1499.0,2026-08-16 15:16:00,REFUNDED,CREDIT_CARD,FULL
TXN004102,C0328,P014,799.0,2026-03-17 05:36:00,SUCCESS,UPI,NONE
TXN004103,C0919,P007,1499.0,2026-08-28 09:02:00,SUCCESS,UPI,NONE
TXN004104,C0604,P002,699.0,2026-04-18 16:23:00,SUCCESS,UPI,NONE
TXN004105,C0534,P004,3499.0,2026-08-31 02:06:00,FAILED,DEBIT_CARD,NONE
TXN004106,C0540,P008,1299.0,2026-06-06 13:43:00,SUCCESS,UPI,NONE
TXN004107,C0966,P020,1699.0,2026-07-15 16:17:00,SUCCESS,UPI,NONE
TXN004108,C0051,P009,1899.0,2026-07-05 15:32:00,SUCCESS,UPI,NONE
TXN004109,C0789,P014,799.0,2026-05-23 06:26:00,SUCCESS,DEBIT_CARD,NONE
TXN004110,C0808,P003,2499.0,2026-07-27 07:17:00,SUCCESS,CREDIT_CARD,NONE
TXN004111,C0358,P019,749.0,2026-06-14 21:03:00,SUCCESS,CREDIT_CARD,NONE
TXN004112,C0469,P001,4999.0,2026-06-03 13:46:00,SUCCESS,UPI,NONE
TXN004113,C0091,P002,699.0,2026-06-02 14:25:00,SUCCESS,NET_BANKING,NONE
TXN004114,C0760,P008,1299.0,2026-08-28 16:33:00,SUCCESS,UPI,NONE
TXN004115,C0459,P020,1699.0,2026-04-25 02:52:00,SUCCESS,UPI,NONE
TXN004116,C0128,P010,899.0,2026-07-26 14:33:00,SUCCESS,UPI,NONE
TXN004117,C0418,P012,1799.0,2026-03-19 11:12:00,SUCCESS,CREDIT_CARD,NONE
TXN004118,C0498,P014,799.0,2026-04-30 13:05:00,SUCCESS,UPI,NONE
TXN004119,C0408,P005,1199.0,2026-03-15 19:26:00,SUCCESS,CREDIT_CARD,NONE
TXN004120,C0950,P008,1299.0,2026-05-12 18:27:00,SUCCESS,DEBIT_CARD,NONE
TXN004121,C0026,P003,2499.0,2026-03-16 23:04:00,SUCCESS,CREDIT_CARD,NONE
TXN004122,C0471,P013,1999.0,2026-07-17 17:50:00,SUCCESS,UPI,NONE
TXN004123,C0455,P017,849.0,2026-03-07 20:00:00,SUCCESS,UPI,NONE
TXN004124,C0459,P013,1999.0,2026-08-09 23:08:00,SUCCESS,UPI,NONE
TXN004125,C0939,P020,1699.0,2026-03-10 13:26:00,SUCCESS,NET_BANKING,NONE
TXN004126,C0299,P019,749.0,2026-04-04 04:09:00,SUCCESS,UPI,NONE
TXN004127,C0139,P011,649.0,2026-06-04 16:30:00,SUCCESS,UPI,NONE
TXN004128,C0331,P020,1699.0,2026-04-26 23:42:00,SUCCESS,UPI,NONE
TXN004129,C0935,P018,3899.0,2026-05-28 12:26:00,SUCCESS,UPI,NONE
TXN004130,C0075,P010,899.0,2026-07-30 21:54:00,SUCCESS,DEBIT_CARD,NONE
TXN004131,C0338,P016,999.0,2026-04-11 17:48:00,FAILED,UPI,NONE
TXN004132,C0605,P012,1799.0,2026-05-22 00:09:00,SUCCESS,UPI,NONE
TXN004133,C0083,P004,3499.0,2026-06-13 19:33:00,SUCCESS,UPI,NONE
TXN004134,C0370,P002,699.0,2026-08-29 13:22:00,SUCCESS,UPI,NONE
TXN004135,C0721,P006,2899.0,2026-04-19 21:25:00,SUCCESS,DEBIT_CARD,NONE
TXN004136,C0655,P015,2999.0,2026-08-18 15:46:00,SUCCESS,CREDIT_CARD,NONE
TXN004137,C0604,P007,1499.0,2026-08-27 08:54:00,SUCCESS,CREDIT_CARD,NONE
TXN004138,C0649,P001,4999.0,2026-08-14 15:28:00,SUCCESS,UPI,NONE
TXN004139,C0506,P009,1899.0,2026-07-18 17:12:00,SUCCESS,NET_BANKING,NONE
TXN004140,C0659,P020,1699.0,2026-06-04 07:49:00,SUCCESS,UPI,NONE
TXN004141,C0418,P020,1699.0,2026-07-09 08:20:00,SUCCESS,UPI,NONE
TXN004142,C0908,P002,699.0,2026-08-27 20:20:00,FAILED,UPI,NONE
TXN004143,C0805,P006,2899.0,2026-05-24 15:15:00,SUCCESS,UPI,NONE
TXN004144,C0825,P019,749.0,2026-05-08 00:45:00,SUCCESS,UPI,NONE
TXN004145,C0651,P010,899.0,2026-08-24 13:09:00,SUCCESS,UPI,NONE
TXN004146,C0707,P003,2499.0,2026-03-20 03:41:00,SUCCESS,UPI,NONE
TXN004147,C0612,P012,1799.0,2026-05-18 14:11:00,SUCCESS,DEBIT_CARD,NONE
TXN004148,C0738,P013,1999.0,2026-04-14 20:10:00,SUCCESS,UPI,NONE
TXN004149,C0260,P012,1799.0,2026-07-06 03:39:00,SUCCESS,CREDIT_CARD,NONE
TXN004150,C0672,P014,799.0,2026-04-12 18:18:00,SUCCESS,DEBIT_CARD,NONE
TXN004151,C0895,P017,849.0,2026-07-11 14:13:00,SUCCESS,DEBIT_CARD,NONE
TXN004152,C0806,P010,899.0,2026-04-09 12:06:00,FAILED,UPI,NONE
TXN004153,C0671,P018,3899.0,2026-05-13 15:50:00,SUCCESS,DEBIT_CARD,NONE
TXN004154,C0222,P014,799.0,2026-05-23 02:27:00,SUCCESS,UPI,NONE
TXN004155,C0882,P015,2999.0,2026-05-02 00:27:00,FAILED,UPI,NONE
TXN004156,C0250,P006,2899.0,2026-03-17 22:11:00,SUCCESS,CREDIT_CARD,NONE
TXN004157,C0673,P009,1899.0,2026-06-16 04:05:00,SUCCESS,WALLET,NONE
TXN004158,C0612,P011,649.0,2026-04-16 10:38:00,SUCCESS,UPI,NONE
TXN004159,C0313,P011,649.0,2026-08-16 00:14:00,SUCCESS,UPI,NONE
TXN004160,C0276,P013,1999.0,2026-05-05 06:14:00,SUCCESS,DEBIT_CARD,NONE
TXN004161,C0202,P009,1899.0,2026-07-17 16:12:00,SUCCESS,UPI,NONE
TXN004162,C0479,P015,2999.0,2026-07-03 12:29:00,SUCCESS,DEBIT_CARD,NONE
TXN004163,C0605,P011,649.0,2026-06-22 15:10:00,SUCCESS,NET_BANKING,NONE
TXN004164,C0993,P001,4999.0,2026-06-30 18:01:00,SUCCESS,UPI,NONE
TXN004165,C0344,P018,3899.0,2026-06-03 08:38:00,SUCCESS,UPI,NONE
TXN004166,C0714,P001,4999.0,2026-06-16 01:59:00,FAILED,CREDIT_CARD,NONE
TXN004167,C0320,P007,1499.0,2026-06-05 04:04:00,FAILED,UPI,NONE
TXN004168,C0791,P008,1299.0,2026-07-04 20:21:00,SUCCESS,DEBIT_CARD,NONE
TXN004169,C0193,P003,2499.0,2026-08-06 08:51:00,SUCCESS,UPI,NONE
TXN004170,C0030,P009,1899.0,2026-07-19 23:38:00,SUCCESS,UPI,NONE
TXN004171,C0271,P005,1199.0,2026-04-11 22:07:00,FAILED,CREDIT_CARD,NONE
TXN004172,C0114,P002,699.0,2026-04-19 00:29:00,SUCCESS,UPI,NONE
TXN004173,C0733,P012,1799.0,2026-06-03 02:39:00,SUCCESS,NET_BANKING,NONE
TXN004174,C0775,P014,799.0,2026-08-20 16:08:00,SUCCESS,DEBIT_CARD,NONE
TXN004175,C0238,P011,649.0,2026-08-07 09:30:00,FAILED,CREDIT_CARD,NONE
TXN004176,C0849,P012,1799.0,2026-06-11 14:46:00,SUCCESS,CREDIT_CARD,NONE
TXN004177,C0946,P014,799.0,2026-07-27 20:49:00,SUCCESS,UPI,NONE
TXN004178,C0467,P007,1499.0,2026-06-28 21:44:00,REFUNDED,UPI,FULL
TXN004179,C0144,P003,2499.0,2026-03-14 01:07:00,FAILED,UPI,NONE
TXN004180,C0780,P014,799.0,2026-06-27 08:49:00,SUCCESS,CREDIT_CARD,NONE
TXN004181,C0264,P017,849.0,2026-07-31 19:10:00,SUCCESS,CREDIT_CARD,NONE
TXN004182,C0015,P019,749.0,2026-03-25 10:33:00,SUCCESS,UPI,NONE
TXN004183,C0853,P014,799.0,2026-07-01 11:10:00,FAILED,DEBIT_CARD,NONE
TXN004184,C0973,P003,2499.0,2026-05-11 12:29:00,SUCCESS,NET_BANKING,NONE
TXN004185,C0034,P011,649.0,2026-03-26 17:26:00,SUCCESS,UPI,NONE
TXN004186,C0937,P014,799.0,2026-05-11 04:17:00,FAILED,CREDIT_CARD,NONE
TXN004187,C0288,P008,1299.0,2026-04-17 18:27:00,SUCCESS,NET_BANKING,NONE
TXN004188,C0353,P003,2499.0,2026-03-16 02:19:00,SUCCESS,UPI,NONE
TXN004189,C0623,P008,1299.0,2026-05-21 02:37:00,SUCCESS,UPI,NONE
TXN004190,C0567,P006,2899.0,2026-07-02 08:45:00,SUCCESS,UPI,NONE
TXN004191,C0786,P012,1799.0,2026-05-09 23:31:00,SUCCESS,UPI,NONE
TXN004192,C0113,P011,649.0,2026-06-17 17:59:00,SUCCESS,CREDIT_CARD,NONE
TXN004193,C0199,P003,2499.0,2026-04-19 13:48:00,SUCCESS,CREDIT_CARD,NONE
TXN004194,C0905,P020,1699.0,2026-05-28 04:02:00,SUCCESS,CREDIT_CARD,NONE
TXN004195,C0703,P006,2899.0,2026-03-13 17:30:00,SUCCESS,UPI,NONE
TXN004196,C0110,P011,649.0,2026-08-26 22:51:00,SUCCESS,CREDIT_CARD,NONE
TXN004197,C0690,P015,2999.0,2026-03-30 07:36:00,FAILED,DEBIT_CARD,NONE
TXN004198,C0932,P015,2999.0,2026-07-08 06:28:00,SUCCESS,UPI,NONE
TXN004199,C0702,P020,1699.0,2026-08-09 12:57:00,SUCCESS,CREDIT_CARD,NONE
TXN004200,C0840,P020,1699.0,2026-07-23 06:54:00,SUCCESS,UPI,NONE
TXN004201,C0581,P003,2499.0,2026-06-09 21:47:00,SUCCESS,CREDIT_CARD,NONE
TXN004202,C0496,P004,3499.0,2026-08-25 00:52:00,SUCCESS,UPI,NONE
TXN004203,C0500,P001,4999.0,2026-05-09 15:42:00,SUCCESS,UPI,NONE
TXN004204,C0634,P003,2499.0,2026-05-28 05:57:00,SUCCESS,UPI,NONE
TXN004205,C0011,P006,2899.0,2026-08-30 07:11:00,SUCCESS,CREDIT_CARD,NONE
TXN004206,C0534,P008,1299.0,2026-04-09 20:25:00,SUCCESS,UPI,NONE
TXN004207,C0763,P010,899.0,2026-03-21 00:04:00,SUCCESS,UPI,NONE
TXN004208,C0516,P013,1999.0,2026-05-07 23:57:00,SUCCESS,UPI,NONE
TXN004209,C0279,P001,4999.0,2026-03-29 12:10:00,SUCCESS,UPI,NONE
TXN004210,C0707,P015,2999.0,2026-03-11 00:41:00,SUCCESS,CREDIT_CARD,NONE
TXN004211,C0741,P005,1199.0,2026-06-30 22:26:00,SUCCESS,UPI,NONE
TXN004212,C0910,P008,1299.0,2026-04-12 14:52:00,SUCCESS,UPI,NONE
TXN004213,C0893,P011,649.0,2026-08-06 04:45:00,SUCCESS,UPI,NONE
TXN004214,C0559,P010,899.0,2026-07-22 08:00:00,SUCCESS,UPI,NONE
TXN004215,C0561,P006,2899.0,2026-05-31 04:49:00,SUCCESS,UPI,NONE
TXN004216,C0202,P003,2499.0,2026-03-11 23:27:00,SUCCESS,UPI,NONE
TXN004217,C0421,P008,1299.0,2026-05-17 11:45:00,SUCCESS,UPI,NONE
TXN004218,C0697,P003,2499.0,2026-03-17 13:30:00,SUCCESS,WALLET,NONE
TXN004219,C0615,P001,4999.0,2026-05-03 12:28:00,SUCCESS,UPI,NONE
TXN004220,C0498,P014,799.0,2026-04-30 06:58:00,SUCCESS,UPI,NONE
TXN004221,C0083,P009,1899.0,2026-03-05 13:54:00,FAILED,CREDIT_CARD,NONE
TXN004222,C0468,P004,3499.0,2026-05-12 04:43:00,SUCCESS,UPI,NONE
TXN004223,C0029,P018,3899.0,2026-03-29 01:54:00,SUCCESS,UPI,NONE
TXN004224,C0542,P012,1799.0,2026-08-11 08:04:00,SUCCESS,CREDIT_CARD,NONE
TXN004225,C0638,P009,1899.0,2026-03-20 02:37:00,SUCCESS,UPI,NONE
TXN004226,C0621,P016,999.0,2026-07-25 16:35:00,SUCCESS,UPI,NONE
TXN004227,C0118,P020,1699.0,2026-07-14 21:33:00,SUCCESS,UPI,NONE
TXN004228,C0457,P004,3499.0,2026-03-07 14:28:00,SUCCESS,UPI,NONE
TXN004229,C0867,P014,799.0,2026-06-30 17:38:00,SUCCESS,UPI,NONE
TXN004230,C0412,P013,1999.0,2026-05-10 18:46:00,SUCCESS,NET_BANKING,NONE
TXN004231,C0507,P007,1499.0,2026-05-06 08:48:00,SUCCESS,UPI,NONE
TXN004232,C0490,P010,899.0,2026-08-20 06:14:00,SUCCESS,UPI,NONE
TXN004233,C0950,P010,899.0,2026-03-13 23:56:00,SUCCESS,UPI,NONE
TXN004234,C0908,P013,1999.0,2026-07-16 20:33:00,SUCCESS,UPI,NONE
TXN004235,C0304,P004,3499.0,2026-08-12 21:34:00,SUCCESS,CREDIT_CARD,NONE
TXN004236,C0179,P004,3499.0,2026-05-28 06:42:00,SUCCESS,UPI,NONE
TXN004237,C0407,P018,3899.0,2026-05-16 05:04:00,SUCCESS,NET_BANKING,NONE
TXN004238,C0028,P009,1899.0,2026-05-24 01:36:00,SUCCESS,UPI,NONE
TXN004239,C0608,P017,849.0,2026-04-30 11:47:00,SUCCESS,UPI,NONE
TXN004240,C0985,P008,1299.0,2026-08-31 11:43:00,SUCCESS,UPI,NONE
TXN004241,C0618,P008,1299.0,2026-05-20 12:46:00,SUCCESS,CREDIT_CARD,NONE
TXN004242,C0353,P019,749.0,2026-07-15 12:51:00,SUCCESS,CREDIT_CARD,NONE
TXN004243,C0971,P020,1699.0,2026-08-01 14:19:00,FAILED,UPI,NONE
TXN004244,C0338,P020,1699.0,2026-07-05 03:56:00,SUCCESS,UPI,NONE
TXN004245,C0387,P005,1199.0,2026-04-05 08:55:00,SUCCESS,UPI,NONE
TXN004246,C0526,P006,2899.0,2026-06-20 20:53:00,SUCCESS,UPI,NONE
TXN004247,C0550,P004,3499.0,2026-05-08 13:23:00,FAILED,CREDIT_CARD,NONE
TXN004248,C0869,P016,999.0,2026-06-06 14:32:00,SUCCESS,UPI,NONE
TXN004249,C0857,P017,849.0,2026-03-17 03:07:00,SUCCESS,UPI,NONE
TXN004250,C0596,P020,1699.0,2026-05-08 16:22:00,SUCCESS,UPI,NONE
TXN004251,C0890,P005,1199.0,2026-08-03 20:53:00,SUCCESS,UPI,NONE
TXN004252,C0420,P011,649.0,2026-05-17 00:27:00,SUCCESS,CREDIT_CARD,NONE
TXN004253,C0548,P004,3499.0,2026-08-28 22:56:00,SUCCESS,UPI,NONE
TXN004254,C0702,P011,649.0,2026-05-19 04:54:00,SUCCESS,WALLET,NONE
TXN004255,C0097,P006,2899.0,2026-03-31 21:37:00,SUCCESS,DEBIT_CARD,NONE
TXN004256,C0183,P014,799.0,2026-08-04 22:22:00,SUCCESS,UPI,NONE
TXN004257,C0500,P018,3899.0,2026-04-24 09:55:00,SUCCESS,UPI,NONE
TXN004258,C0539,P019,749.0,2026-03-18 17:04:00,SUCCESS,UPI,NONE
TXN004259,C0971,P006,2899.0,2026-03-06 10:53:00,SUCCESS,CREDIT_CARD,NONE
TXN004260,C0014,P016,999.0,2026-08-11 22:29:00,SUCCESS,UPI,NONE
TXN004261,C0713,P006,2899.0,2026-08-01 23:46:00,SUCCESS,CREDIT_CARD,NONE
TXN004262,C0432,P004,3499.0,2026-07-01 09:30:00,SUCCESS,UPI,NONE
TXN004263,C0275,P019,749.0,2026-08-22 10:41:00,SUCCESS,CREDIT_CARD,NONE
TXN004264,C0249,P016,999.0,2026-03-12 06:22:00,SUCCESS,UPI,NONE
TXN004265,C0529,P011,649.0,2026-04-25 04:39:00,FAILED,CREDIT_CARD,NONE
TXN004266,C0697,P020,1699.0,2026-04-02 18:12:00,SUCCESS,DEBIT_CARD,NONE
TXN004267,C0872,P009,1899.0,2026-07-06 16:20:00,FAILED,UPI,NONE
TXN004268,C0109,P015,2999.0,2026-06-23 09:07:00,SUCCESS,UPI,NONE
TXN004269,C0331,P018,3899.0,2026-08-13 15:13:00,FAILED,DEBIT_CARD,NONE
TXN004270,C0853,P016,999.0,2026-05-16 06:03:00,SUCCESS,NET_BANKING,NONE
TXN004271,C0187,P007,1499.0,2026-05-20 10:53:00,SUCCESS,CREDIT_CARD,NONE
TXN004272,C0586,P020,1699.0,2026-06-26 00:44:00,SUCCESS,UPI,NONE
TXN004273,C0792,P018,3899.0,2026-06-28 01:46:00,SUCCESS,UPI,NONE
TXN004274,C0795,P002,699.0,2026-03-30 05:00:00,SUCCESS,DEBIT_CARD,NONE
TXN004275,C0613,P013,1999.0,2026-04-19 14:13:00,FAILED,UPI,NONE
TXN004276,C0667,P019,749.0,2026-05-13 13:18:00,SUCCESS,UPI,NONE
TXN004277,C0594,P018,3899.0,2026-05-05 07:20:00,SUCCESS,UPI,NONE
TXN004278,C0576,P020,1699.0,2026-03-30 06:16:00,SUCCESS,UPI,NONE
TXN004279,C0796,P007,1499.0,2026-06-07 15:12:00,SUCCESS,NET_BANKING,NONE
TXN004280,C0521,P003,2499.0,2026-08-14 05:47:00,SUCCESS,NET_BANKING,NONE
TXN004281,C0957,P014,799.0,2026-05-08 11:30:00,SUCCESS,CREDIT_CARD,NONE
TXN004282,C0673,P008,1299.0,2026-06-17 11:15:00,SUCCESS,DEBIT_CARD,NONE
TXN004283,C0667,P006,2899.0,2026-03-19 06:13:00,SUCCESS,DEBIT_CARD,NONE
TXN004284,C0705,P020,1699.0,2026-04-18 12:46:00,SUCCESS,CREDIT_CARD,NONE
TXN004285,C0690,P008,1299.0,2026-07-14 12:45:00,SUCCESS,UPI,NONE
TXN004286,C0015,P004,3499.0,2026-04-14 08:19:00,SUCCESS,CREDIT_CARD,NONE
TXN004287,C0173,P010,899.0,2026-04-12 03:51:00,SUCCESS,CREDIT_CARD,NONE
TXN004288,C0162,P009,1899.0,2026-06-30 01:00:00,SUCCESS,CREDIT_CARD,NONE
TXN004289,C0422,P012,1799.0,2026-03-05 09:53:00,SUCCESS,CREDIT_CARD,NONE
TXN004290,C0674,P003,2499.0,2026-06-05 22:43:00,SUCCESS,UPI,NONE
TXN004291,C0292,P004,3499.0,2026-06-12 20:38:00,SUCCESS,UPI,NONE
TXN004292,C0724,P003,2499.0,2026-07-12 21:58:00,SUCCESS,UPI,NONE
TXN004293,C0138,P010,899.0,2026-06-09 09:17:00,SUCCESS,CREDIT_CARD,NONE
TXN004294,C0932,P006,2899.0,2026-05-25 09:18:00,SUCCESS,DEBIT_CARD,NONE
TXN004295,C0028,P007,1499.0,2026-06-10 23:40:00,SUCCESS,UPI,NONE
TXN004296,C0592,P019,749.0,2026-07-18 10:20:00,SUCCESS,NET_BANKING,NONE
TXN004297,C0392,P013,1999.0,2026-05-12 17:18:00,SUCCESS,NET_BANKING,NONE
TXN004298,C0178,P006,2899.0,2026-04-08 00:46:00,SUCCESS,UPI,NONE
TXN004299,C0583,P009,1899.0,2026-08-08 09:20:00,SUCCESS,DEBIT_CARD,NONE
TXN004300,C0197,P020,1699.0,2026-03-11 11:07:00,SUCCESS,CREDIT_CARD,NONE
TXN004301,C0814,P010,899.0,2026-07-30 03:19:00,SUCCESS,CREDIT_CARD,NONE
TXN004302,C0003,P013,1999.0,2026-05-14 14:49:00,SUCCESS,UPI,NONE
TXN004303,C0420,P007,1499.0,2026-07-11 02:17:00,SUCCESS,UPI,NONE
TXN004304,C0976,P008,1299.0,2026-06-27 05:30:00,FAILED,UPI,NONE
TXN004305,C0447,P020,1699.0,2026-06-26 12:58:00,SUCCESS,UPI,NONE
TXN004306,C0371,P010,899.0,2026-07-18 02:45:00,SUCCESS,CREDIT_CARD,NONE
TXN004307,C0967,P020,1699.0,2026-07-27 18:39:00,SUCCESS,UPI,NONE
TXN004308,C0210,P011,649.0,2026-08-25 17:05:00,REFUNDED,UPI,FULL
TXN004309,C0874,P018,3899.0,2026-03-21 19:09:00,SUCCESS,CREDIT_CARD,NONE
TXN004310,C0279,P016,999.0,2026-03-23 11:45:00,SUCCESS,UPI,NONE
TXN004311,C0620,P014,799.0,2026-06-20 01:47:00,SUCCESS,UPI,NONE
TXN004312,C0883,P016,999.0,2026-05-20 01:58:00,SUCCESS,UPI,NONE
TXN004313,C0563,P017,849.0,2026-07-11 11:58:00,SUCCESS,CREDIT_CARD,NONE
TXN004314,C0349,P009,1899.0,2026-07-27 18:28:00,SUCCESS,NET_BANKING,NONE
TXN004315,C0282,P010,899.0,2026-03-27 15:35:00,SUCCESS,CREDIT_CARD,NONE
TXN004316,C0445,P014,799.0,2026-05-07 17:26:00,SUCCESS,UPI,NONE
TXN004317,C0017,P014,799.0,2026-03-05 08:31:00,SUCCESS,CREDIT_CARD,NONE
TXN004318,C0023,P014,799.0,2026-04-04 10:55:00,SUCCESS,DEBIT_CARD,NONE
TXN004319,C0930,P003,2499.0,2026-08-11 11:12:00,SUCCESS,UPI,NONE
TXN004320,C0816,P015,2999.0,2026-08-05 01:35:00,SUCCESS,UPI,NONE
TXN004321,C0443,P011,649.0,2026-08-30 15:39:00,SUCCESS,UPI,NONE
TXN004322,C0433,P001,4999.0,2026-03-09 08:36:00,SUCCESS,UPI,NONE
TXN004323,C0577,P006,2899.0,2026-07-10 02:16:00,FAILED,UPI,NONE
TXN004324,C0590,P017,849.0,2026-06-09 11:04:00,FAILED,WALLET,NONE
TXN004325,C0778,P001,4999.0,2026-03-19 01:10:00,SUCCESS,UPI,NONE
TXN004326,C0591,P008,1299.0,2026-04-29 01:41:00,SUCCESS,UPI,NONE
TXN004327,C0768,P009,1899.0,2026-07-16 18:33:00,SUCCESS,UPI,NONE
TXN004328,C0550,P019,749.0,2026-07-20 01:09:00,SUCCESS,UPI,NONE
TXN004329,C0035,P005,1199.0,2026-06-08 10:05:00,SUCCESS,CREDIT_CARD,NONE
TXN004330,C0332,P016,999.0,2026-05-13 12:49:00,SUCCESS,CREDIT_CARD,NONE
TXN004331,C0309,P017,849.0,2026-08-12 15:34:00,SUCCESS,CREDIT_CARD,NONE
TXN004332,C0663,P010,899.0,2026-04-07 04:12:00,SUCCESS,CREDIT_CARD,NONE
TXN004333,C0890,P002,699.0,2026-03-12 23:48:00,SUCCESS,UPI,NONE
TXN004334,C0020,P003,2499.0,2026-08-26 09:06:00,SUCCESS,CREDIT_CARD,NONE
TXN004335,C0592,P013,1999.0,2026-03-31 01:55:00,SUCCESS,NET_BANKING,NONE
TXN004336,C0214,P001,4999.0,2026-06-16 15:02:00,SUCCESS,UPI,NONE
TXN004337,C0929,P016,999.0,2026-05-06 00:27:00,SUCCESS,UPI,NONE
TXN004338,C0913,P007,1499.0,2026-05-24 01:34:00,FAILED,UPI,NONE
TXN004339,C0221,P009,1899.0,2026-06-14 14:42:00,SUCCESS,UPI,NONE
TXN004340,C0413,P017,849.0,2026-03-30 23:13:00,SUCCESS,CREDIT_CARD,NONE
TXN004341,C0108,P018,3899.0,2026-08-12 14:51:00,SUCCESS,UPI,NONE
TXN004342,C0696,P014,799.0,2026-08-08 20:15:00,FAILED,DEBIT_CARD,NONE
TXN004343,C0904,P008,1299.0,2026-07-30 21:41:00,SUCCESS,UPI,NONE
TXN004344,C0473,P014,799.0,2026-07-17 14:34:00,SUCCESS,DEBIT_CARD,NONE
TXN004345,C0966,P013,1999.0,2026-05-09 18:40:00,SUCCESS,CREDIT_CARD,NONE
TXN004346,C0924,P018,3899.0,2026-03-29 20:08:00,SUCCESS,UPI,NONE
TXN004347,C0990,P012,1799.0,2026-03-28 03:17:00,SUCCESS,UPI,NONE
TXN004348,C0293,P017,849.0,2026-06-07 07:23:00,SUCCESS,UPI,NONE
TXN004349,C0768,P015,2999.0,2026-06-28 11:12:00,SUCCESS,CREDIT_CARD,NONE
TXN004350,C0477,P014,799.0,2026-04-10 20:42:00,SUCCESS,UPI,NONE
TXN004351,C0024,P016,999.0,2026-05-15 21:38:00,SUCCESS,UPI,NONE
TXN004352,C0360,P007,1499.0,2026-06-16 09:56:00,SUCCESS,UPI,NONE
TXN004353,C0213,P007,1499.0,2026-08-15 16:23:00,SUCCESS,UPI,NONE
TXN004354,C0735,P002,699.0,2026-04-07 03:13:00,SUCCESS,UPI,NONE
TXN004355,C0408,P012,1799.0,2026-04-24 07:45:00,SUCCESS,CREDIT_CARD,NONE
TXN004356,C0352,P008,1299.0,2026-04-19 01:19:00,SUCCESS,CREDIT_CARD,NONE
TXN004357,C0351,P006,2899.0,2026-07-10 14:52:00,SUCCESS,NET_BANKING,NONE
TXN004358,C0033,P001,4999.0,2026-08-22 03:31:00,REFUNDED,UPI,FULL
TXN004359,C0755,P003,2499.0,2026-08-14 10:13:00,SUCCESS,UPI,NONE
TXN004360,C0772,P012,1799.0,2026-05-16 09:55:00,SUCCESS,UPI,NONE
TXN004361,C0514,P019,749.0,2026-04-01 12:35:00,REFUNDED,DEBIT_CARD,FULL
TXN004362,C0089,P018,3899.0,2026-08-04 14:04:00,SUCCESS,UPI,NONE
TXN004363,C0985,P015,2999.0,2026-06-21 23:33:00,SUCCESS,UPI,NONE
TXN004364,C0482,P015,2999.0,2026-05-15 09:28:00,SUCCESS,CREDIT_CARD,NONE
TXN004365,C0524,P016,999.0,2026-03-13 11:43:00,SUCCESS,CREDIT_CARD,NONE
TXN004366,C0422,P013,1999.0,2026-03-12 15:06:00,SUCCESS,CREDIT_CARD,NONE
TXN004367,C0907,P005,1199.0,2026-03-27 11:13:00,SUCCESS,UPI,NONE
TXN004368,C0414,P011,649.0,2026-03-30 17:37:00,SUCCESS,UPI,NONE
TXN004369,C0070,P009,1899.0,2026-07-19 13:46:00,SUCCESS,CREDIT_CARD,NONE
TXN004370,C0185,P019,749.0,2026-07-14 20:33:00,SUCCESS,DEBIT_CARD,NONE
TXN004371,C0324,P009,1899.0,2026-04-29 14:45:00,SUCCESS,CREDIT_CARD,NONE
TXN004372,C0937,P005,1199.0,2026-08-14 03:57:00,SUCCESS,UPI,NONE
TXN004373,C0091,P018,3899.0,2026-05-23 23:58:00,SUCCESS,UPI,NONE
TXN004374,C0889,P008,1299.0,2026-07-07 18:23:00,SUCCESS,DEBIT_CARD,NONE
TXN004375,C0751,P017,849.0,2026-06-06 06:44:00,SUCCESS,UPI,NONE
TXN004376,C0848,P005,1199.0,2026-08-31 05:40:00,SUCCESS,UPI,NONE
TXN004377,C0018,P006,2899.0,2026-07-04 19:30:00,SUCCESS,CREDIT_CARD,NONE
TXN004378,C0085,P018,3899.0,2026-03-09 13:12:00,SUCCESS,DEBIT_CARD,NONE
TXN004379,C0948,P016,999.0,2026-05-01 02:54:00,FAILED,UPI,NONE
TXN004380,C0079,P017,849.0,2026-03-12 06:00:00,SUCCESS,UPI,NONE
TXN004381,C0201,P009,1899.0,2026-05-16 01:26:00,SUCCESS,CREDIT_CARD,NONE
TXN004382,C0974,P020,1699.0,2026-04-18 18:37:00,SUCCESS,CREDIT_CARD,NONE
TXN004383,C0501,P018,3899.0,2026-03-30 01:39:00,SUCCESS,DEBIT_CARD,NONE
TXN004384,C0060,P019,749.0,2026-04-20 02:15:00,SUCCESS,DEBIT_CARD,NONE
TXN004385,C0078,P006,2899.0,2026-04-11 23:39:00,SUCCESS,UPI,NONE
TXN004386,C0909,P004,3499.0,2026-05-26 21:38:00,SUCCESS,CREDIT_CARD,NONE
TXN004387,C0551,P007,1499.0,2026-08-06 17:46:00,SUCCESS,UPI,NONE
TXN004388,C0586,P003,2499.0,2026-04-12 13:12:00,SUCCESS,UPI,NONE
TXN004389,C0201,P018,3899.0,2026-08-15 03:05:00,SUCCESS,UPI,NONE
TXN004390,C0721,P020,1699.0,2026-07-18 02:02:00,SUCCESS,UPI,NONE
TXN004391,C0898,P012,1799.0,2026-04-05 21:13:00,REFUNDED,DEBIT_CARD,FULL
TXN004392,C0868,P002,699.0,2026-04-02 12:01:00,SUCCESS,UPI,NONE
TXN004393,C0322,P005,1199.0,2026-05-03 05:42:00,SUCCESS,UPI,NONE
TXN004394,C0742,P013,1999.0,2026-08-09 05:45:00,SUCCESS,UPI,NONE
TXN004395,C0365,P012,1799.0,2026-07-12 10:56:00,SUCCESS,UPI,NONE
TXN004396,C0061,P010,899.0,2026-06-17 11:32:00,SUCCESS,UPI,NONE
TXN004397,C0730,P004,3499.0,2026-08-18 16:04:00,SUCCESS,CREDIT_CARD,NONE
TXN004398,C0563,P010,899.0,2026-03-15 01:40:00,SUCCESS,UPI,NONE
TXN004399,C0725,P014,799.0,2026-07-01 12:09:00,REFUNDED,UPI,FULL
TXN004400,C0311,P004,3499.0,2026-04-10 12:49:00,SUCCESS,UPI,NONE
TXN004401,C0417,P020,1699.0,2026-03-31 03:39:00,SUCCESS,UPI,NONE
TXN004402,C0701,P003,2499.0,2026-03-25 12:09:00,SUCCESS,UPI,NONE
TXN004403,C0108,P013,1999.0,2026-03-19 23:16:00,SUCCESS,UPI,NONE
TXN004404,C0917,P017,849.0,2026-03-22 07:50:00,SUCCESS,CREDIT_CARD,NONE
TXN004405,C0758,P004,3499.0,2026-05-19 18:51:00,SUCCESS,UPI,NONE
TXN004406,C0129,P005,1199.0,2026-03-09 09:20:00,SUCCESS,CREDIT_CARD,NONE
TXN004407,C0654,P013,1999.0,2026-07-18 15:10:00,SUCCESS,UPI,NONE
TXN004408,C0798,P013,1999.0,2026-07-25 11:27:00,SUCCESS,UPI,NONE
TXN004409,C0587,P003,2499.0,2026-08-31 11:38:00,SUCCESS,UPI,NONE
TXN004410,C0819,P012,1799.0,2026-04-27 07:12:00,SUCCESS,UPI,NONE
TXN004411,C0051,P007,1499.0,2026-07-22 07:59:00,SUCCESS,UPI,NONE
TXN004412,C0475,P009,1899.0,2026-04-10 01:21:00,SUCCESS,UPI,NONE
TXN004413,C0825,P007,1499.0,2026-04-10 21:53:00,SUCCESS,UPI,NONE
TXN004414,C0303,P011,649.0,2026-07-14 13:09:00,SUCCESS,UPI,NONE
TXN004415,C0525,P001,4999.0,2026-07-24 15:27:00,SUCCESS,UPI,NONE
TXN004416,C0045,P010,899.0,2026-04-12 11:49:00,SUCCESS,CREDIT_CARD,NONE
TXN004417,C0269,P001,4999.0,2026-05-16 00:06:00,SUCCESS,UPI,NONE
TXN004418,C0462,P013,1999.0,2026-03-06 16:39:00,SUCCESS,UPI,NONE
TXN004419,C0264,P003,2499.0,2026-03-21 19:14:00,SUCCESS,UPI,NONE
TXN004420,C0402,P009,1899.0,2026-07-10 10:54:00,SUCCESS,DEBIT_CARD,NONE
TXN004421,C0862,P012,1799.0,2026-05-13 07:46:00,SUCCESS,UPI,NONE
TXN004422,C0521,P017,849.0,2026-05-09 12:04:00,SUCCESS,UPI,NONE
TXN004423,C0934,P020,1699.0,2026-03-25 04:56:00,SUCCESS,UPI,NONE
TXN004424,C0054,P014,799.0,2026-03-19 07:04:00,SUCCESS,NET_BANKING,NONE
TXN004425,C0024,P003,2499.0,2026-08-05 12:05:00,SUCCESS,UPI,NONE
TXN004426,C0945,P009,1899.0,2026-04-29 17:43:00,SUCCESS,CREDIT_CARD,NONE
TXN004427,C0904,P003,2499.0,2026-04-05 17:00:00,SUCCESS,UPI,NONE
TXN004428,C0338,P004,3499.0,2026-06-26 19:23:00,SUCCESS,CREDIT_CARD,NONE
TXN004429,C0748,P008,1299.0,2026-04-10 06:15:00,SUCCESS,UPI,NONE
TXN004430,C0604,P004,3499.0,2026-06-25 21:09:00,SUCCESS,UPI,NONE
TXN004431,C0371,P008,1299.0,2026-06-13 21:52:00,SUCCESS,UPI,NONE
TXN004432,C0904,P003,2499.0,2026-05-18 20:47:00,SUCCESS,CREDIT_CARD,NONE
TXN004433,C0340,P008,1299.0,2026-07-29 14:14:00,SUCCESS,UPI,NONE
TXN004434,C0570,P009,1899.0,2026-04-22 19:35:00,SUCCESS,CREDIT_CARD,NONE
TXN004435,C0789,P014,799.0,2026-06-07 23:16:00,SUCCESS,CREDIT_CARD,NONE
TXN004436,C0171,P012,1799.0,2026-03-14 14:26:00,SUCCESS,CREDIT_CARD,NONE
TXN004437,C0163,P017,849.0,2026-07-19 13:26:00,SUCCESS,DEBIT_CARD,NONE
TXN004438,C0114,P017,849.0,2026-07-07 07:45:00,SUCCESS,UPI,NONE
TXN004439,C0920,P017,849.0,2026-04-22 01:33:00,SUCCESS,UPI,NONE
TXN004440,C0965,P014,799.0,2026-04-28 22:20:00,SUCCESS,UPI,NONE
TXN004441,C0972,P013,1999.0,2026-06-21 01:09:00,SUCCESS,UPI,NONE
TXN004442,C0276,P009,1899.0,2026-04-06 01:07:00,SUCCESS,UPI,NONE
TXN004443,C0082,P008,1299.0,2026-05-31 15:48:00,SUCCESS,UPI,NONE
TXN004444,C0919,P012,1799.0,2026-03-08 13:39:00,SUCCESS,UPI,NONE
TXN004445,C0516,P020,1699.0,2026-04-28 03:26:00,FAILED,CREDIT_CARD,NONE
TXN004446,C0991,P003,2499.0,2026-03-22 02:27:00,SUCCESS,UPI,NONE
TXN004447,C0951,P006,2899.0,2026-05-13 21:40:00,SUCCESS,CREDIT_CARD,NONE
TXN004448,C0668,P004,3499.0,2026-03-26 16:29:00,SUCCESS,UPI,NONE
TXN004449,C0275,P020,1699.0,2026-05-19 00:10:00,SUCCESS,UPI,NONE
TXN004450,C0798,P014,799.0,2026-06-13 08:21:00,SUCCESS,UPI,NONE
TXN004451,C0438,P008,1299.0,2026-08-29 10:24:00,SUCCESS,NET_BANKING,NONE
TXN004452,C0517,P006,2899.0,2026-08-16 08:35:00,SUCCESS,CREDIT_CARD,NONE
TXN004453,C0088,P011,649.0,2026-04-05 20:19:00,SUCCESS,CREDIT_CARD,NONE
TXN004454,C0288,P005,1199.0,2026-07-29 19:43:00,SUCCESS,CREDIT_CARD,NONE
TXN004455,C0221,P010,899.0,2026-03-14 16:50:00,SUCCESS,UPI,NONE
TXN004456,C0050,P019,749.0,2026-03-23 19:11:00,SUCCESS,UPI,NONE
TXN004457,C0051,P003,2499.0,2026-03-21 19:58:00,SUCCESS,UPI,NONE
TXN004458,C0202,P010,899.0,2026-04-12 11:56:00,SUCCESS,DEBIT_CARD,NONE
TXN004459,C0225,P015,2999.0,2026-07-01 00:10:00,SUCCESS,DEBIT_CARD,NONE
TXN004460,C0765,P016,999.0,2026-08-05 00:40:00,SUCCESS,UPI,NONE
TXN004461,C0017,P012,1799.0,2026-06-29 17:51:00,SUCCESS,DEBIT_CARD,NONE
TXN004462,C0912,P014,799.0,2026-04-29 03:01:00,REFUNDED,CREDIT_CARD,FULL
TXN004463,C0649,P005,1199.0,2026-04-27 07:57:00,SUCCESS,CREDIT_CARD,NONE
TXN004464,C0405,P010,899.0,2026-03-24 17:56:00,SUCCESS,UPI,NONE
TXN004465,C0728,P017,849.0,2026-06-02 22:32:00,FAILED,CREDIT_CARD,NONE
TXN004466,C0823,P017,849.0,2026-05-29 12:58:00,SUCCESS,UPI,NONE
TXN004467,C0903,P012,1799.0,2026-06-09 12:04:00,SUCCESS,DEBIT_CARD,NONE
TXN004468,C0673,P007,1499.0,2026-04-11 04:05:00,SUCCESS,UPI,NONE
TXN004469,C0349,P011,649.0,2026-04-13 07:55:00,SUCCESS,DEBIT_CARD,NONE
TXN004470,C0427,P009,1899.0,2026-07-06 16:37:00,SUCCESS,UPI,NONE
TXN004471,C0274,P010,899.0,2026-05-22 11:32:00,SUCCESS,UPI,NONE
TXN004472,C0023,P016,999.0,2026-06-05 09:18:00,SUCCESS,CREDIT_CARD,NONE
TXN004473,C0584,P004,3499.0,2026-03-28 19:56:00,SUCCESS,UPI,NONE
TXN004474,C0071,P005,1199.0,2026-04-06 14:16:00,SUCCESS,UPI,NONE
TXN004475,C0315,P020,1699.0,2026-07-20 01:47:00,SUCCESS,CREDIT_CARD,NONE
TXN004476,C0283,P020,1699.0,2026-04-15 06:27:00,SUCCESS,CREDIT_CARD,NONE
TXN004477,C0530,P011,649.0,2026-03-14 17:30:00,SUCCESS,UPI,NONE
TXN004478,C0359,P013,1999.0,2026-06-10 17:03:00,SUCCESS,UPI,NONE
TXN004479,C0334,P010,899.0,2026-03-28 03:19:00,SUCCESS,CREDIT_CARD,NONE
TXN004480,C0856,P010,899.0,2026-07-05 22:26:00,SUCCESS,UPI,NONE
TXN004481,C0345,P014,799.0,2026-04-09 06:51:00,SUCCESS,CREDIT_CARD,NONE
TXN004482,C0273,P020,1699.0,2026-08-17 20:35:00,SUCCESS,NET_BANKING,NONE
TXN004483,C0306,P004,3499.0,2026-06-04 05:37:00,SUCCESS,UPI,NONE
TXN004484,C0053,P002,699.0,2026-08-03 08:39:00,SUCCESS,CREDIT_CARD,NONE
TXN004485,C0880,P008,1299.0,2026-06-18 16:44:00,SUCCESS,UPI,NONE
TXN004486,C0916,P009,1899.0,2026-03-06 18:30:00,SUCCESS,UPI,NONE
TXN004487,C0375,P015,2999.0,2026-04-25 01:35:00,SUCCESS,UPI,NONE
TXN004488,C0277,P016,999.0,2026-06-13 08:35:00,SUCCESS,UPI,NONE
TXN004489,C0384,P015,2999.0,2026-07-07 16:18:00,SUCCESS,UPI,NONE
TXN004490,C0149,P018,3899.0,2026-05-30 00:38:00,SUCCESS,UPI,NONE
TXN004491,C0691,P019,749.0,2026-06-03 20:13:00,SUCCESS,UPI,NONE
TXN004492,C0371,P017,849.0,2026-08-05 15:34:00,SUCCESS,UPI,NONE
TXN004493,C0920,P017,849.0,2026-06-24 15:20:00,SUCCESS,UPI,NONE
TXN004494,C0172,P008,1299.0,2026-07-07 12:13:00,FAILED,CREDIT_CARD,NONE
TXN004495,C0455,P001,4999.0,2026-06-16 11:31:00,SUCCESS,UPI,NONE
TXN004496,C0608,P015,2999.0,2026-03-21 13:54:00,REFUNDED,UPI,FULL
TXN004497,C0686,P019,749.0,2026-04-27 12:09:00,SUCCESS,CREDIT_CARD,NONE
TXN004498,C0998,P010,899.0,2026-07-30 18:38:00,SUCCESS,CREDIT_CARD,NONE
TXN004499,C0043,P017,849.0,2026-07-06 20:42:00,SUCCESS,UPI,NONE
TXN004500,C0038,P004,3499.0,2026-05-05 11:48:00,SUCCESS,UPI,NONE
TXN004501,C0020,P003,2499.0,2026-05-06 00:21:00,SUCCESS,CREDIT_CARD,NONE
TXN004502,C0041,P004,3499.0,2026-05-10 12:58:00,SUCCESS,NET_BANKING,NONE
TXN004503,C0810,P009,1899.0,2026-04-06 10:29:00,SUCCESS,UPI,NONE
TXN004504,C0183,P017,849.0,2026-06-12 01:17:00,FAILED,UPI,NONE
TXN004505,C0113,P012,1799.0,2026-04-05 04:18:00,SUCCESS,UPI,NONE
TXN004506,C0600,P014,799.0,2026-05-09 23:17:00,REFUNDED,UPI,FULL
TXN004507,C0810,P014,799.0,2026-04-29 04:37:00,SUCCESS,DEBIT_CARD,NONE
TXN004508,C0721,P017,849.0,2026-03-31 22:58:00,SUCCESS,UPI,NONE
TXN004509,C0137,P018,3899.0,2026-04-16 05:43:00,FAILED,CREDIT_CARD,NONE
TXN004510,C0821,P012,1799.0,2026-08-04 05:21:00,SUCCESS,UPI,NONE
TXN004511,C0049,P020,1699.0,2026-05-04 02:50:00,SUCCESS,UPI,NONE
TXN004512,C0630,P008,1299.0,2026-05-12 23:06:00,SUCCESS,CREDIT_CARD,NONE
TXN004513,C0492,P019,749.0,2026-05-17 21:11:00,SUCCESS,DEBIT_CARD,NONE
TXN004514,C0712,P009,1899.0,2026-04-20 11:48:00,SUCCESS,CREDIT_CARD,NONE
TXN004515,C0913,P001,4999.0,2026-03-14 10:02:00,SUCCESS,UPI,NONE
TXN004516,C0824,P012,1799.0,2026-03-23 22:07:00,SUCCESS,UPI,NONE
TXN004517,C0400,P001,4999.0,2026-04-22 06:06:00,FAILED,UPI,NONE
TXN004518,C0243,P016,999.0,2026-04-02 03:15:00,SUCCESS,CREDIT_CARD,NONE
TXN004519,C0908,P017,849.0,2026-04-19 23:33:00,SUCCESS,NET_BANKING,NONE
TXN004520,C0830,P005,1199.0,2026-03-12 07:48:00,SUCCESS,CREDIT_CARD,NONE
TXN004521,C0271,P006,2899.0,2026-06-10 06:09:00,FAILED,UPI,NONE
TXN004522,C0809,P018,3899.0,2026-04-08 07:07:00,SUCCESS,UPI,NONE
TXN004523,C0314,P013,1999.0,2026-06-10 21:44:00,SUCCESS,CREDIT_CARD,NONE
TXN004524,C0937,P012,1799.0,2026-03-05 05:49:00,SUCCESS,UPI,NONE
TXN004525,C0287,P010,899.0,2026-08-12 08:27:00,SUCCESS,UPI,NONE
TXN004526,C0546,P011,649.0,2026-08-10 05:36:00,SUCCESS,NET_BANKING,NONE
TXN004527,C0990,P001,4999.0,2026-03-09 01:51:00,SUCCESS,UPI,NONE
TXN004528,C0664,P018,3899.0,2026-08-05 13:23:00,SUCCESS,UPI,NONE
TXN004529,C0740,P014,799.0,2026-04-22 02:11:00,SUCCESS,UPI,NONE
TXN004530,C0287,P016,999.0,2026-08-11 03:36:00,SUCCESS,CREDIT_CARD,NONE
TXN004531,C0969,P003,2499.0,2026-06-25 14:27:00,SUCCESS,UPI,NONE
TXN004532,C0274,P002,699.0,2026-08-07 08:49:00,SUCCESS,UPI,NONE
TXN004533,C0934,P013,1999.0,2026-08-29 06:00:00,SUCCESS,UPI,NONE
TXN004534,C0405,P010,899.0,2026-05-03 20:58:00,SUCCESS,CREDIT_CARD,NONE
TXN004535,C0432,P016,999.0,2026-05-12 08:26:00,SUCCESS,UPI,NONE
TXN004536,C0148,P020,1699.0,2026-05-28 11:30:00,SUCCESS,UPI,NONE
TXN004537,C0859,P003,2499.0,2026-03-21 22:49:00,SUCCESS,NET_BANKING,NONE
TXN004538,C0043,P010,899.0,2026-04-13 19:06:00,SUCCESS,UPI,NONE
TXN004539,C0673,P010,899.0,2026-08-04 19:36:00,SUCCESS,CREDIT_CARD,NONE
TXN004540,C0232,P006,2899.0,2026-05-24 02:19:00,SUCCESS,UPI,NONE
TXN004541,C0630,P014,799.0,2026-05-04 02:54:00,SUCCESS,UPI,NONE
TXN004542,C0038,P011,649.0,2026-03-09 04:22:00,SUCCESS,CREDIT_CARD,NONE
TXN004543,C0934,P009,1899.0,2026-04-08 10:24:00,SUCCESS,CREDIT_CARD,NONE
TXN004544,C0661,P001,4999.0,2026-07-04 02:52:00,SUCCESS,UPI,NONE
TXN004545,C0118,P020,1699.0,2026-05-07 14:57:00,SUCCESS,UPI,NONE
TXN004546,C0885,P012,1799.0,2026-04-09 17:54:00,REFUNDED,UPI,FULL
TXN004547,C0146,P019,749.0,2026-05-22 22:00:00,SUCCESS,UPI,NONE
TXN004548,C0984,P011,649.0,2026-06-29 09:22:00,FAILED,UPI,NONE
TXN004549,C0800,P011,649.0,2026-07-18 23:10:00,SUCCESS,UPI,NONE
TXN004550,C0434,P019,749.0,2026-08-24 18:15:00,SUCCESS,UPI,NONE
TXN004551,C0283,P017,849.0,2026-08-29 07:05:00,SUCCESS,DEBIT_CARD,NONE
TXN004552,C0204,P012,1799.0,2026-04-14 04:12:00,SUCCESS,UPI,NONE
TXN004553,C0699,P020,1699.0,2026-03-21 10:00:00,SUCCESS,UPI,NONE
TXN004554,C0907,P011,649.0,2026-08-09 20:41:00,SUCCESS,UPI,NONE
TXN004555,C0588,P007,1499.0,2026-03-07 13:38:00,SUCCESS,UPI,NONE
TXN004556,C0753,P003,2499.0,2026-06-15 10:02:00,SUCCESS,CREDIT_CARD,NONE
TXN004557,C0933,P018,3899.0,2026-06-30 05:55:00,SUCCESS,UPI,NONE
TXN004558,C0975,P019,749.0,2026-04-29 17:23:00,SUCCESS,UPI,NONE
TXN004559,C0828,P020,1699.0,2026-05-07 08:29:00,SUCCESS,NET_BANKING,NONE
TXN004560,C0498,P001,4999.0,2026-07-13 10:38:00,SUCCESS,UPI,NONE
TXN004561,C0059,P019,749.0,2026-06-15 09:52:00,FAILED,UPI,NONE
TXN004562,C0005,P011,649.0,2026-08-07 23:44:00,SUCCESS,UPI,NONE
TXN004563,C0650,P018,3899.0,2026-04-02 01:47:00,SUCCESS,UPI,NONE
TXN004564,C0266,P004,3499.0,2026-04-10 21:12:00,SUCCESS,DEBIT_CARD,NONE
TXN004565,C0887,P014,799.0,2026-08-16 11:36:00,SUCCESS,UPI,NONE
TXN004566,C0965,P019,749.0,2026-05-06 14:20:00,SUCCESS,CREDIT_CARD,NONE
TXN004567,C0082,P016,999.0,2026-07-02 10:46:00,SUCCESS,UPI,NONE
TXN004568,C0811,P014,799.0,2026-05-08 01:02:00,SUCCESS,CREDIT_CARD,NONE
TXN004569,C0271,P011,649.0,2026-08-02 11:41:00,SUCCESS,UPI,NONE
TXN004570,C0880,P002,699.0,2026-04-03 02:16:00,SUCCESS,DEBIT_CARD,NONE
TXN004571,C0822,P007,1499.0,2026-08-01 18:55:00,SUCCESS,WALLET,NONE
TXN004572,C0878,P011,649.0,2026-06-18 06:30:00,SUCCESS,UPI,NONE
TXN004573,C0870,P019,749.0,2026-05-30 17:15:00,SUCCESS,DEBIT_CARD,NONE
TXN004574,C0424,P004,3499.0,2026-08-05 08:57:00,REFUNDED,UPI,FULL
TXN004575,C0485,P013,1999.0,2026-06-13 21:37:00,SUCCESS,UPI,NONE
TXN004576,C0429,P011,649.0,2026-05-05 07:28:00,SUCCESS,UPI,NONE
TXN004577,C0171,P013,1999.0,2026-03-09 17:47:00,SUCCESS,UPI,NONE
TXN004578,C0966,P001,4999.0,2026-07-09 18:00:00,SUCCESS,UPI,NONE
TXN004579,C0702,P013,1999.0,2026-04-18 00:13:00,SUCCESS,UPI,NONE
TXN004580,C0389,P019,749.0,2026-04-01 06:01:00,SUCCESS,DEBIT_CARD,NONE
TXN004581,C0884,P014,799.0,2026-08-14 05:27:00,SUCCESS,UPI,NONE
TXN004582,C0562,P016,999.0,2026-08-22 16:11:00,SUCCESS,DEBIT_CARD,NONE
TXN004583,C0912,P015,2999.0,2026-05-10 16:37:00,SUCCESS,UPI,NONE
TXN004584,C0211,P019,749.0,2026-04-08 22:51:00,SUCCESS,UPI,NONE
TXN004585,C0604,P006,2899.0,2026-05-10 09:18:00,SUCCESS,CREDIT_CARD,NONE
TXN004586,C0449,P008,1299.0,2026-06-01 08:52:00,SUCCESS,UPI,NONE
TXN004587,C0192,P002,699.0,2026-05-18 18:03:00,SUCCESS,CREDIT_CARD,NONE
TXN004588,C0207,P006,2899.0,2026-07-03 05:17:00,SUCCESS,NET_BANKING,NONE
TXN004589,C0807,P005,1199.0,2026-07-06 16:23:00,SUCCESS,NET_BANKING,NONE
TXN004590,C0389,P001,4999.0,2026-05-20 13:04:00,SUCCESS,UPI,NONE
TXN004591,C0971,P013,1999.0,2026-04-09 03:15:00,FAILED,UPI,NONE
TXN004592,C0627,P012,1799.0,2026-03-17 07:48:00,SUCCESS,UPI,NONE
TXN004593,C0402,P011,649.0,2026-07-26 16:41:00,SUCCESS,UPI,NONE
TXN004594,C0249,P016,999.0,2026-08-19 10:10:00,FAILED,UPI,NONE
TXN004595,C0544,P018,3899.0,2026-06-06 02:26:00,FAILED,UPI,NONE
TXN004596,C0110,P004,3499.0,2026-04-04 15:12:00,SUCCESS,CREDIT_CARD,NONE
TXN004597,C0011,P009,1899.0,2026-07-20 00:38:00,FAILED,NET_BANKING,NONE
TXN004598,C0332,P008,1299.0,2026-05-09 22:12:00,REFUNDED,WALLET,FULL
TXN004599,C0374,P011,649.0,2026-08-23 20:25:00,FAILED,DEBIT_CARD,NONE
TXN004600,C0558,P013,1999.0,2026-08-23 14:49:00,SUCCESS,UPI,NONE
TXN004601,C0974,P005,1199.0,2026-07-19 08:45:00,FAILED,DEBIT_CARD,NONE
TXN004602,C0924,P003,2499.0,2026-03-24 13:03:00,SUCCESS,UPI,NONE
TXN004603,C0425,P007,1499.0,2026-04-01 17:18:00,SUCCESS,UPI,NONE
TXN004604,C0580,P017,849.0,2026-04-30 06:02:00,SUCCESS,DEBIT_CARD,NONE
TXN004605,C0847,P003,2499.0,2026-06-28 06:09:00,SUCCESS,UPI,NONE
TXN004606,C0419,P006,2899.0,2026-04-06 08:30:00,SUCCESS,DEBIT_CARD,NONE
TXN004607,C0318,P010,899.0,2026-08-01 23:00:00,SUCCESS,UPI,NONE
TXN004608,C0555,P018,3899.0,2026-04-24 11:30:00,SUCCESS,UPI,NONE
TXN004609,C0719,P002,699.0,2026-07-16 19:29:00,SUCCESS,UPI,NONE
TXN004610,C0154,P001,4999.0,2026-07-24 14:50:00,SUCCESS,CREDIT_CARD,NONE
TXN004611,C0004,P003,2499.0,2026-04-28 00:41:00,SUCCESS,UPI,NONE
TXN004612,C0408,P009,1899.0,2026-04-17 20:21:00,SUCCESS,UPI,NONE
TXN004613,C0070,P002,699.0,2026-06-23 23:34:00,SUCCESS,UPI,NONE
TXN004614,C0666,P001,4999.0,2026-08-06 00:50:00,SUCCESS,UPI,NONE
TXN004615,C0459,P009,1899.0,2026-06-22 06:08:00,SUCCESS,UPI,NONE
TXN004616,C0408,P002,699.0,2026-04-29 18:02:00,SUCCESS,CREDIT_CARD,NONE
TXN004617,C0556,P007,1499.0,2026-07-11 11:24:00,SUCCESS,NET_BANKING,NONE
TXN004618,C0506,P005,1199.0,2026-07-01 13:25:00,SUCCESS,UPI,NONE
TXN004619,C0660,P001,4999.0,2026-05-14 10:10:00,SUCCESS,UPI,NONE
TXN004620,C0457,P020,1699.0,2026-07-23 04:52:00,SUCCESS,UPI,NONE
TXN004621,C0760,P018,3899.0,2026-06-04 19:15:00,SUCCESS,UPI,NONE
TXN004622,C0008,P004,3499.0,2026-05-30 10:14:00,SUCCESS,UPI,NONE
TXN004623,C0624,P016,999.0,2026-03-13 07:59:00,SUCCESS,UPI,NONE
TXN004624,C0586,P005,1199.0,2026-08-20 08:06:00,SUCCESS,UPI,NONE
TXN004625,C0739,P012,1799.0,2026-07-30 04:46:00,FAILED,CREDIT_CARD,NONE
TXN004626,C0862,P001,4999.0,2026-06-23 17:19:00,SUCCESS,DEBIT_CARD,NONE
TXN004627,C0600,P011,649.0,2026-04-24 06:23:00,SUCCESS,DEBIT_CARD,NONE
TXN004628,C0988,P012,1799.0,2026-06-10 08:56:00,SUCCESS,UPI,NONE
TXN004629,C0619,P015,2999.0,2026-08-10 02:22:00,SUCCESS,UPI,NONE
TXN004630,C0807,P015,2999.0,2026-06-06 21:41:00,SUCCESS,CREDIT_CARD,NONE
TXN004631,C0811,P010,899.0,2026-07-16 02:25:00,SUCCESS,CREDIT_CARD,NONE
TXN004632,C0597,P014,799.0,2026-07-21 23:52:00,SUCCESS,UPI,NONE
TXN004633,C0948,P018,3899.0,2026-07-01 13:56:00,SUCCESS,UPI,NONE
TXN004634,C0976,P016,999.0,2026-05-08 04:12:00,SUCCESS,NET_BANKING,NONE
TXN004635,C0809,P015,2999.0,2026-05-01 06:04:00,SUCCESS,CREDIT_CARD,NONE
TXN004636,C0651,P010,899.0,2026-07-11 15:04:00,SUCCESS,UPI,NONE
TXN004637,C0919,P015,2999.0,2026-04-20 20:50:00,SUCCESS,UPI,NONE
TXN004638,C0371,P016,999.0,2026-08-03 01:03:00,SUCCESS,UPI,NONE
TXN004639,C0315,P008,1299.0,2026-04-20 14:19:00,SUCCESS,UPI,NONE
TXN004640,C0938,P019,749.0,2026-08-19 04:43:00,SUCCESS,NET_BANKING,NONE
TXN004641,C0657,P010,899.0,2026-07-30 02:30:00,SUCCESS,UPI,NONE
TXN004642,C0052,P001,4999.0,2026-08-18 17:42:00,SUCCESS,UPI,NONE
TXN004643,C0716,P012,1799.0,2026-04-30 04:30:00,SUCCESS,UPI,NONE
TXN004644,C0172,P013,1999.0,2026-05-25 13:11:00,SUCCESS,NET_BANKING,NONE
TXN004645,C0129,P012,1799.0,2026-06-25 16:51:00,SUCCESS,NET_BANKING,NONE
TXN004646,C0801,P020,1699.0,2026-07-03 10:22:00,SUCCESS,CREDIT_CARD,NONE
TXN004647,C0275,P002,699.0,2026-08-05 14:39:00,SUCCESS,UPI,NONE
TXN004648,C0967,P004,3499.0,2026-05-06 06:08:00,SUCCESS,UPI,NONE
TXN004649,C0068,P009,1899.0,2026-04-28 01:34:00,SUCCESS,UPI,NONE
TXN004650,C0900,P001,4999.0,2026-03-22 09:27:00,FAILED,UPI,NONE
TXN004651,C0223,P011,649.0,2026-03-27 19:13:00,SUCCESS,UPI,NONE
TXN004652,C0168,P006,2899.0,2026-04-05 18:20:00,SUCCESS,UPI,NONE
TXN004653,C0780,P011,649.0,2026-03-26 22:17:00,SUCCESS,UPI,NONE
TXN004654,C0807,P016,999.0,2026-08-10 00:45:00,SUCCESS,DEBIT_CARD,NONE
TXN004655,C0173,P006,2899.0,2026-05-13 06:13:00,SUCCESS,UPI,NONE
TXN004656,C0242,P013,1999.0,2026-06-09 11:58:00,SUCCESS,CREDIT_CARD,NONE
TXN004657,C0577,P001,4999.0,2026-04-06 10:15:00,SUCCESS,WALLET,NONE
TXN004658,C0308,P015,2999.0,2026-05-19 09:05:00,SUCCESS,DEBIT_CARD,NONE
TXN004659,C0150,P015,2999.0,2026-04-24 20:45:00,SUCCESS,DEBIT_CARD,NONE
TXN004660,C0326,P009,1899.0,2026-03-16 10:15:00,SUCCESS,NET_BANKING,NONE
TXN004661,C0255,P004,3499.0,2026-05-20 16:29:00,SUCCESS,UPI,NONE
TXN004662,C0768,P002,699.0,2026-05-12 21:37:00,SUCCESS,CREDIT_CARD,NONE
TXN004663,C0585,P008,1299.0,2026-03-25 05:41:00,SUCCESS,NET_BANKING,NONE
TXN004664,C0410,P019,749.0,2026-08-27 03:40:00,SUCCESS,DEBIT_CARD,NONE
TXN004665,C0688,P019,749.0,2026-07-15 13:38:00,SUCCESS,UPI,NONE
TXN004666,C0711,P008,1299.0,2026-06-06 21:48:00,SUCCESS,UPI,NONE
TXN004667,C0524,P004,3499.0,2026-07-06 04:59:00,SUCCESS,NET_BANKING,NONE
TXN004668,C0349,P008,1299.0,2026-03-22 14:47:00,REFUNDED,UPI,FULL
TXN004669,C0434,P010,899.0,2026-08-06 06:51:00,SUCCESS,UPI,NONE
TXN004670,C0260,P001,4999.0,2026-03-21 17:26:00,SUCCESS,UPI,NONE
TXN004671,C0470,P006,2899.0,2026-08-17 04:46:00,SUCCESS,UPI,NONE
TXN004672,C0075,P013,1999.0,2026-08-19 07:45:00,SUCCESS,DEBIT_CARD,NONE
TXN004673,C0839,P001,4999.0,2026-04-28 13:55:00,SUCCESS,UPI,NONE
TXN004674,C0548,P016,999.0,2026-08-17 17:43:00,SUCCESS,CREDIT_CARD,NONE
TXN004675,C0280,P005,1199.0,2026-07-23 15:08:00,SUCCESS,CREDIT_CARD,NONE
TXN004676,C0350,P013,1999.0,2026-06-14 09:55:00,SUCCESS,UPI,NONE
TXN004677,C0833,P012,1799.0,2026-08-09 07:40:00,SUCCESS,UPI,NONE
TXN004678,C0037,P016,999.0,2026-04-21 09:23:00,SUCCESS,UPI,NONE
TXN004679,C0751,P012,1799.0,2026-08-26 00:15:00,SUCCESS,CREDIT_CARD,NONE
TXN004680,C0318,P020,1699.0,2026-06-27 09:21:00,SUCCESS,CREDIT_CARD,NONE
TXN004681,C0342,P016,999.0,2026-06-12 00:29:00,SUCCESS,NET_BANKING,NONE
TXN004682,C0402,P014,799.0,2026-07-03 06:28:00,SUCCESS,CREDIT_CARD,NONE
TXN004683,C0285,P014,799.0,2026-06-30 11:07:00,SUCCESS,CREDIT_CARD,NONE
TXN004684,C0421,P005,1199.0,2026-08-11 14:18:00,SUCCESS,DEBIT_CARD,NONE
TXN004685,C0914,P014,799.0,2026-07-02 01:52:00,SUCCESS,UPI,NONE
TXN004686,C0470,P014,799.0,2026-08-13 01:58:00,SUCCESS,UPI,NONE
TXN004687,C0622,P018,3899.0,2026-03-15 23:28:00,SUCCESS,CREDIT_CARD,NONE
TXN004688,C0431,P020,1699.0,2026-05-08 21:04:00,SUCCESS,UPI,NONE
TXN004689,C0221,P014,799.0,2026-08-24 19:58:00,SUCCESS,CREDIT_CARD,NONE
TXN004690,C0112,P002,699.0,2026-08-11 02:12:00,SUCCESS,CREDIT_CARD,NONE
TXN004691,C0870,P002,699.0,2026-07-06 16:51:00,SUCCESS,UPI,NONE
TXN004692,C0513,P018,3899.0,2026-08-05 18:22:00,SUCCESS,UPI,NONE
TXN004693,C0998,P013,1999.0,2026-03-16 08:36:00,SUCCESS,NET_BANKING,NONE
TXN004694,C0117,P014,799.0,2026-04-22 20:15:00,SUCCESS,UPI,NONE
TXN004695,C0541,P012,1799.0,2026-05-15 16:58:00,SUCCESS,WALLET,NONE
TXN004696,C0677,P019,749.0,2026-05-26 01:35:00,SUCCESS,CREDIT_CARD,NONE
TXN004697,C0165,P013,1999.0,2026-05-01 06:27:00,SUCCESS,UPI,NONE
TXN004698,C0160,P016,999.0,2026-07-22 11:14:00,SUCCESS,CREDIT_CARD,NONE
TXN004699,C0690,P010,899.0,2026-05-09 07:20:00,SUCCESS,UPI,NONE
TXN004700,C0431,P010,899.0,2026-08-26 21:27:00,SUCCESS,UPI,NONE
TXN004701,C0800,P001,4999.0,2026-04-17 04:57:00,SUCCESS,CREDIT_CARD,NONE
TXN004702,C0976,P017,849.0,2026-03-30 17:20:00,SUCCESS,WALLET,NONE
TXN004703,C0657,P009,1899.0,2026-06-04 02:22:00,SUCCESS,UPI,NONE
TXN004704,C0914,P003,2499.0,2026-06-25 23:30:00,SUCCESS,UPI,NONE
TXN004705,C0446,P013,1999.0,2026-04-18 19:14:00,SUCCESS,UPI,NONE
TXN004706,C0890,P018,3899.0,2026-06-05 20:03:00,SUCCESS,UPI,NONE
TXN004707,C0363,P014,799.0,2026-08-20 00:18:00,SUCCESS,UPI,NONE
TXN004708,C0412,P007,1499.0,2026-06-15 04:01:00,SUCCESS,CREDIT_CARD,NONE
TXN004709,C0939,P015,2999.0,2026-07-08 17:01:00,SUCCESS,UPI,NONE
TXN004710,C0138,P012,1799.0,2026-04-18 00:33:00,SUCCESS,UPI,NONE
TXN004711,C0246,P016,999.0,2026-04-30 20:10:00,SUCCESS,UPI,NONE
TXN004712,C0102,P013,1999.0,2026-04-26 13:25:00,SUCCESS,UPI,NONE
TXN004713,C0165,P014,799.0,2026-08-04 00:42:00,SUCCESS,UPI,NONE
TXN004714,C0013,P004,3499.0,2026-07-26 03:18:00,FAILED,UPI,NONE
TXN004715,C0346,P011,649.0,2026-08-24 14:57:00,SUCCESS,WALLET,NONE
TXN004716,C0033,P017,849.0,2026-08-21 14:24:00,SUCCESS,UPI,NONE
TXN004717,C0214,P019,749.0,2026-04-26 23:20:00,SUCCESS,UPI,NONE
TXN004718,C0490,P005,1199.0,2026-06-12 23:54:00,SUCCESS,UPI,NONE
TXN004719,C0818,P010,899.0,2026-06-28 19:46:00,SUCCESS,CREDIT_CARD,NONE
TXN004720,C0031,P019,749.0,2026-08-11 02:46:00,SUCCESS,UPI,NONE
TXN004721,C0634,P008,1299.0,2026-08-26 20:16:00,SUCCESS,WALLET,NONE
TXN004722,C0449,P019,749.0,2026-04-08 15:34:00,SUCCESS,UPI,NONE
TXN004723,C0773,P013,1999.0,2026-07-22 19:21:00,SUCCESS,UPI,NONE
TXN004724,C0103,P017,849.0,2026-03-28 23:50:00,SUCCESS,UPI,NONE
TXN004725,C0797,P011,649.0,2026-03-22 23:57:00,SUCCESS,UPI,NONE
TXN004726,C0039,P005,1199.0,2026-07-05 02:58:00,SUCCESS,UPI,NONE
TXN004727,C0463,P004,3499.0,2026-07-15 00:55:00,SUCCESS,CREDIT_CARD,NONE
TXN004728,C0755,P002,699.0,2026-06-25 08:01:00,SUCCESS,UPI,NONE
TXN004729,C0791,P017,849.0,2026-08-28 01:56:00,SUCCESS,UPI,NONE
TXN004730,C0727,P018,3899.0,2026-08-02 06:47:00,SUCCESS,UPI,NONE
TXN004731,C0567,P010,899.0,2026-06-21 20:20:00,SUCCESS,UPI,NONE
TXN004732,C0391,P007,1499.0,2026-05-17 09:40:00,SUCCESS,UPI,NONE
TXN004733,C0331,P018,3899.0,2026-06-20 02:41:00,SUCCESS,UPI,NONE
TXN004734,C0819,P009,1899.0,2026-03-06 18:51:00,SUCCESS,UPI,NONE
TXN004735,C0403,P007,1499.0,2026-08-13 04:05:00,SUCCESS,UPI,NONE
TXN004736,C0308,P012,1799.0,2026-08-21 04:56:00,SUCCESS,DEBIT_CARD,NONE
TXN004737,C0936,P018,3899.0,2026-08-22 13:51:00,SUCCESS,UPI,NONE
TXN004738,C0602,P004,3499.0,2026-06-25 08:22:00,SUCCESS,CREDIT_CARD,NONE
TXN004739,C0419,P001,4999.0,2026-05-25 09:59:00,FAILED,UPI,NONE
TXN004740,C0895,P017,849.0,2026-04-07 12:53:00,SUCCESS,DEBIT_CARD,NONE
TXN004741,C0824,P020,1699.0,2026-07-29 12:40:00,SUCCESS,DEBIT_CARD,NONE
TXN004742,C0674,P020,1699.0,2026-07-26 02:14:00,SUCCESS,UPI,NONE
TXN004743,C0686,P007,1499.0,2026-06-18 09:58:00,SUCCESS,UPI,NONE
TXN004744,C0096,P007,1499.0,2026-08-13 19:54:00,SUCCESS,UPI,NONE
TXN004745,C0876,P018,3899.0,2026-03-22 08:41:00,REFUNDED,UPI,FULL
TXN004746,C0944,P003,2499.0,2026-03-05 13:46:00,SUCCESS,UPI,NONE
TXN004747,C0456,P019,749.0,2026-03-13 11:41:00,SUCCESS,UPI,NONE
TXN004748,C0370,P014,799.0,2026-08-30 17:13:00,SUCCESS,UPI,NONE
TXN004749,C0925,P013,1999.0,2026-05-07 08:42:00,SUCCESS,CREDIT_CARD,NONE
TXN004750,C0540,P007,1499.0,2026-08-14 11:48:00,SUCCESS,UPI,NONE
TXN004751,C0363,P013,1999.0,2026-06-23 01:30:00,SUCCESS,UPI,NONE
TXN004752,C0469,P011,649.0,2026-03-14 20:22:00,SUCCESS,UPI,NONE
TXN004753,C0744,P009,1899.0,2026-08-25 04:47:00,FAILED,DEBIT_CARD,NONE
TXN004754,C0265,P020,1699.0,2026-03-23 17:21:00,SUCCESS,NET_BANKING,NONE
TXN004755,C0004,P020,1699.0,2026-07-04 04:22:00,SUCCESS,UPI,NONE
TXN004756,C0766,P020,1699.0,2026-06-19 09:49:00,SUCCESS,CREDIT_CARD,NONE
TXN004757,C0308,P003,2499.0,2026-08-29 23:59:00,SUCCESS,UPI,NONE
TXN004758,C0829,P015,2999.0,2026-06-03 04:56:00,SUCCESS,CREDIT_CARD,NONE
TXN004759,C0357,P016,999.0,2026-05-22 04:55:00,SUCCESS,CREDIT_CARD,NONE
TXN004760,C0028,P018,3899.0,2026-03-29 23:19:00,SUCCESS,UPI,NONE
TXN004761,C0097,P006,2899.0,2026-06-10 04:35:00,FAILED,UPI,NONE
TXN004762,C0063,P009,1899.0,2026-05-11 02:27:00,SUCCESS,UPI,NONE
TXN004763,C0898,P018,3899.0,2026-05-26 15:20:00,SUCCESS,UPI,NONE
TXN004764,C0279,P017,849.0,2026-06-27 19:56:00,SUCCESS,UPI,NONE
TXN004765,C0253,P013,1999.0,2026-08-04 11:57:00,SUCCESS,NET_BANKING,NONE
TXN004766,C0480,P001,4999.0,2026-08-12 21:29:00,SUCCESS,NET_BANKING,NONE
TXN004767,C0228,P016,999.0,2026-06-11 17:02:00,SUCCESS,UPI,NONE
TXN004768,C0207,P002,699.0,2026-05-09 19:54:00,SUCCESS,UPI,NONE
TXN004769,C0453,P004,3499.0,2026-04-06 13:12:00,SUCCESS,UPI,NONE
TXN004770,C0038,P009,1899.0,2026-03-27 11:50:00,SUCCESS,NET_BANKING,NONE
TXN004771,C0301,P003,2499.0,2026-06-01 01:06:00,SUCCESS,UPI,NONE
TXN004772,C0233,P008,1299.0,2026-07-02 14:18:00,SUCCESS,UPI,NONE
TXN004773,C0748,P014,799.0,2026-03-05 01:37:00,SUCCESS,NET_BANKING,NONE
TXN004774,C0112,P016,999.0,2026-03-10 11:08:00,SUCCESS,UPI,NONE
TXN004775,C0250,P001,4999.0,2026-08-17 02:21:00,SUCCESS,CREDIT_CARD,NONE
TXN004776,C0185,P013,1999.0,2026-03-23 23:38:00,SUCCESS,UPI,NONE
TXN004777,C0115,P020,1699.0,2026-04-30 15:07:00,SUCCESS,UPI,NONE
TXN004778,C0466,P007,1499.0,2026-04-08 02:12:00,FAILED,UPI,NONE
TXN004779,C0519,P016,999.0,2026-07-24 05:10:00,SUCCESS,CREDIT_CARD,NONE
TXN004780,C0358,P017,849.0,2026-05-27 01:18:00,SUCCESS,UPI,NONE
TXN004781,C0887,P016,999.0,2026-03-15 23:25:00,SUCCESS,UPI,NONE
TXN004782,C0719,P003,2499.0,2026-07-01 03:24:00,SUCCESS,UPI,NONE
TXN004783,C0784,P016,999.0,2026-03-28 23:32:00,SUCCESS,NET_BANKING,NONE
TXN004784,C0375,P012,1799.0,2026-04-09 15:54:00,SUCCESS,UPI,NONE
TXN004785,C0328,P015,2999.0,2026-03-29 07:53:00,SUCCESS,DEBIT_CARD,NONE
TXN004786,C0140,P011,649.0,2026-08-24 23:16:00,SUCCESS,CREDIT_CARD,NONE
TXN004787,C0193,P012,1799.0,2026-06-24 23:41:00,SUCCESS,UPI,NONE
TXN004788,C0548,P020,1699.0,2026-05-09 11:54:00,SUCCESS,NET_BANKING,NONE
TXN004789,C0644,P011,649.0,2026-05-30 21:00:00,SUCCESS,DEBIT_CARD,NONE
TXN004790,C0735,P008,1299.0,2026-06-27 14:52:00,SUCCESS,UPI,NONE
TXN004791,C0102,P018,3899.0,2026-05-21 23:13:00,SUCCESS,UPI,NONE
TXN004792,C0330,P005,1199.0,2026-03-29 15:57:00,SUCCESS,UPI,NONE
TXN004793,C0178,P013,1999.0,2026-08-18 11:57:00,SUCCESS,CREDIT_CARD,NONE
TXN004794,C0816,P004,3499.0,2026-03-13 12:57:00,SUCCESS,UPI,NONE
TXN004795,C0076,P014,799.0,2026-08-12 17:31:00,SUCCESS,UPI,NONE
TXN004796,C0259,P020,1699.0,2026-03-23 19:55:00,SUCCESS,UPI,NONE
TXN004797,C0237,P001,4999.0,2026-08-18 14:13:00,SUCCESS,UPI,NONE
TXN004798,C0783,P007,1499.0,2026-04-18 02:18:00,SUCCESS,WALLET,NONE
TXN004799,C0640,P002,699.0,2026-03-09 14:04:00,SUCCESS,DEBIT_CARD,NONE
TXN004800,C0874,P013,1999.0,2026-05-01 07:48:00,SUCCESS,CREDIT_CARD,NONE
TXN004801,C0063,P009,1899.0,2026-03-14 03:27:00,SUCCESS,UPI,NONE
TXN004802,C0967,P015,2999.0,2026-03-24 04:20:00,SUCCESS,WALLET,NONE
TXN004803,C0962,P012,1799.0,2026-06-10 12:34:00,SUCCESS,UPI,NONE
TXN004804,C0074,P017,849.0,2026-04-13 07:04:00,SUCCESS,UPI,NONE
TXN004805,C0769,P003,2499.0,2026-04-18 12:35:00,SUCCESS,DEBIT_CARD,NONE
TXN004806,C0394,P003,2499.0,2026-03-20 15:20:00,SUCCESS,WALLET,NONE
TXN004807,C0030,P005,1199.0,2026-07-13 22:44:00,SUCCESS,CREDIT_CARD,NONE
TXN004808,C0447,P020,1699.0,2026-06-30 22:28:00,FAILED,UPI,NONE
TXN004809,C0424,P015,2999.0,2026-05-12 04:00:00,SUCCESS,DEBIT_CARD,NONE
TXN004810,C0801,P019,749.0,2026-03-14 09:15:00,SUCCESS,UPI,NONE
TXN004811,C0184,P011,649.0,2026-07-26 18:51:00,SUCCESS,DEBIT_CARD,NONE
TXN004812,C0412,P015,2999.0,2026-08-05 06:36:00,SUCCESS,DEBIT_CARD,NONE
TXN004813,C0598,P009,1899.0,2026-03-29 16:24:00,SUCCESS,UPI,NONE
TXN004814,C0959,P006,2899.0,2026-06-12 06:02:00,SUCCESS,UPI,NONE
TXN004815,C0265,P010,899.0,2026-03-08 19:43:00,SUCCESS,CREDIT_CARD,NONE
TXN004816,C0944,P014,799.0,2026-04-14 22:28:00,REFUNDED,UPI,FULL
TXN004817,C0119,P003,2499.0,2026-06-13 04:46:00,SUCCESS,UPI,NONE
TXN004818,C0620,P017,849.0,2026-08-25 01:25:00,SUCCESS,UPI,NONE
TXN004819,C0342,P011,649.0,2026-03-05 00:22:00,SUCCESS,CREDIT_CARD,NONE
TXN004820,C0058,P013,1999.0,2026-03-06 06:11:00,SUCCESS,UPI,NONE
TXN004821,C0625,P002,699.0,2026-07-19 00:24:00,SUCCESS,UPI,NONE
TXN004822,C0731,P009,1899.0,2026-05-24 04:31:00,SUCCESS,UPI,NONE
TXN004823,C0908,P013,1999.0,2026-05-21 12:59:00,SUCCESS,UPI,NONE
TXN004824,C0521,P010,899.0,2026-08-12 18:10:00,SUCCESS,UPI,NONE
TXN004825,C0353,P020,1699.0,2026-04-02 17:29:00,SUCCESS,UPI,NONE
TXN004826,C0467,P019,749.0,2026-07-11 16:07:00,SUCCESS,UPI,NONE
TXN004827,C0593,P011,649.0,2026-06-04 09:24:00,SUCCESS,NET_BANKING,NONE
TXN004828,C0261,P015,2999.0,2026-06-23 14:55:00,SUCCESS,UPI,NONE
TXN004829,C0222,P013,1999.0,2026-05-07 11:47:00,SUCCESS,CREDIT_CARD,NONE
TXN004830,C0985,P012,1799.0,2026-05-22 15:31:00,SUCCESS,DEBIT_CARD,NONE
TXN004831,C0165,P012,1799.0,2026-04-11 02:14:00,SUCCESS,DEBIT_CARD,NONE
TXN004832,C0032,P001,4999.0,2026-04-14 10:37:00,SUCCESS,UPI,NONE
TXN004833,C0761,P017,849.0,2026-03-05 07:24:00,SUCCESS,NET_BANKING,NONE
TXN004834,C0653,P018,3899.0,2026-07-26 19:31:00,FAILED,UPI,NONE
TXN004835,C0819,P004,3499.0,2026-08-20 20:17:00,SUCCESS,CREDIT_CARD,NONE
TXN004836,C0086,P006,2899.0,2026-03-21 21:46:00,REFUNDED,CREDIT_CARD,FULL
TXN004837,C0781,P010,899.0,2026-04-14 00:51:00,SUCCESS,UPI,NONE
TXN004838,C0007,P003,2499.0,2026-03-26 21:06:00,SUCCESS,UPI,NONE
TXN004839,C0558,P016,999.0,2026-06-27 14:56:00,SUCCESS,UPI,NONE
TXN004840,C0502,P020,1699.0,2026-03-05 22:12:00,SUCCESS,DEBIT_CARD,NONE
TXN004841,C0335,P003,2499.0,2026-07-21 16:14:00,SUCCESS,CREDIT_CARD,NONE
TXN004842,C0094,P001,4999.0,2026-08-27 00:04:00,SUCCESS,UPI,NONE
TXN004843,C0634,P010,899.0,2026-03-07 18:11:00,SUCCESS,UPI,NONE
TXN004844,C0440,P006,2899.0,2026-07-08 13:57:00,SUCCESS,UPI,NONE
TXN004845,C0463,P005,1199.0,2026-07-29 04:40:00,SUCCESS,UPI,NONE
TXN004846,C0542,P008,1299.0,2026-08-30 13:03:00,SUCCESS,UPI,NONE
TXN004847,C0146,P009,1899.0,2026-07-11 21:39:00,SUCCESS,CREDIT_CARD,NONE
TXN004848,C0446,P019,749.0,2026-07-25 18:59:00,SUCCESS,DEBIT_CARD,NONE
TXN004849,C0426,P013,1999.0,2026-07-06 08:33:00,SUCCESS,DEBIT_CARD,NONE
TXN004850,C0627,P013,1999.0,2026-04-10 20:14:00,SUCCESS,CREDIT_CARD,NONE
TXN004851,C0212,P001,4999.0,2026-06-27 00:43:00,SUCCESS,DEBIT_CARD,NONE
TXN004852,C0020,P013,1999.0,2026-08-05 22:35:00,SUCCESS,UPI,NONE
TXN004853,C0032,P018,3899.0,2026-06-19 02:10:00,SUCCESS,CREDIT_CARD,NONE
TXN004854,C0103,P011,649.0,2026-03-17 08:29:00,SUCCESS,UPI,NONE
TXN004855,C0969,P014,799.0,2026-03-07 06:27:00,SUCCESS,UPI,NONE
TXN004856,C0099,P004,3499.0,2026-06-01 11:40:00,SUCCESS,CREDIT_CARD,NONE
TXN004857,C0988,P014,799.0,2026-03-26 17:15:00,SUCCESS,UPI,NONE
TXN004858,C0792,P007,1499.0,2026-07-31 01:07:00,SUCCESS,UPI,NONE
TXN004859,C0164,P008,1299.0,2026-03-06 06:52:00,REFUNDED,CREDIT_CARD,FULL
TXN004860,C0958,P002,699.0,2026-06-08 19:07:00,REFUNDED,UPI,FULL
TXN004861,C0664,P015,2999.0,2026-03-22 02:45:00,SUCCESS,UPI,NONE
TXN004862,C0059,P010,899.0,2026-04-25 23:49:00,SUCCESS,NET_BANKING,NONE
TXN004863,C0693,P007,1499.0,2026-04-01 00:58:00,SUCCESS,CREDIT_CARD,NONE
TXN004864,C0937,P011,649.0,2026-07-22 01:40:00,SUCCESS,UPI,NONE
TXN004865,C0186,P015,2999.0,2026-05-08 13:26:00,SUCCESS,UPI,NONE
TXN004866,C0042,P008,1299.0,2026-08-09 21:43:00,SUCCESS,UPI,NONE
TXN004867,C0244,P001,4999.0,2026-06-27 00:09:00,SUCCESS,DEBIT_CARD,NONE
TXN004868,C0520,P001,4999.0,2026-04-01 20:53:00,SUCCESS,DEBIT_CARD,NONE
TXN004869,C0819,P010,899.0,2026-07-29 06:22:00,SUCCESS,WALLET,NONE
TXN004870,C0981,P011,649.0,2026-03-07 02:18:00,SUCCESS,CREDIT_CARD,NONE
TXN004871,C0186,P002,699.0,2026-06-08 12:10:00,SUCCESS,UPI,NONE
TXN004872,C0329,P015,2999.0,2026-04-26 16:22:00,SUCCESS,WALLET,NONE
TXN004873,C0697,P007,1499.0,2026-05-08 17:09:00,SUCCESS,UPI,NONE
TXN004874,C0313,P011,649.0,2026-05-03 22:51:00,SUCCESS,UPI,NONE
TXN004875,C0786,P004,3499.0,2026-08-09 00:00:00,REFUNDED,UPI,FULL
TXN004876,C0870,P012,1799.0,2026-04-17 17:31:00,SUCCESS,DEBIT_CARD,NONE
TXN004877,C0775,P004,3499.0,2026-06-02 14:01:00,SUCCESS,NET_BANKING,NONE
TXN004878,C0796,P007,1499.0,2026-07-10 23:15:00,SUCCESS,UPI,NONE
TXN004879,C0063,P001,4999.0,2026-04-22 05:43:00,SUCCESS,UPI,NONE
TXN004880,C0073,P005,1199.0,2026-03-12 19:20:00,SUCCESS,UPI,NONE
TXN004881,C0633,P008,1299.0,2026-08-29 14:02:00,SUCCESS,UPI,NONE
TXN004882,C0109,P004,3499.0,2026-06-28 12:07:00,SUCCESS,UPI,NONE
TXN004883,C0491,P019,749.0,2026-04-01 07:31:00,FAILED,UPI,NONE
TXN004884,C0713,P013,1999.0,2026-08-19 04:47:00,SUCCESS,UPI,NONE
TXN004885,C0554,P017,849.0,2026-03-11 00:04:00,SUCCESS,DEBIT_CARD,NONE
TXN004886,C0752,P018,3899.0,2026-03-26 19:35:00,SUCCESS,UPI,NONE
TXN004887,C0792,P009,1899.0,2026-07-01 17:31:00,SUCCESS,UPI,NONE
TXN004888,C0729,P019,749.0,2026-08-28 16:00:00,SUCCESS,UPI,NONE
TXN004889,C0292,P020,1699.0,2026-04-03 16:06:00,SUCCESS,CREDIT_CARD,NONE
TXN004890,C0844,P010,899.0,2026-06-22 01:31:00,SUCCESS,CREDIT_CARD,NONE
TXN004891,C0259,P010,899.0,2026-06-22 08:06:00,SUCCESS,NET_BANKING,NONE
TXN004892,C0596,P006,2899.0,2026-05-14 07:36:00,FAILED,CREDIT_CARD,NONE
TXN004893,C0670,P008,1299.0,2026-06-15 21:07:00,SUCCESS,UPI,NONE
TXN004894,C0706,P013,1999.0,2026-08-23 12:44:00,SUCCESS,UPI,NONE
TXN004895,C0942,P017,849.0,2026-07-08 16:27:00,SUCCESS,UPI,NONE
TXN004896,C0728,P019,749.0,2026-08-17 21:09:00,SUCCESS,UPI,NONE
TXN004897,C0990,P014,799.0,2026-05-29 19:06:00,SUCCESS,UPI,NONE
TXN004898,C0229,P016,999.0,2026-06-07 22:18:00,SUCCESS,WALLET,NONE
TXN004899,C0388,P016,999.0,2026-04-19 02:08:00,SUCCESS,UPI,NONE
TXN004900,C0040,P016,999.0,2026-03-07 05:57:00,SUCCESS,WALLET,NONE
TXN004901,C0101,P015,2999.0,2026-05-03 23:54:00,SUCCESS,DEBIT_CARD,NONE
TXN004902,C0881,P007,1499.0,2026-06-11 14:59:00,SUCCESS,CREDIT_CARD,NONE
TXN004903,C0521,P018,3899.0,2026-07-06 23:23:00,SUCCESS,UPI,NONE
TXN004904,C0733,P017,849.0,2026-06-10 03:00:00,SUCCESS,UPI,NONE
TXN004905,C0596,P019,749.0,2026-03-30 01:52:00,SUCCESS,NET_BANKING,NONE
TXN004906,C0785,P002,699.0,2026-07-15 04:55:00,FAILED,CREDIT_CARD,NONE
TXN004907,C0323,P007,1499.0,2026-07-21 21:45:00,SUCCESS,UPI,NONE
TXN004908,C0339,P004,3499.0,2026-06-19 16:32:00,SUCCESS,UPI,NONE
TXN004909,C0055,P007,1499.0,2026-07-27 07:45:00,SUCCESS,UPI,NONE
TXN004910,C0300,P014,799.0,2026-03-28 01:04:00,SUCCESS,UPI,NONE
TXN004911,C0366,P011,649.0,2026-05-29 00:16:00,REFUNDED,UPI,FULL
TXN004912,C0936,P005,1199.0,2026-08-22 10:34:00,SUCCESS,UPI,NONE
TXN004913,C0200,P014,799.0,2026-06-13 03:01:00,SUCCESS,NET_BANKING,NONE
TXN004914,C0281,P016,999.0,2026-05-23 08:11:00,SUCCESS,UPI,NONE
TXN004915,C0256,P020,1699.0,2026-08-07 15:51:00,SUCCESS,UPI,NONE
TXN004916,C0805,P001,4999.0,2026-05-16 01:59:00,SUCCESS,UPI,NONE
TXN004917,C0928,P005,1199.0,2026-07-19 07:02:00,SUCCESS,WALLET,NONE
TXN004918,C0672,P001,4999.0,2026-05-29 23:42:00,SUCCESS,UPI,NONE
TXN004919,C0362,P008,1299.0,2026-03-13 11:01:00,SUCCESS,UPI,NONE
TXN004920,C0831,P011,649.0,2026-04-05 01:57:00,SUCCESS,UPI,NONE
TXN004921,C0723,P011,649.0,2026-05-14 11:29:00,SUCCESS,UPI,NONE
TXN004922,C0621,P010,899.0,2026-07-07 04:19:00,SUCCESS,UPI,NONE
TXN004923,C0197,P019,749.0,2026-03-31 10:44:00,SUCCESS,CREDIT_CARD,NONE
TXN004924,C0030,P017,849.0,2026-07-16 13:13:00,SUCCESS,DEBIT_CARD,NONE
TXN004925,C0387,P005,1199.0,2026-05-14 17:59:00,SUCCESS,UPI,NONE
TXN004926,C0154,P002,699.0,2026-04-08 21:37:00,SUCCESS,NET_BANKING,NONE
TXN004927,C0411,P004,3499.0,2026-05-05 16:58:00,FAILED,UPI,NONE
TXN004928,C0025,P003,2499.0,2026-06-04 14:54:00,SUCCESS,UPI,NONE
TXN004929,C0599,P007,1499.0,2026-06-28 02:21:00,SUCCESS,UPI,NONE
TXN004930,C0488,P006,2899.0,2026-08-01 23:49:00,SUCCESS,CREDIT_CARD,NONE
TXN004931,C0199,P008,1299.0,2026-03-09 04:23:00,SUCCESS,CREDIT_CARD,NONE
TXN004932,C0075,P020,1699.0,2026-07-21 17:02:00,SUCCESS,UPI,NONE
TXN004933,C0151,P004,3499.0,2026-08-31 01:46:00,SUCCESS,UPI,NONE
TXN004934,C0178,P014,799.0,2026-08-21 10:03:00,SUCCESS,UPI,NONE
TXN004935,C0524,P008,1299.0,2026-03-16 21:32:00,SUCCESS,CREDIT_CARD,NONE
TXN004936,C0799,P002,699.0,2026-06-12 02:21:00,SUCCESS,UPI,NONE
TXN004937,C0555,P018,3899.0,2026-05-10 06:03:00,SUCCESS,UPI,NONE
TXN004938,C0410,P007,1499.0,2026-07-24 06:16:00,SUCCESS,CREDIT_CARD,NONE
TXN004939,C0766,P001,4999.0,2026-08-11 06:34:00,SUCCESS,WALLET,NONE
TXN004940,C0924,P010,899.0,2026-06-25 22:15:00,SUCCESS,UPI,NONE
TXN004941,C0332,P005,1199.0,2026-06-22 20:34:00,SUCCESS,UPI,NONE
TXN004942,C0839,P001,4999.0,2026-03-18 22:04:00,SUCCESS,DEBIT_CARD,NONE
TXN004943,C0160,P009,1899.0,2026-06-05 06:37:00,SUCCESS,UPI,NONE
TXN004944,C0477,P009,1899.0,2026-05-02 20:25:00,SUCCESS,DEBIT_CARD,NONE
TXN004945,C0453,P001,4999.0,2026-03-05 13:22:00,SUCCESS,UPI,NONE
TXN004946,C0480,P015,2999.0,2026-08-17 22:55:00,SUCCESS,UPI,NONE
TXN004947,C0513,P020,1699.0,2026-05-07 07:26:00,SUCCESS,UPI,NONE
TXN004948,C0063,P020,1699.0,2026-07-27 19:10:00,SUCCESS,WALLET,NONE
TXN004949,C0704,P003,2499.0,2026-03-19 23:44:00,SUCCESS,UPI,NONE
TXN004950,C0350,P007,1499.0,2026-04-27 09:19:00,SUCCESS,UPI,NONE
TXN004951,C0343,P013,1999.0,2026-05-21 18:28:00,SUCCESS,UPI,NONE
TXN004952,C0707,P013,1999.0,2026-05-27 02:30:00,SUCCESS,NET_BANKING,NONE
TXN004953,C0377,P003,2499.0,2026-07-25 21:23:00,SUCCESS,UPI,NONE
TXN004954,C0902,P006,2899.0,2026-06-25 07:25:00,SUCCESS,CREDIT_CARD,NONE
TXN004955,C0383,P009,1899.0,2026-08-09 23:10:00,SUCCESS,UPI,NONE
TXN004956,C0088,P020,1699.0,2026-04-10 14:44:00,SUCCESS,UPI,NONE
TXN004957,C0003,P004,3499.0,2026-05-03 11:16:00,SUCCESS,UPI,NONE
TXN004958,C0410,P016,999.0,2026-08-05 00:50:00,SUCCESS,UPI,NONE
TXN004959,C0106,P002,699.0,2026-05-03 02:57:00,SUCCESS,UPI,NONE
TXN004960,C0999,P018,3899.0,2026-04-05 00:14:00,SUCCESS,UPI,NONE
TXN004961,C0717,P005,1199.0,2026-03-19 02:34:00,SUCCESS,UPI,NONE
TXN004962,C0998,P003,2499.0,2026-08-08 10:01:00,FAILED,DEBIT_CARD,NONE
TXN004963,C0693,P016,999.0,2026-08-18 08:29:00,SUCCESS,UPI,NONE
TXN004964,C0744,P006,2899.0,2026-08-28 00:57:00,SUCCESS,UPI,NONE
TXN004965,C0579,P016,999.0,2026-07-20 14:12:00,SUCCESS,NET_BANKING,NONE
TXN004966,C0700,P020,1699.0,2026-07-18 10:55:00,SUCCESS,UPI,NONE
TXN004967,C0635,P016,999.0,2026-05-29 16:10:00,SUCCESS,UPI,NONE
TXN004968,C0472,P011,649.0,2026-03-21 04:05:00,SUCCESS,UPI,NONE
TXN004969,C0888,P015,2999.0,2026-06-13 03:07:00,SUCCESS,CREDIT_CARD,NONE
TXN004970,C0393,P020,1699.0,2026-06-25 14:19:00,SUCCESS,UPI,NONE
TXN004971,C0415,P010,899.0,2026-08-03 00:11:00,SUCCESS,CREDIT_CARD,NONE
TXN004972,C0041,P012,1799.0,2026-08-08 05:45:00,SUCCESS,UPI,NONE
TXN004973,C0628,P008,1299.0,2026-05-09 22:10:00,SUCCESS,CREDIT_CARD,NONE
TXN004974,C0790,P020,1699.0,2026-05-08 23:26:00,SUCCESS,UPI,NONE
TXN004975,C0386,P001,4999.0,2026-04-18 01:39:00,SUCCESS,UPI,NONE
TXN004976,C0815,P015,2999.0,2026-06-14 16:18:00,SUCCESS,UPI,NONE
TXN004977,C0306,P020,1699.0,2026-05-22 19:28:00,SUCCESS,UPI,NONE
TXN004978,C0627,P002,699.0,2026-04-22 10:47:00,SUCCESS,NET_BANKING,NONE
TXN004979,C0516,P013,1999.0,2026-07-19 02:13:00,SUCCESS,UPI,NONE
TXN004980,C0262,P009,1899.0,2026-06-08 11:24:00,SUCCESS,UPI,NONE
TXN004981,C0215,P006,2899.0,2026-06-26 00:12:00,SUCCESS,UPI,NONE
TXN004982,C0452,P019,749.0,2026-08-04 08:03:00,SUCCESS,UPI,NONE
TXN004983,C0059,P017,849.0,2026-05-27 13:05:00,SUCCESS,UPI,NONE
TXN004984,C0421,P014,799.0,2026-04-22 16:25:00,SUCCESS,CREDIT_CARD,NONE
TXN004985,C0611,P008,1299.0,2026-07-20 09:45:00,SUCCESS,UPI,NONE
TXN004986,C0121,P017,849.0,2026-03-14 05:57:00,SUCCESS,CREDIT_CARD,NONE
TXN004987,C0712,P007,1499.0,2026-03-18 03:16:00,SUCCESS,NET_BANKING,NONE
TXN004988,C0899,P002,699.0,2026-07-23 07:18:00,SUCCESS,DEBIT_CARD,NONE
TXN004989,C0355,P020,1699.0,2026-04-26 14:01:00,SUCCESS,UPI,NONE
TXN004990,C0340,P010,899.0,2026-04-14 06:08:00,SUCCESS,UPI,NONE
TXN004991,C0950,P016,999.0,2026-04-13 08:15:00,FAILED,UPI,NONE
TXN004992,C0482,P009,1899.0,2026-03-28 12:26:00,SUCCESS,UPI,NONE
TXN004993,C0006,P010,899.0,2026-07-17 17:45:00,FAILED,NET_BANKING,NONE
TXN004994,C0739,P018,3899.0,2026-06-27 14:30:00,SUCCESS,WALLET,NONE
TXN004995,C0083,P009,1899.0,2026-05-13 09:31:00,SUCCESS,UPI,NONE
TXN004996,C0049,P009,1899.0,2026-06-04 07:21:00,SUCCESS,DEBIT_CARD,NONE
TXN004997,C0457,P014,799.0,2026-03-25 19:27:00,SUCCESS,CREDIT_CARD,NONE
TXN004998,C0555,P017,849.0,2026-05-04 20:39:00,SUCCESS,UPI,NONE
TXN004999,C0265,P015,2999.0,2026-06-17 09:45:00,SUCCESS,UPI,NONE
TXN005000,C0626,P005,1199.0,2026-04-04 13:47:00,SUCCESS,UPI,NONE
